"dropdown_value","dropdown_text.x","document_link","link_text.x","earliest_year.x","correct_name","dropdown_text.y","link_text.y","earliest_year.y","com_name","PRO_COM_T","COMUNE","stat","year_earliest_statuto","Nomi_statuti","NOME","PRO_COM","DROP"
"Abbadia","Abbadia","https://www.senato.it/w3/Biblioteca/catalogoDegliStatutiMedievali.nsf/de148d287da34e08c1256e4c002f1718/584687f016b08db1c1256f9a00406632?OpenDocument","Badia Tedalda I 1, I - Statuti dei comuni, 1490-1724",1490,"Badia Tedalda","Badia Tedalda","Badia Tedalda I 1, I - Statuti dei comuni, 1490-1724",1490,"Badia Tedalda",51003,"Badia Tedalda",1,1490,NA,NA,NA,NA
"Abbadia Policinij","Abbadia Policinij","https://www.senato.it/w3/Biblioteca/catalogoDegliStatutiMedievali.nsf/de148d287da34e08c1256e4c002f1718/3dbdbfb75f19fa20c1256f9a004065e3?OpenDocument","Badia Polesine I 1, I - Statuti dei comuni, 1644",1644,"Badia Polesine","Badia Polesine","Badia Polesine I 1, I - Statuti dei comuni, 1644",1644,"Badia Polesine",29004,"Badia Polesine",1,1644,NA,NA,NA,NA
"Abbadia San Salvatore","Abbadia San Salvatore","https://www.senato.it/w3/Biblioteca/catalogoDegliStatutiMedievali.nsf/de148d287da34e08c1256e4c002f1718/5171a4e1e55d9ed5c1256f9a00404c2a?OpenDocument","Abbadia San Salvatore I 1, I - Statuti dei comuni, 1212",1212,"Abbadia San Salvatore","Abbadia San Salvatore","Abbadia San Salvatore I 1, I - Statuti dei comuni, 1212",1212,"Abbadia San Salvatore",52001,"Abbadia San Salvatore",1,1212,NA,NA,NA,NA
"Abbatia de Thedaldis","Abbatia de Thedaldis","https://www.senato.it/w3/Biblioteca/catalogoDegliStatutiMedievali.nsf/de148d287da34e08c1256e4c002f1718/584687f016b08db1c1256f9a00406632?OpenDocument","Badia Tedalda I 1, I - Statuti dei comuni, 1490-1724",1490,"Badia Tedalda","Badia Tedalda","Badia Tedalda I 1, I - Statuti dei comuni, 1490-1724",1490,"Badia Tedalda",51003,"Badia Tedalda",1,1490,NA,NA,NA,NA
"Accelum","Accelum","https://www.senato.it/w3/Biblioteca/catalogoDegliStatutiMedievali.nsf/de148d287da34e08c1256e4c002f1718/101bb73501a8c50bc1256f9a00405e80?OpenDocument","Asolo I 1, I - Statuti dei comuni, 1662-1670",1662,"Asolo","Asolo","Asolo I 1, I - Statuti dei comuni, 1662-1670",1662,"Asolo",26003,"Asolo",1,1662,NA,NA,NA,NA
"Acqui Terme","Acqui Terme","https://www.senato.it/w3/Biblioteca/catalogoDegliStatutiMedievali.nsf/de148d287da34e08c1256e4c002f1718/58a98fe6b8c9f689c1256f9a00404c91?OpenDocument","Acqui Terme I 1, I - Statuti dei comuni, 1277",1277,"Acqui Terme","Acqui Terme","Acqui Terme I 1, I - Statuti dei comuni, 1277",1277,"Acqui Terme",6001,"Acqui Terme",1,1277,NA,NA,NA,NA
"Adria","Adria","https://www.senato.it/w3/Biblioteca/catalogoDegliStatutiMedievali.nsf/de148d287da34e08c1256e4c002f1718/8c644fa78670df13c1256f9a00404cd5?OpenDocument","Adria I 1, I - Statuti dei comuni, 1442-1605",1442,"Adria","Adria","Adria I 1, I - Statuti dei comuni, 1442-1605",1442,"Adria",29001,"Adria",1,1442,NA,NA,NA,NA
"Adria dell'Abruzzo","Adria dell'Abruzzo","https://www.senato.it/w3/Biblioteca/catalogoDegliStatutiMedievali.nsf/de148d287da34e08c1256e4c002f1718/db3afe28314fd2f8c1256f9a00406214?OpenDocument","Atri I 1, I - Statuti dei comuni, 1336",1336,"Atri","Atri","Atri I 1, I - Statuti dei comuni, 1336",1336,"Atri",67004,"Atri",1,1336,NA,NA,NA,NA
"Aesium","Aesium","https://www.senato.it/w3/Biblioteca/catalogoDegliStatutiMedievali.nsf/de148d287da34e08c1256e4c002f1718/d0e0e9857f6a98c7c1256fa2005a50eb?OpenDocument","Iesi I 1, I - Statuti dei comuni, 1499",1499,"Jesi","Jesi","Iesi I 1, I - Statuti dei comuni, 1499",1499,"Jesi",42021,"Jesi",1,1499,NA,NA,NA,NA
"Agamium","Agamium","https://www.senato.it/w3/Biblioteca/catalogoDegliStatutiMedievali.nsf/de148d287da34e08c1256e4c002f1718/778ae3e3901124d4c1256fa2005a4787?OpenDocument","Ghemme I 1, I - Statuti dei comuni, 1614",1614,"Ghemme","Ghemme","Ghemme I 1, I - Statuti dei comuni, 1614",1614,"Ghemme",3073,"Ghemme",1,1614,NA,NA,NA,NA
"Agnela","Agnela","https://www.senato.it/w3/Biblioteca/catalogoDegliStatutiMedievali.nsf/de148d287da34e08c1256e4c002f1718/b8ca7143cb711926c1256fa40048c623?OpenDocument","Niella Tanaro I 1, I - Statuti dei comuni, 1280-1328",1280,"Niella Tanaro","Niella Tanaro","Niella Tanaro I 1, I - Statuti dei comuni, 1280-1328",1280,"Niella Tanaro",4151,"Niella Tanaro",1,1280,NA,NA,NA,NA
"Agobbio","Agobbio","https://www.senato.it/w3/Biblioteca/catalogoDegliStatutiMedievali.nsf/de148d287da34e08c1256e4c002f1718/fdc4a6a0497db419c1256fa2005a4f74?OpenDocument","Gubbio I 1, I - Statuti dei comuni, 1253-1287",1253,"Gubbio","Gubbio","Gubbio I 1, I - Statuti dei comuni, 1253-1287",1253,"Gubbio",54024,"Gubbio",1,1253,NA,NA,NA,NA
"Agrigento","Agrigento","https://www.senato.it/w3/Biblioteca/catalogoDegliStatutiMedievali.nsf/de148d287da34e08c1256e4c002f1718/ebc0375c468d5df0c1256f9a00404e3e?OpenDocument","Agrigento I 1, I - Statuti dei comuni, 1093-1304",1093,"Agrigento","Agrigento","Agrigento I 1, I - Statuti dei comuni, 1093-1304",1093,"Agrigento",84001,"Agrigento",1,1093,NA,NA,NA,NA
"Agrigentum","Agrigentum","https://www.senato.it/w3/Biblioteca/catalogoDegliStatutiMedievali.nsf/de148d287da34e08c1256e4c002f1718/ebc0375c468d5df0c1256f9a00404e3e?OpenDocument","Agrigento I 1, I - Statuti dei comuni, 1093-1304",1093,"Agrigento","Agrigento","Agrigento I 1, I - Statuti dei comuni, 1093-1304",1093,"Agrigento",84001,"Agrigento",1,1093,NA,NA,NA,NA
"Agubbio","Agubbio","https://www.senato.it/w3/Biblioteca/catalogoDegliStatutiMedievali.nsf/de148d287da34e08c1256e4c002f1718/fdc4a6a0497db419c1256fa2005a4f74?OpenDocument","Gubbio I 1, I - Statuti dei comuni, 1253-1287",1253,"Gubbio","Gubbio","Gubbio I 1, I - Statuti dei comuni, 1253-1287",1253,"Gubbio",54024,"Gubbio",1,1253,NA,NA,NA,NA
"Aieta","Aieta","https://www.senato.it/w3/Biblioteca/catalogoDegliStatutiMedievali.nsf/de148d287da34e08c1256e4c002f1718/f3e7d5b8f99137ecc1256f9a00404edd?OpenDocument","Aieta I 1, I - Statuti dei comuni, 1490",1490,"Aieta","Aieta","Aieta I 1, I - Statuti dei comuni, 1490",1490,"Aieta",78005,"Aieta",1,1490,NA,NA,NA,NA
"Alassio","Alassio","https://www.senato.it/w3/Biblioteca/catalogoDegliStatutiMedievali.nsf/de148d287da34e08c1256e4c002f1718/4514c9af5bab730fc1256f9a00404f1b?OpenDocument","Alassio I 1, I - Statuti dei comuni, 1514-1516",1514,"Alassio","Alassio","Alassio I 1, I - Statuti dei comuni, 1514-1516",1514,"Alassio",9001,"Alassio",1,1514,NA,NA,NA,NA
"Alatri","Alatri","https://www.senato.it/w3/Biblioteca/catalogoDegliStatutiMedievali.nsf/de148d287da34e08c1256e4c002f1718/f86fed6b57b24be0c1256fa8005423ed?OpenDocument","Alatri II2 1, II 2 - Confraternite",NA,"Alatri","Alatri","Alatri II2 1, II 2 - Confraternite",NA,"Alatri",60003,"Alatri",1,NA,NA,NA,NA,NA
"Alatrium","Alatrium","https://www.senato.it/w3/Biblioteca/catalogoDegliStatutiMedievali.nsf/de148d287da34e08c1256e4c002f1718/f86fed6b57b24be0c1256fa8005423ed?OpenDocument","Alatri II2 1, II 2 - Confraternite",NA,"Alatri","Alatri","Alatri II2 1, II 2 - Confraternite",NA,"Alatri",60003,"Alatri",1,NA,NA,NA,NA,NA
"Alatro","Alatro","https://www.senato.it/w3/Biblioteca/catalogoDegliStatutiMedievali.nsf/de148d287da34e08c1256e4c002f1718/f86fed6b57b24be0c1256fa8005423ed?OpenDocument","Alatri II2 1, II 2 - Confraternite",NA,"Alatri","Alatri","Alatri II2 1, II 2 - Confraternite",NA,"Alatri",60003,"Alatri",1,NA,NA,NA,NA,NA
"Alauda","Alauda","https://www.senato.it/w3/Biblioteca/catalogoDegliStatutiMedievali.nsf/de148d287da34e08c1256e4c002f1718/c8491121904e9c97c1256fa3005fb5ce?OpenDocument","Lodi I 1, I - Statuti dei comuni, 1198-1307",1198,"Lodi","Lodi","Lodi I 1, I - Statuti dei comuni, 1198-1307",1198,"Lodi",98031,"Lodi",1,1198,NA,NA,NA,NA
"Alba","Alba","https://www.senato.it/w3/Biblioteca/catalogoDegliStatutiMedievali.nsf/de148d287da34e08c1256e4c002f1718/db8645d06d19a25fc1256f9a00404f26?OpenDocument","Alba I 1, I - Statuti dei comuni, 1026-1511",1026,"Alba","Alba","Alba I 1, I - Statuti dei comuni, 1026-1511",1026,"Alba",4003,"Alba",1,1026,NA,NA,NA,NA
"Albano Laziale","Albano Laziale","https://www.senato.it/w3/Biblioteca/catalogoDegliStatutiMedievali.nsf/de148d287da34e08c1256e4c002f1718/1f860e37d5822c13c1256f9a00404fc6?OpenDocument","Albano Laziale I 1, I - Statuti dei comuni, 1662-1663",1662,"Albano Laziale","Albano Laziale","Albano Laziale I 1, I - Statuti dei comuni, 1662-1663",1662,"Albano Laziale",58003,"Albano Laziale",1,1662,NA,NA,NA,NA
"Albenga","Albenga","https://www.senato.it/w3/Biblioteca/catalogoDegliStatutiMedievali.nsf/de148d287da34e08c1256e4c002f1718/5d19549ae3d66751c1256f9a00404fd2?OpenDocument","Albenga I 1, I - Statuti dei comuni, 1179-1519",1179,"Albenga","Albenga","Albenga I 1, I - Statuti dei comuni, 1179-1519",1179,"Albenga",9002,"Albenga",1,1179,NA,NA,NA,NA
"Alberona","Alberona","https://www.senato.it/w3/Biblioteca/catalogoDegliStatutiMedievali.nsf/de148d287da34e08c1256e4c002f1718/203d9e7d30ae3fecc1256f9a0040508b?OpenDocument","Alberona I 1, I - Statuti dei comuni, 1488-1648",1488,"Alberona","Alberona","Alberona I 1, I - Statuti dei comuni, 1488-1648",1488,"Alberona",71002,"Alberona",1,1488,NA,NA,NA,NA
"Albiano d'Ivrea","Albiano d'Ivrea","https://www.senato.it/w3/Biblioteca/catalogoDegliStatutiMedievali.nsf/de148d287da34e08c1256e4c002f1718/58210ef549b20bb2c1256f9a00405099?OpenDocument","Albiano D'Ivrea I 1, I - Statuti dei comuni, 1429",1429,"Albiano d'Ivrea","Albiano d'Ivrea","Albiano D'Ivrea I 1, I - Statuti dei comuni, 1429",1429,"Albiano d'Ivrea",1004,"Albiano d'Ivrea",1,1429,NA,NA,NA,NA
"Albianum","Albianum","https://www.senato.it/w3/Biblioteca/catalogoDegliStatutiMedievali.nsf/de148d287da34e08c1256e4c002f1718/58210ef549b20bb2c1256f9a00405099?OpenDocument","Albiano D'Ivrea I 1, I - Statuti dei comuni, 1429",1429,"Albiano d'Ivrea","Albiano d'Ivrea","Albiano D'Ivrea I 1, I - Statuti dei comuni, 1429",1429,"Albiano d'Ivrea",1004,"Albiano d'Ivrea",1,1429,NA,NA,NA,NA
"Albinga","Albinga","https://www.senato.it/w3/Biblioteca/catalogoDegliStatutiMedievali.nsf/de148d287da34e08c1256e4c002f1718/5d19549ae3d66751c1256f9a00404fd2?OpenDocument","Albenga I 1, I - Statuti dei comuni, 1179-1519",1179,"Albenga","Albenga","Albenga I 1, I - Statuti dei comuni, 1179-1519",1179,"Albenga",9002,"Albenga",1,1179,NA,NA,NA,NA
"Albingaunum","Albingaunum","https://www.senato.it/w3/Biblioteca/catalogoDegliStatutiMedievali.nsf/de148d287da34e08c1256e4c002f1718/5d19549ae3d66751c1256f9a00404fd2?OpenDocument","Albenga I 1, I - Statuti dei comuni, 1179-1519",1179,"Albenga","Albenga","Albenga I 1, I - Statuti dei comuni, 1179-1519",1179,"Albenga",9002,"Albenga",1,1179,NA,NA,NA,NA
"Albisola Superiore","Albisola Superiore","https://www.senato.it/w3/Biblioteca/catalogoDegliStatutiMedievali.nsf/de148d287da34e08c1256e4c002f1718/5c200805d0cb9e49c12571e6003be1fc?OpenDocument","Albisola II 1, II 1 - Corporazioni",NA,"Albisola Superiore","Albisola Superiore","Albisola II 1, II 1 - Corporazioni",NA,"Albisola Superiore",9004,"Albisola Superiore",1,NA,NA,NA,NA,NA
"Alcamo","Alcamo","https://www.senato.it/w3/Biblioteca/catalogoDegliStatutiMedievali.nsf/de148d287da34e08c1256e4c002f1718/916e29b5675caeefc1256f9a0040510e?OpenDocument","Alcamo I 1, I - Statuti dei comuni, 1223-1630",1223,"Alcamo","Alcamo","Alcamo I 1, I - Statuti dei comuni, 1223-1630",1223,"Alcamo",81001,"Alcamo",1,1223,NA,NA,NA,NA
"Alcamus","Alcamus","https://www.senato.it/w3/Biblioteca/catalogoDegliStatutiMedievali.nsf/de148d287da34e08c1256e4c002f1718/916e29b5675caeefc1256f9a0040510e?OpenDocument","Alcamo I 1, I - Statuti dei comuni, 1223-1630",1223,"Alcamo","Alcamo","Alcamo I 1, I - Statuti dei comuni, 1223-1630",1223,"Alcamo",81001,"Alcamo",1,1223,NA,NA,NA,NA
"Alebium","Alebium","https://www.senato.it/w3/Biblioteca/catalogoDegliStatutiMedievali.nsf/de148d287da34e08c1256e4c002f1718/7da944c57c7c9641c1256f9a0056f59c?OpenDocument","Delebio I 1, I - Statuti dei comuni, 1204",1204,"Delebio","Delebio","Delebio I 1, I - Statuti dei comuni, 1204",1204,"Delebio",14026,"Delebio",1,1204,NA,NA,NA,NA
"Alessandria","Alessandria","https://www.senato.it/w3/Biblioteca/catalogoDegliStatutiMedievali.nsf/de148d287da34e08c1256e4c002f1718/e2ff765e5db4167ac1256f9a0040513d?OpenDocument","Alessandria I 1, I - Statuti dei comuni, 1179",1179,"Alessandria","Alessandria","Alessandria I 1, I - Statuti dei comuni, 1179",1179,"Alessandria",6003,"Alessandria",1,1179,NA,NA,NA,NA
"Alessandria della Paglia","Alessandria della Paglia","https://www.senato.it/w3/Biblioteca/catalogoDegliStatutiMedievali.nsf/de148d287da34e08c1256e4c002f1718/e2ff765e5db4167ac1256f9a0040513d?OpenDocument","Alessandria I 1, I - Statuti dei comuni, 1179",1179,"Alessandria","Alessandria","Alessandria I 1, I - Statuti dei comuni, 1179",1179,"Alessandria",6003,"Alessandria",1,1179,NA,NA,NA,NA
"Alexandria","Alexandria","https://www.senato.it/w3/Biblioteca/catalogoDegliStatutiMedievali.nsf/de148d287da34e08c1256e4c002f1718/e2ff765e5db4167ac1256f9a0040513d?OpenDocument","Alessandria I 1, I - Statuti dei comuni, 1179",1179,"Alessandria","Alessandria","Alessandria I 1, I - Statuti dei comuni, 1179",1179,"Alessandria",6003,"Alessandria",1,1179,NA,NA,NA,NA
"Algaria","Algaria","https://www.senato.it/w3/Biblioteca/catalogoDegliStatutiMedievali.nsf/de148d287da34e08c1256e4c002f1718/d507dc2909b2202dc1256f9a004052f4?OpenDocument","Alghero I 1, I - Statuti dei comuni, 1582-1649",1582,"Alghero","Alghero","Alghero I 1, I - Statuti dei comuni, 1582-1649",1582,"Alghero",90003,"Alghero",1,1582,NA,NA,NA,NA
"Alghero","Alghero","https://www.senato.it/w3/Biblioteca/catalogoDegliStatutiMedievali.nsf/de148d287da34e08c1256e4c002f1718/d507dc2909b2202dc1256f9a004052f4?OpenDocument","Alghero I 1, I - Statuti dei comuni, 1582-1649",1582,"Alghero","Alghero","Alghero I 1, I - Statuti dei comuni, 1582-1649",1582,"Alghero",90003,"Alghero",1,1582,NA,NA,NA,NA
"Alguer","Alguer","https://www.senato.it/w3/Biblioteca/catalogoDegliStatutiMedievali.nsf/de148d287da34e08c1256e4c002f1718/d507dc2909b2202dc1256f9a004052f4?OpenDocument","Alghero I 1, I - Statuti dei comuni, 1582-1649",1582,"Alghero","Alghero","Alghero I 1, I - Statuti dei comuni, 1582-1649",1582,"Alghero",90003,"Alghero",1,1582,NA,NA,NA,NA
"Alice Castello","Alice Castello","https://www.senato.it/w3/Biblioteca/catalogoDegliStatutiMedievali.nsf/de148d287da34e08c1256e4c002f1718/284076a3a300b981c1256f9a004052ff?OpenDocument","Alice Castello I 1, I - Statuti dei comuni, 1514",1514,"Alice Castello","Alice Castello","Alice Castello I 1, I - Statuti dei comuni, 1514",1514,"Alice Castello",2004,"Alice Castello",1,1514,NA,NA,NA,NA
"Alice Inferiore","Alice Inferiore","https://www.senato.it/w3/Biblioteca/catalogoDegliStatutiMedievali.nsf/de148d287da34e08c1256e4c002f1718/284076a3a300b981c1256f9a004052ff?OpenDocument","Alice Castello I 1, I - Statuti dei comuni, 1514",1514,"Alice Castello","Alice Castello","Alice Castello I 1, I - Statuti dei comuni, 1514",1514,"Alice Castello",2004,"Alice Castello",1,1514,NA,NA,NA,NA
"Allaxium","Allaxium","https://www.senato.it/w3/Biblioteca/catalogoDegliStatutiMedievali.nsf/de148d287da34e08c1256e4c002f1718/4514c9af5bab730fc1256f9a00404f1b?OpenDocument","Alassio I 1, I - Statuti dei comuni, 1514-1516",1514,"Alassio","Alassio","Alassio I 1, I - Statuti dei comuni, 1514-1516",1514,"Alassio",9001,"Alassio",1,1514,NA,NA,NA,NA
"Almenno","Almenno","https://www.senato.it/w3/Biblioteca/catalogoDegliStatutiMedievali.nsf/de148d287da34e08c1256e4c002f1718/50dcf9db11e3a6a2c1256f9a00405364?OpenDocument","Almenno I 1, I - Statuti dei comuni, 1428",1428,"Almenno San Bartolomeo","Almenno San Bartolomeo","Almenno I 1, I - Statuti dei comuni, 1428",1428,"Almenno San Bartolomeo",16006,"Almenno San Bartolomeo",1,1428,NA,NA,NA,NA
"Almenno San Bartolomeo","Almenno San Bartolomeo","https://www.senato.it/w3/Biblioteca/catalogoDegliStatutiMedievali.nsf/de148d287da34e08c1256e4c002f1718/50dcf9db11e3a6a2c1256f9a00405364?OpenDocument","Almenno I 1, I - Statuti dei comuni, 1428",1428,"Almenno San Bartolomeo","Almenno San Bartolomeo","Almenno I 1, I - Statuti dei comuni, 1428",1428,"Almenno San Bartolomeo",16006,"Almenno San Bartolomeo",1,1428,NA,NA,NA,NA
"Almenno San Salvatore","Almenno San Salvatore","https://www.senato.it/w3/Biblioteca/catalogoDegliStatutiMedievali.nsf/de148d287da34e08c1256e4c002f1718/7ea862174efce65ec1257e110050e8f6?OpenDocument","Almenno I 1, I - Statuti dei comuni, 1428",1428,"Almenno San Salvatore","Almenno San Salvatore","Almenno I 1, I - Statuti dei comuni, 1428",1428,"Almenno San Salvatore",16007,"Almenno San Salvatore",1,1428,NA,NA,NA,NA
"Alpignano","Alpignano","https://www.senato.it/w3/Biblioteca/catalogoDegliStatutiMedievali.nsf/de148d287da34e08c1256e4c002f1718/c3f4809b4e6e06f7c1256f9a00405382?OpenDocument","Alpignano I 1, I - Statuti dei comuni, 1726-1740",1726,"Alpignano","Alpignano","Alpignano I 1, I - Statuti dei comuni, 1726-1740",1726,"Alpignano",1008,"Alpignano",1,1726,NA,NA,NA,NA
"Altare","Altare","https://www.senato.it/w3/Biblioteca/catalogoDegliStatutiMedievali.nsf/de148d287da34e08c1256e4c002f1718/dc8f1d649e67800ec1256f9a004053b1?OpenDocument","Altare II 1, II 1 - Corporazioni",NA,"Altare","Altare","Altare II 1, II 1 - Corporazioni",NA,"Altare",9005,"Altare",1,NA,NA,NA,NA,NA
"Altariva","Altariva","https://www.senato.it/w3/Biblioteca/catalogoDegliStatutiMedievali.nsf/de148d287da34e08c1256e4c002f1718/a81bfe49df116135c1256fac003eeb37?OpenDocument","Riesi I 1, I - Statuti dei comuni, 1617",1617,"Riesi","Riesi","Riesi I 1, I - Statuti dei comuni, 1617",1617,"Riesi",85015,"Riesi",1,1617,NA,NA,NA,NA
"Altomonte","Altomonte","https://www.senato.it/w3/Biblioteca/catalogoDegliStatutiMedievali.nsf/de148d287da34e08c1256e4c002f1718/4c2b3328a729f70bc1256f9a004053c5?OpenDocument","Altomonte I 1, I - Statuti dei comuni, 1602",1602,"Altomonte","Altomonte","Altomonte I 1, I - Statuti dei comuni, 1602",1602,"Altomonte",78009,"Altomonte",1,1602,NA,NA,NA,NA
"Alvito","Alvito","https://www.senato.it/w3/Biblioteca/catalogoDegliStatutiMedievali.nsf/de148d287da34e08c1256e4c002f1718/690b92fe408034d3c1256f9a004053e4?OpenDocument","Alvito I 1, I - Statuti dei comuni, 1492",1492,"Alvito","Alvito","Alvito I 1, I - Statuti dei comuni, 1492",1492,"Alvito",60004,"Alvito",1,1492,NA,NA,NA,NA
"Alzano di Sotto","Alzano di Sotto","https://www.senato.it/w3/Biblioteca/catalogoDegliStatutiMedievali.nsf/de148d287da34e08c1256e4c002f1718/adfe1a6f5c8eb517c1256f9a004053f2?OpenDocument","Alzano Lombardo I 1, I - Statuti dei comuni, 1504-1659",1504,"Alzano Lombardo","Alzano Lombardo","Alzano Lombardo I 1, I - Statuti dei comuni, 1504-1659",1504,"Alzano Lombardo",16008,"Alzano Lombardo",1,1504,NA,NA,NA,NA
"Alzano Lombardo","Alzano Lombardo","https://www.senato.it/w3/Biblioteca/catalogoDegliStatutiMedievali.nsf/de148d287da34e08c1256e4c002f1718/adfe1a6f5c8eb517c1256f9a004053f2?OpenDocument","Alzano Lombardo I 1, I - Statuti dei comuni, 1504-1659",1504,"Alzano Lombardo","Alzano Lombardo","Alzano Lombardo I 1, I - Statuti dei comuni, 1504-1659",1504,"Alzano Lombardo",16008,"Alzano Lombardo",1,1504,NA,NA,NA,NA
"Alzano Maggiore","Alzano Maggiore","https://www.senato.it/w3/Biblioteca/catalogoDegliStatutiMedievali.nsf/de148d287da34e08c1256e4c002f1718/adfe1a6f5c8eb517c1256f9a004053f2?OpenDocument","Alzano Lombardo I 1, I - Statuti dei comuni, 1504-1659",1504,"Alzano Lombardo","Alzano Lombardo","Alzano Lombardo I 1, I - Statuti dei comuni, 1504-1659",1504,"Alzano Lombardo",16008,"Alzano Lombardo",1,1504,NA,NA,NA,NA
"Amalfi","Amalfi","https://www.senato.it/w3/Biblioteca/catalogoDegliStatutiMedievali.nsf/de148d287da34e08c1256e4c002f1718/e460c6b8758c6316c1256f9a00405441?OpenDocument","Amalfi I 1, I - Statuti dei comuni, sec. XII-XIV",NA,"Amalfi","Amalfi","Amalfi I 1, I - Statuti dei comuni, sec. XII-XIV",NA,"Amalfi",65006,"Amalfi",1,NA,NA,NA,NA,NA
"Amalpha","Amalpha","https://www.senato.it/w3/Biblioteca/catalogoDegliStatutiMedievali.nsf/de148d287da34e08c1256e4c002f1718/e460c6b8758c6316c1256f9a00405441?OpenDocument","Amalfi I 1, I - Statuti dei comuni, sec. XII-XIV",NA,"Amalfi","Amalfi","Amalfi I 1, I - Statuti dei comuni, sec. XII-XIV",NA,"Amalfi",65006,"Amalfi",1,NA,NA,NA,NA,NA
"Amalphia","Amalphia","https://www.senato.it/w3/Biblioteca/catalogoDegliStatutiMedievali.nsf/de148d287da34e08c1256e4c002f1718/e460c6b8758c6316c1256f9a00405441?OpenDocument","Amalfi I 1, I - Statuti dei comuni, sec. XII-XIV",NA,"Amalfi","Amalfi","Amalfi I 1, I - Statuti dei comuni, sec. XII-XIV",NA,"Amalfi",65006,"Amalfi",1,NA,NA,NA,NA,NA
"Amandola","Amandola","https://www.senato.it/w3/Biblioteca/catalogoDegliStatutiMedievali.nsf/de148d287da34e08c1256e4c002f1718/d6ad883a4a6d0329c1256f9a00405529?OpenDocument","Amandola I 1, I - Statuti dei comuni, 1470-1541",1470,"Amandola","Amandola","Amandola I 1, I - Statuti dei comuni, 1470-1541",1470,"Amandola",109002,"Amandola",1,1470,NA,NA,NA,NA
"Amandula","Amandula","https://www.senato.it/w3/Biblioteca/catalogoDegliStatutiMedievali.nsf/de148d287da34e08c1256e4c002f1718/d6ad883a4a6d0329c1256f9a00405529?OpenDocument","Amandola I 1, I - Statuti dei comuni, 1470-1541",1470,"Amandola","Amandola","Amandola I 1, I - Statuti dei comuni, 1470-1541",1470,"Amandola",109002,"Amandola",1,1470,NA,NA,NA,NA
"Amatrice","Amatrice","https://www.senato.it/w3/Biblioteca/catalogoDegliStatutiMedievali.nsf/de148d287da34e08c1256e4c002f1718/ed6b05a2cba03f09c1256f9a00405546?OpenDocument","Amatrice I 1, I - Statuti dei comuni, 1491",1491,"Amatrice","Amatrice","Amatrice I 1, I - Statuti dei comuni, 1491",1491,"Amatrice",57002,"Amatrice",1,1491,NA,NA,NA,NA
"Amatrix","Amatrix","https://www.senato.it/w3/Biblioteca/catalogoDegliStatutiMedievali.nsf/de148d287da34e08c1256e4c002f1718/ed6b05a2cba03f09c1256f9a00405546?OpenDocument","Amatrice I 1, I - Statuti dei comuni, 1491",1491,"Amatrice","Amatrice","Amatrice I 1, I - Statuti dei comuni, 1491",1491,"Amatrice",57002,"Amatrice",1,1491,NA,NA,NA,NA
"Ameglia","Ameglia","https://www.senato.it/w3/Biblioteca/catalogoDegliStatutiMedievali.nsf/de148d287da34e08c1256e4c002f1718/d4ab9764e439e961c1256f9a0040558f?OpenDocument","Ameglia I 1, I - Statuti dei comuni, 1596-1598",1596,"Ameglia","Ameglia","Ameglia I 1, I - Statuti dei comuni, 1596-1598",1596,"Ameglia",11001,"Ameglia",1,1596,NA,NA,NA,NA
"Amelia","Amelia","https://www.senato.it/w3/Biblioteca/catalogoDegliStatutiMedievali.nsf/de148d287da34e08c1256e4c002f1718/0bbf35d0dea969f2c1256f9a004055aa?OpenDocument","Amelia I 1, I - Statuti dei comuni, 1441-1567",1441,"Amelia","Amelia","Amelia I 1, I - Statuti dei comuni, 1441-1567",1441,"Amelia",55004,"Amelia",1,1441,NA,NA,NA,NA
"Amendolara","Amendolara","https://www.senato.it/w3/Biblioteca/catalogoDegliStatutiMedievali.nsf/de148d287da34e08c1256e4c002f1718/5904236959ce491bc1256f9a00405635?OpenDocument","Amendolara I 1, I - Statuti dei comuni, 1491",1491,"Amendolara","Amendolara","Amendolara I 1, I - Statuti dei comuni, 1491",1491,"Amendolara",78011,"Amendolara",1,1491,NA,NA,NA,NA
"Ameria","Ameria","https://www.senato.it/w3/Biblioteca/catalogoDegliStatutiMedievali.nsf/de148d287da34e08c1256e4c002f1718/0bbf35d0dea969f2c1256f9a004055aa?OpenDocument","Amelia I 1, I - Statuti dei comuni, 1441-1567",1441,"Amelia","Amelia","Amelia I 1, I - Statuti dei comuni, 1441-1567",1441,"Amelia",55004,"Amelia",1,1441,NA,NA,NA,NA
"Ampezzo","Ampezzo","https://www.senato.it/w3/Biblioteca/catalogoDegliStatutiMedievali.nsf/de148d287da34e08c1256e4c002f1718/d515d13bc9a66bd5c1256f9a00405641?OpenDocument","Ampezzo I 1, I - Statuti dei comuni, sec. XVI-XVII",NA,"Ampezzo","Ampezzo","Ampezzo I 1, I - Statuti dei comuni, sec. XVI-XVII",NA,"Ampezzo",30003,"Ampezzo",1,NA,NA,NA,NA,NA
"Anagni","Anagni","https://www.senato.it/w3/Biblioteca/catalogoDegliStatutiMedievali.nsf/de148d287da34e08c1256e4c002f1718/8f60c9db9d685879c1256f9a0040564c?OpenDocument","Anagni I 1, I - Statuti dei comuni, sec. XIV",NA,"Anagni","Anagni","Anagni I 1, I - Statuti dei comuni, sec. XIV",NA,"Anagni",60006,"Anagni",1,NA,NA,NA,NA,NA
"Anagnia","Anagnia","https://www.senato.it/w3/Biblioteca/catalogoDegliStatutiMedievali.nsf/de148d287da34e08c1256e4c002f1718/8f60c9db9d685879c1256f9a0040564c?OpenDocument","Anagni I 1, I - Statuti dei comuni, sec. XIV",NA,"Anagni","Anagni","Anagni I 1, I - Statuti dei comuni, sec. XIV",NA,"Anagni",60006,"Anagni",1,NA,NA,NA,NA,NA
"Ancona","Ancona","https://www.senato.it/w3/Biblioteca/catalogoDegliStatutiMedievali.nsf/de148d287da34e08c1256e4c002f1718/2627b68d27091b61c1256f9a004056ab?OpenDocument","Ancona I 1, I - Statuti dei comuni, 1390-1516",1390,"Ancona","Ancona","Ancona I 1, I - Statuti dei comuni, 1390-1516",1390,"Ancona",42002,"Ancona",1,1390,NA,NA,NA,NA
"Andorno Micca","Andorno Micca","https://www.senato.it/w3/Biblioteca/catalogoDegliStatutiMedievali.nsf/de148d287da34e08c1256e4c002f1718/27395c615fc2979bc1256f9a0040581f?OpenDocument","Andorno Micca I 1, I - Statuti dei comuni, 1263-1290",1263,"Andorno Micca","Andorno Micca","Andorno Micca I 1, I - Statuti dei comuni, 1263-1290",1263,"Andorno Micca",96002,"Andorno Micca",1,1263,NA,NA,NA,NA
"Andrate","Andrate","https://www.senato.it/w3/Biblioteca/catalogoDegliStatutiMedievali.nsf/de148d287da34e08c1256e4c002f1718/28e33e27320679ccc1256f9a0040582c?OpenDocument","Andrate I 1, I - Statuti dei comuni, 1310-1422",1310,"Andrate","Andrate","Andrate I 1, I - Statuti dei comuni, 1310-1422",1310,"Andrate",1010,"Andrate",1,1310,NA,NA,NA,NA
"Andria","Andria","https://www.senato.it/w3/Biblioteca/catalogoDegliStatutiMedievali.nsf/de148d287da34e08c1256e4c002f1718/23c1d5caabac9cb4c1256f9a0040583a?OpenDocument","Andria I 1, I - Statuti dei comuni, 1489",1489,"Andria","Andria","Andria I 1, I - Statuti dei comuni, 1489",1489,"Andria",110001,"Andria",1,1489,NA,NA,NA,NA
"Andurnum","Andurnum","https://www.senato.it/w3/Biblioteca/catalogoDegliStatutiMedievali.nsf/de148d287da34e08c1256e4c002f1718/27395c615fc2979bc1256f9a0040581f?OpenDocument","Andorno Micca I 1, I - Statuti dei comuni, 1263-1290",1263,"Andorno Micca","Andorno Micca","Andorno Micca I 1, I - Statuti dei comuni, 1263-1290",1263,"Andorno Micca",96002,"Andorno Micca",1,1263,NA,NA,NA,NA
"Anghiari","Anghiari","https://www.senato.it/w3/Biblioteca/catalogoDegliStatutiMedievali.nsf/de148d287da34e08c1256e4c002f1718/bbdc8512b47e4e3dc1256f9a00405856?OpenDocument","Anghiari I 1, I - Statuti dei comuni, sec. XIII",NA,"Anghiari","Anghiari","Anghiari I 1, I - Statuti dei comuni, sec. XIII",NA,"Anghiari",51001,"Anghiari",1,NA,NA,NA,NA,NA
"Anglaris","Anglaris","https://www.senato.it/w3/Biblioteca/catalogoDegliStatutiMedievali.nsf/de148d287da34e08c1256e4c002f1718/bbdc8512b47e4e3dc1256f9a00405856?OpenDocument","Anghiari I 1, I - Statuti dei comuni, sec. XIII",NA,"Anghiari","Anghiari","Anghiari I 1, I - Statuti dei comuni, sec. XIII",NA,"Anghiari",51001,"Anghiari",1,NA,NA,NA,NA,NA
"Anoalis","Anoalis","https://www.senato.it/w3/Biblioteca/catalogoDegliStatutiMedievali.nsf/de148d287da34e08c1256e4c002f1718/583ced99cff3cf9cc1256fa40048c81d?OpenDocument","Noale I 1, I - Statuti dei comuni, 1562",1562,"Noale","Noale","Noale I 1, I - Statuti dei comuni, 1562",1562,"Noale",27026,"Noale",1,1562,NA,NA,NA,NA
"Anticoli di Campagna","Anticoli di Campagna","https://www.senato.it/w3/Biblioteca/catalogoDegliStatutiMedievali.nsf/de148d287da34e08c1256e4c002f1718/f561b6d201ec92f6c1256fa2005a1d42?OpenDocument","Fiuggi I 1, I - Statuti dei comuni, 1421",1421,"Fiuggi","Fiuggi","Fiuggi I 1, I - Statuti dei comuni, 1421",1421,"Fiuggi",60035,"Fiuggi",1,1421,NA,NA,NA,NA
"Aosta","Aosta","https://www.senato.it/w3/Biblioteca/catalogoDegliStatutiMedievali.nsf/de148d287da34e08c1256e4c002f1718/3c953cf1fe438536c1256f9a00405875?OpenDocument","Aosta I 1, I - Statuti dei comuni, 1188-1253",1188,"Aosta","Aosta","Aosta I 1, I - Statuti dei comuni, 1188-1253",1188,"Aosta",7003,"Aosta",1,1188,NA,NA,NA,NA
"Aoste","Aoste","https://www.senato.it/w3/Biblioteca/catalogoDegliStatutiMedievali.nsf/de148d287da34e08c1256e4c002f1718/3c953cf1fe438536c1256f9a00405875?OpenDocument","Aosta I 1, I - Statuti dei comuni, 1188-1253",1188,"Aosta","Aosta","Aosta I 1, I - Statuti dei comuni, 1188-1253",1188,"Aosta",7003,"Aosta",1,1188,NA,NA,NA,NA
"Aouste","Aouste","https://www.senato.it/w3/Biblioteca/catalogoDegliStatutiMedievali.nsf/de148d287da34e08c1256e4c002f1718/3c953cf1fe438536c1256f9a00405875?OpenDocument","Aosta I 1, I - Statuti dei comuni, 1188-1253",1188,"Aosta","Aosta","Aosta I 1, I - Statuti dei comuni, 1188-1253",1188,"Aosta",7003,"Aosta",1,1188,NA,NA,NA,NA
"Apagnum","Apagnum","https://www.senato.it/w3/Biblioteca/catalogoDegliStatutiMedievali.nsf/de148d287da34e08c1256e4c002f1718/1e5b5b682a943aa4c1256fa40048e209?OpenDocument","Pagno I 1, I - Statuti dei comuni, 1508",1508,"Pagno","Pagno","Pagno I 1, I - Statuti dei comuni, 1508",1508,"Pagno",4158,"Pagno",1,1508,NA,NA,NA,NA
"Appanis","Appanis","https://www.senato.it/w3/Biblioteca/catalogoDegliStatutiMedievali.nsf/de148d287da34e08c1256e4c002f1718/1e5b5b682a943aa4c1256fa40048e209?OpenDocument","Pagno I 1, I - Statuti dei comuni, 1508",1508,"Pagno","Pagno","Pagno I 1, I - Statuti dei comuni, 1508",1508,"Pagno",4158,"Pagno",1,1508,NA,NA,NA,NA
"Appignano","Appignano","https://www.senato.it/w3/Biblioteca/catalogoDegliStatutiMedievali.nsf/de148d287da34e08c1256e4c002f1718/e3884a786ea1d753c1256f9a00405935?OpenDocument","Appignano I 1, I - Statuti dei comuni, 1490-1493",1490,"Appignano","Appignano","Appignano I 1, I - Statuti dei comuni, 1490-1493",1490,"Appignano",43003,"Appignano",1,1490,NA,NA,NA,NA
"Appignanum","Appignanum","https://www.senato.it/w3/Biblioteca/catalogoDegliStatutiMedievali.nsf/de148d287da34e08c1256e4c002f1718/e3884a786ea1d753c1256f9a00405935?OpenDocument","Appignano I 1, I - Statuti dei comuni, 1490-1493",1490,"Appignano","Appignano","Appignano I 1, I - Statuti dei comuni, 1490-1493",1490,"Appignano",43003,"Appignano",1,1490,NA,NA,NA,NA
"Apricale","Apricale","https://www.senato.it/w3/Biblioteca/catalogoDegliStatutiMedievali.nsf/de148d287da34e08c1256e4c002f1718/00a58c7e8b0307c1c1256f9a0040597c?OpenDocument","Apricale I 1, I - Statuti dei comuni, 1267",1267,"Apricale","Apricale","Apricale I 1, I - Statuti dei comuni, 1267",1267,"Apricale",8002,"Apricale",1,1267,NA,NA,NA,NA
"Apricena","Apricena","https://www.senato.it/w3/Biblioteca/catalogoDegliStatutiMedievali.nsf/de148d287da34e08c1256e4c002f1718/9e085a62a433c6a2c1256f9a0040598a?OpenDocument","Apricena I 1, I - Statuti dei comuni, 1230-1542",1230,"Apricena","Apricena","Apricena I 1, I - Statuti dei comuni, 1230-1542",1230,"Apricena",71004,"Apricena",1,1230,NA,NA,NA,NA
"Aquae","Aquae","https://www.senato.it/w3/Biblioteca/catalogoDegliStatutiMedievali.nsf/de148d287da34e08c1256e4c002f1718/58a98fe6b8c9f689c1256f9a00404c91?OpenDocument","Acqui Terme I 1, I - Statuti dei comuni, 1277",1277,"Acqui Terme","Acqui Terme","Acqui Terme I 1, I - Statuti dei comuni, 1277",1277,"Acqui Terme",6001,"Acqui Terme",1,1277,NA,NA,NA,NA
"Aquila","Aquila","https://www.senato.it/w3/Biblioteca/catalogoDegliStatutiMedievali.nsf/de148d287da34e08c1256e4c002f1718/9cc46c38b23b01ffc1256fa3005edb78?OpenDocument","L'Aquila I 1, I - Statuti dei comuni, 1254",1254,"L'Aquila","L'Aquila","L'Aquila I 1, I - Statuti dei comuni, 1254",1254,"L'Aquila",66049,"L'Aquila",1,1254,NA,NA,NA,NA
"Aquila degli Abruzzi","Aquila degli Abruzzi","https://www.senato.it/w3/Biblioteca/catalogoDegliStatutiMedievali.nsf/de148d287da34e08c1256e4c002f1718/9cc46c38b23b01ffc1256fa3005edb78?OpenDocument","L'Aquila I 1, I - Statuti dei comuni, 1254",1254,"L'Aquila","L'Aquila","L'Aquila I 1, I - Statuti dei comuni, 1254",1254,"L'Aquila",66049,"L'Aquila",1,1254,NA,NA,NA,NA
"Aquila in Vestinis","Aquila in Vestinis","https://www.senato.it/w3/Biblioteca/catalogoDegliStatutiMedievali.nsf/de148d287da34e08c1256e4c002f1718/9cc46c38b23b01ffc1256fa3005edb78?OpenDocument","L'Aquila I 1, I - Statuti dei comuni, 1254",1254,"L'Aquila","L'Aquila","L'Aquila I 1, I - Statuti dei comuni, 1254",1254,"L'Aquila",66049,"L'Aquila",1,1254,NA,NA,NA,NA
"Aquileia","Aquileia","https://www.senato.it/w3/Biblioteca/catalogoDegliStatutiMedievali.nsf/de148d287da34e08c1256e4c002f1718/cc8d1968818436f8c1256f9a004059b9?OpenDocument","Aquileia I 1, I - Statuti dei comuni, 1249-1790",1249,"Aquileia","Aquileia","Aquileia I 1, I - Statuti dei comuni, 1249-1790",1249,"Aquileia",30004,"Aquileia",1,1249,NA,NA,NA,NA
"Arbarea","Arbarea","https://www.senato.it/w3/Biblioteca/catalogoDegliStatutiMedievali.nsf/de148d287da34e08c1256e4c002f1718/33f9cb228d3798c8c1256f9a004059ee?OpenDocument","Arborea I 1, I - Statuti dei comuni, sec. XIV",NA,"Arborea","Arborea","Arborea I 1, I - Statuti dei comuni, sec. XIV",NA,"Arborea",95006,"Arborea",1,NA,NA,NA,NA,NA
"Arbore","Arbore","https://www.senato.it/w3/Biblioteca/catalogoDegliStatutiMedievali.nsf/de148d287da34e08c1256e4c002f1718/33f9cb228d3798c8c1256f9a004059ee?OpenDocument","Arborea I 1, I - Statuti dei comuni, sec. XIV",NA,"Arborea","Arborea","Arborea I 1, I - Statuti dei comuni, sec. XIV",NA,"Arborea",95006,"Arborea",1,NA,NA,NA,NA,NA
"Arborea","Arborea","https://www.senato.it/w3/Biblioteca/catalogoDegliStatutiMedievali.nsf/de148d287da34e08c1256e4c002f1718/33f9cb228d3798c8c1256f9a004059ee?OpenDocument","Arborea I 1, I - Statuti dei comuni, sec. XIV",NA,"Arborea","Arborea","Arborea I 1, I - Statuti dei comuni, sec. XIV",NA,"Arborea",95006,"Arborea",1,NA,NA,NA,NA,NA
"Arco","Arco","https://www.senato.it/w3/Biblioteca/catalogoDegliStatutiMedievali.nsf/de148d287da34e08c1256e4c002f1718/98d2533c93088603c1256f9a00405ae8?OpenDocument","Arco I 1, I - Statuti dei comuni, 1527-1645",1527,"Arco","Arco","Arco I 1, I - Statuti dei comuni, 1527-1645",1527,"Arco",22006,"Arco",1,1527,NA,NA,NA,NA
"Arcola","Arcola","https://www.senato.it/w3/Biblioteca/catalogoDegliStatutiMedievali.nsf/de148d287da34e08c1256e4c002f1718/0835892953a48441c1256f9a00405b2b?OpenDocument","Arcola I 1, I - Statuti dei comuni, 1577-1628",1577,"Arcola","Arcola","Arcola I 1, I - Statuti dei comuni, 1577-1628",1577,"Arcola",11002,"Arcola",1,1577,NA,NA,NA,NA
"Arcula","Arcula","https://www.senato.it/w3/Biblioteca/catalogoDegliStatutiMedievali.nsf/de148d287da34e08c1256e4c002f1718/0835892953a48441c1256f9a00405b2b?OpenDocument","Arcola I 1, I - Statuti dei comuni, 1577-1628",1577,"Arcola","Arcola","Arcola I 1, I - Statuti dei comuni, 1577-1628",1577,"Arcola",11002,"Arcola",1,1577,NA,NA,NA,NA
"Ardea","Ardea","https://www.senato.it/w3/Biblioteca/catalogoDegliStatutiMedievali.nsf/de148d287da34e08c1256e4c002f1718/ad2cdcdde1f55b77c1257083004b4dbb?OpenDocument","Ardea I 1, I - Statuti dei comuni, 1564-1624",1564,"Ardea","Ardea","Ardea I 1, I - Statuti dei comuni, 1564-1624",1564,"Ardea",58117,"Ardea",1,1564,NA,NA,NA,NA
"Aretium","Aretium","https://www.senato.it/w3/Biblioteca/catalogoDegliStatutiMedievali.nsf/de148d287da34e08c1256e4c002f1718/bde6f0edf7824ebcc1256f9a00405b9b?OpenDocument","Arezzo I 1, I - Statuti dei comuni, 1535",1535,"Arezzo","Arezzo","Arezzo I 1, I - Statuti dei comuni, 1535",1535,"Arezzo",51002,"Arezzo",1,1535,NA,NA,NA,NA
"Arezzo","Arezzo","https://www.senato.it/w3/Biblioteca/catalogoDegliStatutiMedievali.nsf/de148d287da34e08c1256e4c002f1718/bde6f0edf7824ebcc1256f9a00405b9b?OpenDocument","Arezzo I 1, I - Statuti dei comuni, 1535",1535,"Arezzo","Arezzo","Arezzo I 1, I - Statuti dei comuni, 1535",1535,"Arezzo",51002,"Arezzo",1,1535,NA,NA,NA,NA
"Argenta","Argenta","https://www.senato.it/w3/Biblioteca/catalogoDegliStatutiMedievali.nsf/de148d287da34e08c1256e4c002f1718/d300f52c3a788d36c1256f9a00405c25?OpenDocument","Argenta I 1, I - Statuti dei comuni, 1326-1755",1326,"Argenta","Argenta","Argenta I 1, I - Statuti dei comuni, 1326-1755",1326,"Argenta",38001,"Argenta",1,1326,NA,NA,NA,NA
"Argentaria","Argentaria","https://www.senato.it/w3/Biblioteca/catalogoDegliStatutiMedievali.nsf/de148d287da34e08c1256e4c002f1718/24a0358d04657bbbc1256fa2005a518a?OpenDocument","Iglesias I 1, I - Statuti dei comuni, 1327-1684",1327,"Iglesias","Iglesias","Iglesias I 1, I - Statuti dei comuni, 1327-1684",1327,"Iglesias",107009,"Iglesias",1,1327,NA,NA,NA,NA
"Ariano di Puglia","Ariano di Puglia","https://www.senato.it/w3/Biblioteca/catalogoDegliStatutiMedievali.nsf/de148d287da34e08c1256e4c002f1718/3693f0f7d0216a3fc1256f9a00405c6e?OpenDocument","Ariano Irpino I 1, I - Statuti dei comuni, 1491",1491,"Ariano Irpino","Ariano Irpino","Ariano Irpino I 1, I - Statuti dei comuni, 1491",1491,"Ariano Irpino",64005,"Ariano Irpino",1,1491,NA,NA,NA,NA
"Ariano Irpino","Ariano Irpino","https://www.senato.it/w3/Biblioteca/catalogoDegliStatutiMedievali.nsf/de148d287da34e08c1256e4c002f1718/3693f0f7d0216a3fc1256f9a00405c6e?OpenDocument","Ariano Irpino I 1, I - Statuti dei comuni, 1491",1491,"Ariano Irpino","Ariano Irpino","Ariano Irpino I 1, I - Statuti dei comuni, 1491",1491,"Ariano Irpino",64005,"Ariano Irpino",1,1491,NA,NA,NA,NA
"Ariccia","Ariccia","https://www.senato.it/w3/Biblioteca/catalogoDegliStatutiMedievali.nsf/de148d287da34e08c1256e4c002f1718/d82e9c1fab9aef45c1256f9a00405c7b?OpenDocument","Ariccia I 1, I - Statuti dei comuni, 1605-1615",1605,"Ariccia","Ariccia","Ariccia I 1, I - Statuti dei comuni, 1605-1615",1605,"Ariccia",58009,"Ariccia",1,1605,NA,NA,NA,NA
"Ariminum","Ariminum","https://www.senato.it/w3/Biblioteca/catalogoDegliStatutiMedievali.nsf/de148d287da34e08c1256e4c002f1718/576d118ef158c2d8c1256fac003eebb9?OpenDocument","Rimini I 1, I - Statuti dei comuni, 1195-1295",1195,"Rimini","Rimini","Rimini I 1, I - Statuti dei comuni, 1195-1295",1195,"Rimini",99014,"Rimini",1,1195,NA,NA,NA,NA
"Arnad","Arnad","https://www.senato.it/w3/Biblioteca/catalogoDegliStatutiMedievali.nsf/de148d287da34e08c1256e4c002f1718/63da6f9deb4d6979c1256f9a00405cc9?OpenDocument","Arnaz I 1, I - Statuti dei comuni, sec. XIV",NA,"Arnad","Arnad","Arnaz I 1, I - Statuti dei comuni, sec. XIV",NA,"Arnad",7004,"Arnad",1,NA,NA,NA,NA,NA
"Arnaz","Arnaz","https://www.senato.it/w3/Biblioteca/catalogoDegliStatutiMedievali.nsf/de148d287da34e08c1256e4c002f1718/63da6f9deb4d6979c1256f9a00405cc9?OpenDocument","Arnaz I 1, I - Statuti dei comuni, sec. XIV",NA,"Arnad","Arnad","Arnaz I 1, I - Statuti dei comuni, sec. XIV",NA,"Arnad",7004,"Arnad",1,NA,NA,NA,NA,NA
"Arolae","Arolae","https://www.senato.it/w3/Biblioteca/catalogoDegliStatutiMedievali.nsf/de148d287da34e08c1256e4c002f1718/36982036deeb7ef9c1256fac003ef65e?OpenDocument","Rolo I 1, I - Statuti dei comuni, 1579-1701",1579,"Rolo","Rolo","Rolo I 1, I - Statuti dei comuni, 1579-1701",1579,"Rolo",35035,"Rolo",1,1579,NA,NA,NA,NA
"Arolum","Arolum","https://www.senato.it/w3/Biblioteca/catalogoDegliStatutiMedievali.nsf/de148d287da34e08c1256e4c002f1718/36982036deeb7ef9c1256fac003ef65e?OpenDocument","Rolo I 1, I - Statuti dei comuni, 1579-1701",1579,"Rolo","Rolo","Rolo I 1, I - Statuti dei comuni, 1579-1701",1579,"Rolo",35035,"Rolo",1,1579,NA,NA,NA,NA
"Arona","Arona","https://www.senato.it/w3/Biblioteca/catalogoDegliStatutiMedievali.nsf/de148d287da34e08c1256e4c002f1718/8c5d2877f456c297c1256f9a00405cd5?OpenDocument","Arona I 1, I - Statuti dei comuni, sec. XIV",NA,"Arona","Arona","Arona I 1, I - Statuti dei comuni, sec. XIV",NA,"Arona",3008,"Arona",1,NA,NA,NA,NA,NA
"Arosio","Arosio","https://www.senato.it/w3/Biblioteca/catalogoDegliStatutiMedievali.nsf/de148d287da34e08c1256e4c002f1718/3d2fdc33e626940bc1256f9a00405ce4?OpenDocument","Arosio I 1, I - Statuti dei comuni, 1215",1215,"Arosio","Arosio","Arosio I 1, I - Statuti dei comuni, 1215",1215,"Arosio",13012,"Arosio",1,1215,NA,NA,NA,NA
"Aroxium","Aroxium","https://www.senato.it/w3/Biblioteca/catalogoDegliStatutiMedievali.nsf/de148d287da34e08c1256e4c002f1718/3d2fdc33e626940bc1256f9a00405ce4?OpenDocument","Arosio I 1, I - Statuti dei comuni, 1215",1215,"Arosio","Arosio","Arosio I 1, I - Statuti dei comuni, 1215",1215,"Arosio",13012,"Arosio",1,1215,NA,NA,NA,NA
"Arquata Scrivia","Arquata Scrivia","https://www.senato.it/w3/Biblioteca/catalogoDegliStatutiMedievali.nsf/de148d287da34e08c1256e4c002f1718/6730e72f19fce8cac1256f9a00405d00?OpenDocument","Arquata Scrivia I 1, I - Statuti dei comuni, 1486",1486,"Arquata Scrivia","Arquata Scrivia","Arquata Scrivia I 1, I - Statuti dei comuni, 1486",1486,"Arquata Scrivia",6009,"Arquata Scrivia",1,1486,NA,NA,NA,NA
"Arretium","Arretium","https://www.senato.it/w3/Biblioteca/catalogoDegliStatutiMedievali.nsf/de148d287da34e08c1256e4c002f1718/bde6f0edf7824ebcc1256f9a00405b9b?OpenDocument","Arezzo I 1, I - Statuti dei comuni, 1535",1535,"Arezzo","Arezzo","Arezzo I 1, I - Statuti dei comuni, 1535",1535,"Arezzo",51002,"Arezzo",1,1535,NA,NA,NA,NA
"Arrone","Arrone","https://www.senato.it/w3/Biblioteca/catalogoDegliStatutiMedievali.nsf/de148d287da34e08c1256e4c002f1718/54d80b7451b830a6c1256f9a00405d0e?OpenDocument","Arrone I 1, I - Statuti dei comuni, 1542-1607",1542,"Arrone","Arrone","Arrone I 1, I - Statuti dei comuni, 1542-1607",1542,"Arrone",55005,"Arrone",1,1542,NA,NA,NA,NA
"Arronis","Arronis","https://www.senato.it/w3/Biblioteca/catalogoDegliStatutiMedievali.nsf/de148d287da34e08c1256e4c002f1718/54d80b7451b830a6c1256f9a00405d0e?OpenDocument","Arrone I 1, I - Statuti dei comuni, 1542-1607",1542,"Arrone","Arrone","Arrone I 1, I - Statuti dei comuni, 1542-1607",1542,"Arrone",55005,"Arrone",1,1542,NA,NA,NA,NA
"Arronum","Arronum","https://www.senato.it/w3/Biblioteca/catalogoDegliStatutiMedievali.nsf/de148d287da34e08c1256e4c002f1718/54d80b7451b830a6c1256f9a00405d0e?OpenDocument","Arrone I 1, I - Statuti dei comuni, 1542-1607",1542,"Arrone","Arrone","Arrone I 1, I - Statuti dei comuni, 1542-1607",1542,"Arrone",55005,"Arrone",1,1542,NA,NA,NA,NA
"Arsiero","Arsiero","https://www.senato.it/w3/Biblioteca/catalogoDegliStatutiMedievali.nsf/de148d287da34e08c1256e4c002f1718/edc2acb4d634039cc1256f9a00405d2a?OpenDocument","Arsiero I 1, I - Statuti dei comuni, 1786",1786,"Arsiero","Arsiero","Arsiero I 1, I - Statuti dei comuni, 1786",1786,"Arsiero",24007,"Arsiero",1,1786,NA,NA,NA,NA
"Arzenta","Arzenta","https://www.senato.it/w3/Biblioteca/catalogoDegliStatutiMedievali.nsf/de148d287da34e08c1256e4c002f1718/d300f52c3a788d36c1256f9a00405c25?OpenDocument","Argenta I 1, I - Statuti dei comuni, 1326-1755",1326,"Argenta","Argenta","Argenta I 1, I - Statuti dei comuni, 1326-1755",1326,"Argenta",38001,"Argenta",1,1326,NA,NA,NA,NA
"Arzignano","Arzignano","https://www.senato.it/w3/Biblioteca/catalogoDegliStatutiMedievali.nsf/de148d287da34e08c1256e4c002f1718/a644eb35bd112dbcc1256f9a00405d41?OpenDocument","Arzignano I 1, I - Statuti dei comuni, 1772",1772,"Arzignano","Arzignano","Arzignano I 1, I - Statuti dei comuni, 1772",1772,"Arzignano",24008,"Arzignano",1,1772,NA,NA,NA,NA
"Asaro","Asaro","https://www.senato.it/w3/Biblioteca/catalogoDegliStatutiMedievali.nsf/de148d287da34e08c1256e4c002f1718/33f749a3daa645a7c1256f9a004060d6?OpenDocument","Assoro I 1, I - Statuti dei comuni, 1398",1398,"Assoro","Assoro","Assoro I 1, I - Statuti dei comuni, 1398",1398,"Assoro",86003,"Assoro",1,1398,NA,NA,NA,NA
"Asciano","Asciano","https://www.senato.it/w3/Biblioteca/catalogoDegliStatutiMedievali.nsf/de148d287da34e08c1256e4c002f1718/fced076a5b566f31c1256f9a00405d6a?OpenDocument","Asciano I 1, I - Statuti dei comuni, 1777",1777,"Asciano","Asciano","Asciano I 1, I - Statuti dei comuni, 1777",1777,"Asciano",52002,"Asciano",1,1777,NA,NA,NA,NA
"Ascoli Piceno","Ascoli Piceno","https://www.senato.it/w3/Biblioteca/catalogoDegliStatutiMedievali.nsf/de148d287da34e08c1256e4c002f1718/f4b1757a0a6d4e46c1256f9a00405d78?OpenDocument","Ascoli Piceno I 1, I - Statuti dei comuni, 1377-1487",1377,"Ascoli Piceno","Ascoli Piceno","Ascoli Piceno I 1, I - Statuti dei comuni, 1377-1487",1377,"Ascoli Piceno",44007,"Ascoli Piceno",1,1377,NA,NA,NA,NA
"Asculo","Asculo","https://www.senato.it/w3/Biblioteca/catalogoDegliStatutiMedievali.nsf/de148d287da34e08c1256e4c002f1718/f4b1757a0a6d4e46c1256f9a00405d78?OpenDocument","Ascoli Piceno I 1, I - Statuti dei comuni, 1377-1487",1377,"Ascoli Piceno","Ascoli Piceno","Ascoli Piceno I 1, I - Statuti dei comuni, 1377-1487",1377,"Ascoli Piceno",44007,"Ascoli Piceno",1,1377,NA,NA,NA,NA
"Asculum Picenum","Asculum Picenum","https://www.senato.it/w3/Biblioteca/catalogoDegliStatutiMedievali.nsf/de148d287da34e08c1256e4c002f1718/f4b1757a0a6d4e46c1256f9a00405d78?OpenDocument","Ascoli Piceno I 1, I - Statuti dei comuni, 1377-1487",1377,"Ascoli Piceno","Ascoli Piceno","Ascoli Piceno I 1, I - Statuti dei comuni, 1377-1487",1377,"Ascoli Piceno",44007,"Ascoli Piceno",1,1377,NA,NA,NA,NA
"Asilum","Asilum","https://www.senato.it/w3/Biblioteca/catalogoDegliStatutiMedievali.nsf/de148d287da34e08c1256e4c002f1718/101bb73501a8c50bc1256f9a00405e80?OpenDocument","Asolo I 1, I - Statuti dei comuni, 1662-1670",1662,"Asolo","Asolo","Asolo I 1, I - Statuti dei comuni, 1662-1670",1662,"Asolo",26003,"Asolo",1,1662,NA,NA,NA,NA
"Asinalunga","Asinalunga","https://www.senato.it/w3/Biblioteca/catalogoDegliStatutiMedievali.nsf/de148d287da34e08c1256e4c002f1718/1f51b5c19b37bc27c1256fac00404f21?OpenDocument","Sinalunga I 1, I - Statuti dei comuni, 1553-1740",1553,"Sinalunga","Sinalunga","Sinalunga I 1, I - Statuti dei comuni, 1553-1740",1553,"Sinalunga",52033,"Sinalunga",1,1553,NA,NA,NA,NA
"Asisium","Asisium","https://www.senato.it/w3/Biblioteca/catalogoDegliStatutiMedievali.nsf/de148d287da34e08c1256e4c002f1718/4081790e54cddafdc1256f9a00405f45?OpenDocument","Assisi I 1, I - Statuti dei comuni, 1469-1543",1469,"Assisi","Assisi","Assisi I 1, I - Statuti dei comuni, 1469-1543",1469,"Assisi",54001,"Assisi",1,1469,NA,NA,NA,NA
"Asola","Asola","https://www.senato.it/w3/Biblioteca/catalogoDegliStatutiMedievali.nsf/de148d287da34e08c1256e4c002f1718/508e681c95292d56c1256f9a00405e08?OpenDocument","Asola I 1, I - Statuti dei comuni, 1405-1790",1405,"Asola","Asola","Asola I 1, I - Statuti dei comuni, 1405-1790",1405,"Asola",20002,"Asola",1,1405,NA,NA,NA,NA
"Asolo","Asolo","https://www.senato.it/w3/Biblioteca/catalogoDegliStatutiMedievali.nsf/de148d287da34e08c1256e4c002f1718/101bb73501a8c50bc1256f9a00405e80?OpenDocument","Asolo I 1, I - Statuti dei comuni, 1662-1670",1662,"Asolo","Asolo","Asolo I 1, I - Statuti dei comuni, 1662-1670",1662,"Asolo",26003,"Asolo",1,1662,NA,NA,NA,NA
"Assisi","Assisi","https://www.senato.it/w3/Biblioteca/catalogoDegliStatutiMedievali.nsf/de148d287da34e08c1256e4c002f1718/4081790e54cddafdc1256f9a00405f45?OpenDocument","Assisi I 1, I - Statuti dei comuni, 1469-1543",1469,"Assisi","Assisi","Assisi I 1, I - Statuti dei comuni, 1469-1543",1469,"Assisi",54001,"Assisi",1,1469,NA,NA,NA,NA
"Assoro","Assoro","https://www.senato.it/w3/Biblioteca/catalogoDegliStatutiMedievali.nsf/de148d287da34e08c1256e4c002f1718/33f749a3daa645a7c1256f9a004060d6?OpenDocument","Assoro I 1, I - Statuti dei comuni, 1398",1398,"Assoro","Assoro","Assoro I 1, I - Statuti dei comuni, 1398",1398,"Assoro",86003,"Assoro",1,1398,NA,NA,NA,NA
"Asta","Asta","https://www.senato.it/w3/Biblioteca/catalogoDegliStatutiMedievali.nsf/de148d287da34e08c1256e4c002f1718/521ef0486608b514c1256f9a004060f3?OpenDocument","Asti I 1, I - Statuti dei comuni, 1252-1545",1252,"Asti","Asti","Asti I 1, I - Statuti dei comuni, 1252-1545",1252,"Asti",5005,"Asti",1,1252,NA,NA,NA,NA
"Asta Pompeia","Asta Pompeia","https://www.senato.it/w3/Biblioteca/catalogoDegliStatutiMedievali.nsf/de148d287da34e08c1256e4c002f1718/521ef0486608b514c1256f9a004060f3?OpenDocument","Asti I 1, I - Statuti dei comuni, 1252-1545",1252,"Asti","Asti","Asti I 1, I - Statuti dei comuni, 1252-1545",1252,"Asti",5005,"Asti",1,1252,NA,NA,NA,NA
"Asti","Asti","https://www.senato.it/w3/Biblioteca/catalogoDegliStatutiMedievali.nsf/de148d287da34e08c1256e4c002f1718/521ef0486608b514c1256f9a004060f3?OpenDocument","Asti I 1, I - Statuti dei comuni, 1252-1545",1252,"Asti","Asti","Asti I 1, I - Statuti dei comuni, 1252-1545",1252,"Asti",5005,"Asti",1,1252,NA,NA,NA,NA
"Asula","Asula","https://www.senato.it/w3/Biblioteca/catalogoDegliStatutiMedievali.nsf/de148d287da34e08c1256e4c002f1718/508e681c95292d56c1256f9a00405e08?OpenDocument","Asola I 1, I - Statuti dei comuni, 1405-1790",1405,"Asola","Asola","Asola I 1, I - Statuti dei comuni, 1405-1790",1405,"Asola",20002,"Asola",1,1405,NA,NA,NA,NA
"Asulum","Asulum","https://www.senato.it/w3/Biblioteca/catalogoDegliStatutiMedievali.nsf/de148d287da34e08c1256e4c002f1718/101bb73501a8c50bc1256f9a00405e80?OpenDocument","Asolo I 1, I - Statuti dei comuni, 1662-1670",1662,"Asolo","Asolo","Asolo I 1, I - Statuti dei comuni, 1662-1670",1662,"Asolo",26003,"Asolo",1,1662,NA,NA,NA,NA
"Asylum","Asylum","https://www.senato.it/w3/Biblioteca/catalogoDegliStatutiMedievali.nsf/de148d287da34e08c1256e4c002f1718/101bb73501a8c50bc1256f9a00405e80?OpenDocument","Asolo I 1, I - Statuti dei comuni, 1662-1670",1662,"Asolo","Asolo","Asolo I 1, I - Statuti dei comuni, 1662-1670",1662,"Asolo",26003,"Asolo",1,1662,NA,NA,NA,NA
"Atena Lucana","Atena Lucana","https://www.senato.it/w3/Biblioteca/catalogoDegliStatutiMedievali.nsf/de148d287da34e08c1256e4c002f1718/60b8b5c37ab83ba4c1256f9a004061bb?OpenDocument","Atena Lucana I 1, I - Statuti dei comuni, 1635-1638",1635,"Atena Lucana","Atena Lucana","Atena Lucana I 1, I - Statuti dei comuni, 1635-1638",1635,"Atena Lucana",65010,"Atena Lucana",1,1635,NA,NA,NA,NA
"Atena Lucana","Atena Lucana","https://www.senato.it/w3/Biblioteca/catalogoDegliStatutiMedievali.nsf/de148d287da34e08c1256e4c002f1718/60b8b5c37ab83ba4c1256f9a004061bb?OpenDocument","Atena Lucana I 1, I - Statuti dei comuni, 1635-1638",1635,"Atina","Atina","Atena Lucana I 1, I - Statuti dei comuni, 1635-1638",1635,"Atena Lucana",65010,"Atena Lucana",1,1635,NA,NA,NA,NA
"Atens","Atens","https://www.senato.it/w3/Biblioteca/catalogoDegliStatutiMedievali.nsf/de148d287da34e08c1256e4c002f1718/20e0fbd3992cd642c1256f9a00406289?OpenDocument","Attimis I 1, I - Statuti dei comuni, 1320-1538",1320,"Attimis","Attimis","Attimis I 1, I - Statuti dei comuni, 1320-1538",1320,"Attimis",30007,"Attimis",1,1320,NA,NA,NA,NA
"Ateste","Ateste","https://www.senato.it/w3/Biblioteca/catalogoDegliStatutiMedievali.nsf/de148d287da34e08c1256e4c002f1718/2d4b1d7bfe91ecccc1256f9a0056ffb6?OpenDocument","Este I 1, I - Statuti dei comuni, 1318-1617",1318,"Este","Este","Este I 1, I - Statuti dei comuni, 1318-1617",1318,"Este",28037,"Este",1,1318,NA,NA,NA,NA
"Atina","Atina","https://www.senato.it/w3/Biblioteca/catalogoDegliStatutiMedievali.nsf/de148d287da34e08c1256e4c002f1718/60b8b5c37ab83ba4c1256f9a004061bb?OpenDocument","Atena Lucana I 1, I - Statuti dei comuni, 1635-1638",1635,"Atena Lucana","Atena Lucana","Atena Lucana I 1, I - Statuti dei comuni, 1635-1638",1635,"Atena Lucana",65010,"Atena Lucana",1,1635,NA,NA,NA,NA
"Atina","Atina","https://www.senato.it/w3/Biblioteca/catalogoDegliStatutiMedievali.nsf/de148d287da34e08c1256e4c002f1718/60b8b5c37ab83ba4c1256f9a004061bb?OpenDocument","Atena Lucana I 1, I - Statuti dei comuni, 1635-1638",1635,"Atina","Atina","Atena Lucana I 1, I - Statuti dei comuni, 1635-1638",1635,"Atena Lucana",65010,"Atena Lucana",1,1635,NA,NA,NA,NA
"Atrani","Atrani","https://www.senato.it/w3/Biblioteca/catalogoDegliStatutiMedievali.nsf/de148d287da34e08c1256e4c002f1718/3be43b38b60b097cc1256f9a004061da?OpenDocument","Atrani III 1, III - Accademie-ospedali-monti di pietà-ecc.",NA,"Atrani","Atrani","Atrani III 1, III - Accademie-ospedali-monti di pietà-ecc.",NA,"Atrani",65011,"Atrani",1,NA,NA,NA,NA,NA
"Atri","Atri","https://www.senato.it/w3/Biblioteca/catalogoDegliStatutiMedievali.nsf/de148d287da34e08c1256e4c002f1718/db3afe28314fd2f8c1256f9a00406214?OpenDocument","Atri I 1, I - Statuti dei comuni, 1336",1336,"Atri","Atri","Atri I 1, I - Statuti dei comuni, 1336",1336,"Atri",67004,"Atri",1,1336,NA,NA,NA,NA
"Atria","Atria","https://www.senato.it/w3/Biblioteca/catalogoDegliStatutiMedievali.nsf/de148d287da34e08c1256e4c002f1718/db3afe28314fd2f8c1256f9a00406214?OpenDocument","Atri I 1, I - Statuti dei comuni, 1336",1336,"Atri","Atri","Atri I 1, I - Statuti dei comuni, 1336",1336,"Atri",67004,"Atri",1,1336,NA,NA,NA,NA
"Attems","Attems","https://www.senato.it/w3/Biblioteca/catalogoDegliStatutiMedievali.nsf/de148d287da34e08c1256e4c002f1718/20e0fbd3992cd642c1256f9a00406289?OpenDocument","Attimis I 1, I - Statuti dei comuni, 1320-1538",1320,"Attimis","Attimis","Attimis I 1, I - Statuti dei comuni, 1320-1538",1320,"Attimis",30007,"Attimis",1,1320,NA,NA,NA,NA
"Attimis","Attimis","https://www.senato.it/w3/Biblioteca/catalogoDegliStatutiMedievali.nsf/de148d287da34e08c1256e4c002f1718/20e0fbd3992cd642c1256f9a00406289?OpenDocument","Attimis I 1, I - Statuti dei comuni, 1320-1538",1320,"Attimis","Attimis","Attimis I 1, I - Statuti dei comuni, 1320-1538",1320,"Attimis",30007,"Attimis",1,1320,NA,NA,NA,NA
"Aucimianum","Aucimianum","https://www.senato.it/w3/Biblioteca/catalogoDegliStatutiMedievali.nsf/de148d287da34e08c1256e4c002f1718/84dcd5bd030af4eec1256fa40048cd31?OpenDocument","Occimiano I 1, I - Statuti dei comuni, 1389-1582",1389,"Occimiano","Occimiano","Occimiano I 1, I - Statuti dei comuni, 1389-1582",1389,"Occimiano",6115,"Occimiano",1,1389,NA,NA,NA,NA
"Augusta","Augusta","https://www.senato.it/w3/Biblioteca/catalogoDegliStatutiMedievali.nsf/de148d287da34e08c1256e4c002f1718/d8909a12ef5e1c3ac1256f9a004062dc?OpenDocument","Augusta I 1, I - Statuti dei comuni, 1407",1407,"Augusta","Augusta","Augusta I 1, I - Statuti dei comuni, 1407",1407,"Augusta",89001,"Augusta",1,1407,NA,NA,NA,NA
"Augusta Praetoria","Augusta Praetoria","https://www.senato.it/w3/Biblioteca/catalogoDegliStatutiMedievali.nsf/de148d287da34e08c1256e4c002f1718/3c953cf1fe438536c1256f9a00405875?OpenDocument","Aosta I 1, I - Statuti dei comuni, 1188-1253",1188,"Aosta","Aosta","Aosta I 1, I - Statuti dei comuni, 1188-1253",1188,"Aosta",7003,"Aosta",1,1188,NA,NA,NA,NA
"Augusta Taurinorum","Augusta Taurinorum","https://www.senato.it/w3/Biblioteca/catalogoDegliStatutiMedievali.nsf/de148d287da34e08c1256e4c002f1718/2365ef41e669bd10c1256f3b004d273f?OpenDocument","Torino I 1, I - Statuti dei comuni, 1222-1472",1222,"Torino","Torino","Torino I 1, I - Statuti dei comuni, 1222-1472",1222,"Torino",1272,"Torino",1,1222,NA,NA,NA,NA
"Auressio (Oressio)","Auressio (Oressio)","https://www.senato.it/w3/Biblioteca/catalogoDegliStatutiMedievali.nsf/de148d287da34e08c1256e4c002f1718/1655e0426b12f1f5c1256fa40048f6f8?OpenDocument","Pedemonte I 1, I - Statuti dei comuni, 1473-1500",1473,"Pedemonte","Pedemonte","Pedemonte I 1, I - Statuti dei comuni, 1473-1500",1473,"Pedemonte",24076,"Pedemonte",1,1473,NA,NA,NA,NA
"Aurigo","Aurigo","https://www.senato.it/w3/Biblioteca/catalogoDegliStatutiMedievali.nsf/de148d287da34e08c1256e4c002f1718/8cc40192f5b4fb0cc1256f9a004062ed?OpenDocument","Aurigo I 1, I - Statuti dei comuni, 1242",1242,"Aurigo","Aurigo","Aurigo I 1, I - Statuti dei comuni, 1242",1242,"Aurigo",8005,"Aurigo",1,1242,NA,NA,NA,NA
"Auximianum","Auximianum","https://www.senato.it/w3/Biblioteca/catalogoDegliStatutiMedievali.nsf/de148d287da34e08c1256e4c002f1718/84dcd5bd030af4eec1256fa40048cd31?OpenDocument","Occimiano I 1, I - Statuti dei comuni, 1389-1582",1389,"Occimiano","Occimiano","Occimiano I 1, I - Statuti dei comuni, 1389-1582",1389,"Occimiano",6115,"Occimiano",1,1389,NA,NA,NA,NA
"Auximum","Auximum","https://www.senato.it/w3/Biblioteca/catalogoDegliStatutiMedievali.nsf/de148d287da34e08c1256e4c002f1718/0ee541ae7d156c1ec1256fa40048d56a?OpenDocument","Osimo I 1, I - Statuti dei comuni, 1308-1571",1308,"Osimo","Osimo","Osimo I 1, I - Statuti dei comuni, 1308-1571",1308,"Osimo",42034,"Osimo",1,1308,NA,NA,NA,NA
"Avelliana","Avelliana","https://www.senato.it/w3/Biblioteca/catalogoDegliStatutiMedievali.nsf/de148d287da34e08c1256e4c002f1718/d1a91ee7bd337363c1256f9a00406506?OpenDocument","Avigliana I 1, I - Statuti dei comuni, 1354",1354,"Avigliana","Avigliana","Avigliana I 1, I - Statuti dei comuni, 1354",1354,"Avigliana",1013,"Avigliana",1,1354,NA,NA,NA,NA
"Averara","Averara","https://www.senato.it/w3/Biblioteca/catalogoDegliStatutiMedievali.nsf/de148d287da34e08c1256e4c002f1718/892e5ac154e770aac1256f9a004062fe?OpenDocument","Averara I 1, I - Statuti dei comuni, 1313-1368",1313,"Averara","Averara","Averara I 1, I - Statuti dei comuni, 1313-1368",1313,"Averara",16014,"Averara",1,1313,NA,NA,NA,NA
"Averera","Averera","https://www.senato.it/w3/Biblioteca/catalogoDegliStatutiMedievali.nsf/de148d287da34e08c1256e4c002f1718/892e5ac154e770aac1256f9a004062fe?OpenDocument","Averara I 1, I - Statuti dei comuni, 1313-1368",1313,"Averara","Averara","Averara I 1, I - Statuti dei comuni, 1313-1368",1313,"Averara",16014,"Averara",1,1313,NA,NA,NA,NA
"Averrara","Averrara","https://www.senato.it/w3/Biblioteca/catalogoDegliStatutiMedievali.nsf/de148d287da34e08c1256e4c002f1718/892e5ac154e770aac1256f9a004062fe?OpenDocument","Averara I 1, I - Statuti dei comuni, 1313-1368",1313,"Averara","Averara","Averara I 1, I - Statuti dei comuni, 1313-1368",1313,"Averara",16014,"Averara",1,1313,NA,NA,NA,NA
"Aversa","Aversa","https://www.senato.it/w3/Biblioteca/catalogoDegliStatutiMedievali.nsf/de148d287da34e08c1256e4c002f1718/e45ba390cd058b85c1256f9a0040641e?OpenDocument","Aversa I 1, I - Statuti dei comuni, sec. XI",NA,"Aversa","Aversa","Aversa I 1, I - Statuti dei comuni, sec. XI",NA,"Aversa",61005,"Aversa",1,NA,NA,NA,NA,NA
"Avezanum","Avezanum","https://www.senato.it/w3/Biblioteca/catalogoDegliStatutiMedievali.nsf/de148d287da34e08c1256e4c002f1718/2f507296dece73c5c1256f9a004064d0?OpenDocument","Avezzano I 1, I - Statuti dei comuni, 1441-1576",1441,"Avezzano","Avezzano","Avezzano I 1, I - Statuti dei comuni, 1441-1576",1441,"Avezzano",66006,"Avezzano",1,1441,NA,NA,NA,NA
"Avezzano","Avezzano","https://www.senato.it/w3/Biblioteca/catalogoDegliStatutiMedievali.nsf/de148d287da34e08c1256e4c002f1718/2f507296dece73c5c1256f9a004064d0?OpenDocument","Avezzano I 1, I - Statuti dei comuni, 1441-1576",1441,"Avezzano","Avezzano","Avezzano I 1, I - Statuti dei comuni, 1441-1576",1441,"Avezzano",66006,"Avezzano",1,1441,NA,NA,NA,NA
"Aviano","Aviano","https://www.senato.it/w3/Biblioteca/catalogoDegliStatutiMedievali.nsf/de148d287da34e08c1256e4c002f1718/b74fd2ad6362ba74c1256f9a004064df?OpenDocument","Aviano I 1, I - Statuti dei comuni, 1403",1403,"Aviano","Aviano","Aviano I 1, I - Statuti dei comuni, 1403",1403,"Aviano",93004,"Aviano",1,1403,NA,NA,NA,NA
"Avianum","Avianum","https://www.senato.it/w3/Biblioteca/catalogoDegliStatutiMedievali.nsf/de148d287da34e08c1256e4c002f1718/b74fd2ad6362ba74c1256f9a004064df?OpenDocument","Aviano I 1, I - Statuti dei comuni, 1403",1403,"Aviano","Aviano","Aviano I 1, I - Statuti dei comuni, 1403",1403,"Aviano",93004,"Aviano",1,1403,NA,NA,NA,NA
"Avigliana","Avigliana","https://www.senato.it/w3/Biblioteca/catalogoDegliStatutiMedievali.nsf/de148d287da34e08c1256e4c002f1718/d1a91ee7bd337363c1256f9a00406506?OpenDocument","Avigliana I 1, I - Statuti dei comuni, 1354",1354,"Avigliana","Avigliana","Avigliana I 1, I - Statuti dei comuni, 1354",1354,"Avigliana",1013,"Avigliana",1,1354,NA,NA,NA,NA
"Avigliano","Avigliano","https://www.senato.it/w3/Biblioteca/catalogoDegliStatutiMedievali.nsf/de148d287da34e08c1256e4c002f1718/3b9a8da2fa8e12e0c1256f9a0040653d?OpenDocument","Avigliano I 1, I - Statuti dei comuni, 1579-1596",1579,"Avigliano","Avigliano","Avigliano I 1, I - Statuti dei comuni, 1579-1596",1579,"Avigliano",76007,"Avigliano",1,1579,NA,NA,NA,NA
"Ayta","Ayta","https://www.senato.it/w3/Biblioteca/catalogoDegliStatutiMedievali.nsf/de148d287da34e08c1256e4c002f1718/f3e7d5b8f99137ecc1256f9a00404edd?OpenDocument","Aieta I 1, I - Statuti dei comuni, 1490",1490,"Aieta","Aieta","Aieta I 1, I - Statuti dei comuni, 1490",1490,"Aieta",78005,"Aieta",1,1490,NA,NA,NA,NA
"Azaro","Azaro","https://www.senato.it/w3/Biblioteca/catalogoDegliStatutiMedievali.nsf/de148d287da34e08c1256e4c002f1718/33f749a3daa645a7c1256f9a004060d6?OpenDocument","Assoro I 1, I - Statuti dei comuni, 1398",1398,"Assoro","Assoro","Assoro I 1, I - Statuti dei comuni, 1398",1398,"Assoro",86003,"Assoro",1,1398,NA,NA,NA,NA
"Azeglio","Azeglio","https://www.senato.it/w3/Biblioteca/catalogoDegliStatutiMedievali.nsf/de148d287da34e08c1256e4c002f1718/d6ec66d6c4a300bdc1256f9a004065b5?OpenDocument","Azeglio I 1, I - Statuti dei comuni, sec. XV",NA,"Azeglio","Azeglio","Azeglio I 1, I - Statuti dei comuni, sec. XV",NA,"Azeglio",1014,"Azeglio",1,NA,NA,NA,NA,NA
"Azelium","Azelium","https://www.senato.it/w3/Biblioteca/catalogoDegliStatutiMedievali.nsf/de148d287da34e08c1256e4c002f1718/d6ec66d6c4a300bdc1256f9a004065b5?OpenDocument","Azeglio I 1, I - Statuti dei comuni, sec. XV",NA,"Azeglio","Azeglio","Azeglio I 1, I - Statuti dei comuni, sec. XV",NA,"Azeglio",1014,"Azeglio",1,NA,NA,NA,NA,NA
"Badia Calavena","Badia Calavena","https://www.senato.it/w3/Biblioteca/catalogoDegliStatutiMedievali.nsf/de148d287da34e08c1256e4c002f1718/37f47b82bf56f523c1256f9a004065d3?OpenDocument","Badia Calavena I 1, I - Statuti dei comuni, 1333",1333,"Badia Calavena","Badia Calavena","Badia Calavena I 1, I - Statuti dei comuni, 1333",1333,"Badia Calavena",23005,"Badia Calavena",1,1333,NA,NA,NA,NA
"Badia Polesine","Badia Polesine","https://www.senato.it/w3/Biblioteca/catalogoDegliStatutiMedievali.nsf/de148d287da34e08c1256e4c002f1718/3dbdbfb75f19fa20c1256f9a004065e3?OpenDocument","Badia Polesine I 1, I - Statuti dei comuni, 1644",1644,"Badia Polesine","Badia Polesine","Badia Polesine I 1, I - Statuti dei comuni, 1644",1644,"Badia Polesine",29004,"Badia Polesine",1,1644,NA,NA,NA,NA
"Badia Tedalda","Badia Tedalda","https://www.senato.it/w3/Biblioteca/catalogoDegliStatutiMedievali.nsf/de148d287da34e08c1256e4c002f1718/584687f016b08db1c1256f9a00406632?OpenDocument","Badia Tedalda I 1, I - Statuti dei comuni, 1490-1724",1490,"Badia Tedalda","Badia Tedalda","Badia Tedalda I 1, I - Statuti dei comuni, 1490-1724",1490,"Badia Tedalda",51003,"Badia Tedalda",1,1490,NA,NA,NA,NA
"Baennae","Baennae","https://www.senato.it/w3/Biblioteca/catalogoDegliStatutiMedievali.nsf/de148d287da34e08c1256e4c002f1718/4207aa4ee6e1ca1dc1256f9a00422c78?OpenDocument","Bene Vagienna I 1, I - Statuti dei comuni, 1196",1196,"Bene Vagienna","Bene Vagienna","Bene Vagienna I 1, I - Statuti dei comuni, 1196",1196,"Bene Vagienna",4019,"Bene Vagienna",1,1196,NA,NA,NA,NA
"Bagnacaballum","Bagnacaballum","https://www.senato.it/w3/Biblioteca/catalogoDegliStatutiMedievali.nsf/de148d287da34e08c1256e4c002f1718/fd567277a07e01e1c1256f9a0040664e?OpenDocument","Bagnacavallo I 1, I - Statuti dei comuni, 1448",1448,"Bagnacavallo","Bagnacavallo","Bagnacavallo I 1, I - Statuti dei comuni, 1448",1448,"Bagnacavallo",39002,"Bagnacavallo",1,1448,NA,NA,NA,NA
"Bagnacavallo","Bagnacavallo","https://www.senato.it/w3/Biblioteca/catalogoDegliStatutiMedievali.nsf/de148d287da34e08c1256e4c002f1718/fd567277a07e01e1c1256f9a0040664e?OpenDocument","Bagnacavallo I 1, I - Statuti dei comuni, 1448",1448,"Bagnacavallo","Bagnacavallo","Bagnacavallo I 1, I - Statuti dei comuni, 1448",1448,"Bagnacavallo",39002,"Bagnacavallo",1,1448,NA,NA,NA,NA
"Bagnacavallum","Bagnacavallum","https://www.senato.it/w3/Biblioteca/catalogoDegliStatutiMedievali.nsf/de148d287da34e08c1256e4c002f1718/fd567277a07e01e1c1256f9a0040664e?OpenDocument","Bagnacavallo I 1, I - Statuti dei comuni, 1448",1448,"Bagnacavallo","Bagnacavallo","Bagnacavallo I 1, I - Statuti dei comuni, 1448",1448,"Bagnacavallo",39002,"Bagnacavallo",1,1448,NA,NA,NA,NA
"Bagni della Porretta","Bagni della Porretta","https://www.senato.it/w3/Biblioteca/catalogoDegliStatutiMedievali.nsf/de148d287da34e08c1256e4c002f1718/e520702988d64d90c1256fa400491fc4?OpenDocument","Porretta Terme I 1, I - Statuti dei comuni, 1749",1749,"Porretta Terme","Porretta Terme","Porretta Terme I 1, I - Statuti dei comuni, 1749",1749,"Porretta Terme",37049,"Porretta Terme",1,1749,NA,NA,NA,NA
"Bagni di Corsena","Bagni di Corsena","https://www.senato.it/w3/Biblioteca/catalogoDegliStatutiMedievali.nsf/de148d287da34e08c1256e4c002f1718/880bba53230c74d0c1256f9a004066a0?OpenDocument","Bagni Di Lucca I 1, I - Statuti dei comuni, 1612",1612,"Bagni di Lucca","Bagni di Lucca","Bagni Di Lucca I 1, I - Statuti dei comuni, 1612",1612,"Bagni di Lucca",46002,"Bagni di Lucca",1,1612,NA,NA,NA,NA
"Bagni di Lucca","Bagni di Lucca","https://www.senato.it/w3/Biblioteca/catalogoDegliStatutiMedievali.nsf/de148d287da34e08c1256e4c002f1718/880bba53230c74d0c1256f9a004066a0?OpenDocument","Bagni Di Lucca I 1, I - Statuti dei comuni, 1612",1612,"Bagni di Lucca","Bagni di Lucca","Bagni Di Lucca I 1, I - Statuti dei comuni, 1612",1612,"Bagni di Lucca",46002,"Bagni di Lucca",1,1612,NA,NA,NA,NA
"Bagnoli Irpino","Bagnoli Irpino","https://www.senato.it/w3/Biblioteca/catalogoDegliStatutiMedievali.nsf/de148d287da34e08c1256e4c002f1718/ff7b8482c9e96ab4c1256f9a004066e3?OpenDocument","Bagnoli Irpino I 1, I - Statuti dei comuni, 1512-1606",1512,"Bagnoli Irpino","Bagnoli Irpino","Bagnoli Irpino I 1, I - Statuti dei comuni, 1512-1606",1512,"Bagnoli Irpino",64009,"Bagnoli Irpino",1,1512,NA,NA,NA,NA
"Bagnolo","Bagnolo","https://www.senato.it/w3/Biblioteca/catalogoDegliStatutiMedievali.nsf/de148d287da34e08c1256e4c002f1718/ff7b8482c9e96ab4c1256f9a004066e3?OpenDocument","Bagnoli Irpino I 1, I - Statuti dei comuni, 1512-1606",1512,"Bagnoli Irpino","Bagnoli Irpino","Bagnoli Irpino I 1, I - Statuti dei comuni, 1512-1606",1512,"Bagnoli Irpino",64009,"Bagnoli Irpino",1,1512,NA,NA,NA,NA
"Bagnolo Piemonte","Bagnolo Piemonte","https://www.senato.it/w3/Biblioteca/catalogoDegliStatutiMedievali.nsf/de148d287da34e08c1256e4c002f1718/c18a7151c88bc32ac1256f9a004066ef?OpenDocument","Bagnolo Piemonte I 1, I - Statuti dei comuni, 1293",1293,"Bagnolo Piemonte","Bagnolo Piemonte","Bagnolo Piemonte I 1, I - Statuti dei comuni, 1293",1293,"Bagnolo Piemonte",4009,"Bagnolo Piemonte",1,1293,NA,NA,NA,NA
"Bagnorea","Bagnorea","https://www.senato.it/w3/Biblioteca/catalogoDegliStatutiMedievali.nsf/de148d287da34e08c1256e4c002f1718/bcc6f4cfd2b1d182c1256f9a00406701?OpenDocument","Bagnoregio I 1, I - Statuti dei comuni, 1373",1373,"Bagnoregio","Bagnoregio","Bagnoregio I 1, I - Statuti dei comuni, 1373",1373,"Bagnoregio",56003,"Bagnoregio",1,1373,NA,NA,NA,NA
"Bagnoregio","Bagnoregio","https://www.senato.it/w3/Biblioteca/catalogoDegliStatutiMedievali.nsf/de148d287da34e08c1256e4c002f1718/bcc6f4cfd2b1d182c1256f9a00406701?OpenDocument","Bagnoregio I 1, I - Statuti dei comuni, 1373",1373,"Bagnoregio","Bagnoregio","Bagnoregio I 1, I - Statuti dei comuni, 1373",1373,"Bagnoregio",56003,"Bagnoregio",1,1373,NA,NA,NA,NA
"Bagnuolo","Bagnuolo","https://www.senato.it/w3/Biblioteca/catalogoDegliStatutiMedievali.nsf/de148d287da34e08c1256e4c002f1718/ff7b8482c9e96ab4c1256f9a004066e3?OpenDocument","Bagnoli Irpino I 1, I - Statuti dei comuni, 1512-1606",1512,"Bagnoli Irpino","Bagnoli Irpino","Bagnoli Irpino I 1, I - Statuti dei comuni, 1512-1606",1512,"Bagnoli Irpino",64009,"Bagnoli Irpino",1,1512,NA,NA,NA,NA
"Bagolino","Bagolino","https://www.senato.it/w3/Biblioteca/catalogoDegliStatutiMedievali.nsf/de148d287da34e08c1256e4c002f1718/7e5506cdce794317c1256f9a0040670d?OpenDocument","Bagolino I 1, I - Statuti dei comuni, 1473-1502",1473,"Bagolino","Bagolino","Bagolino I 1, I - Statuti dei comuni, 1473-1502",1473,"Bagolino",17010,"Bagolino",1,1473,NA,NA,NA,NA
"Bagolinum","Bagolinum","https://www.senato.it/w3/Biblioteca/catalogoDegliStatutiMedievali.nsf/de148d287da34e08c1256e4c002f1718/7e5506cdce794317c1256f9a0040670d?OpenDocument","Bagolino I 1, I - Statuti dei comuni, 1473-1502",1473,"Bagolino","Bagolino","Bagolino I 1, I - Statuti dei comuni, 1473-1502",1473,"Bagolino",17010,"Bagolino",1,1473,NA,NA,NA,NA
"Bairo","Bairo","https://www.senato.it/w3/Biblioteca/catalogoDegliStatutiMedievali.nsf/de148d287da34e08c1256e4c002f1718/56e72da1c8f1ba8ac1256f9a004222ec?OpenDocument","Bairo I 1, I - Statuti dei comuni, 1409-1476",1409,"Bairo","Bairo","Bairo I 1, I - Statuti dei comuni, 1409-1476",1409,"Bairo",1015,"Bairo",1,1409,NA,NA,NA,NA
"Balangerium","Balangerium","https://www.senato.it/w3/Biblioteca/catalogoDegliStatutiMedievali.nsf/de148d287da34e08c1256e4c002f1718/036ae06b3bb1b17cc1256f9a0042231b?OpenDocument","Balangero I 1, I - Statuti dei comuni, 1342-1463",1342,"Balangero","Balangero","Balangero I 1, I - Statuti dei comuni, 1342-1463",1342,"Balangero",1016,"Balangero",1,1342,NA,NA,NA,NA
"Balangero","Balangero","https://www.senato.it/w3/Biblioteca/catalogoDegliStatutiMedievali.nsf/de148d287da34e08c1256e4c002f1718/036ae06b3bb1b17cc1256f9a0042231b?OpenDocument","Balangero I 1, I - Statuti dei comuni, 1342-1463",1342,"Balangero","Balangero","Balangero I 1, I - Statuti dei comuni, 1342-1463",1342,"Balangero",1016,"Balangero",1,1342,NA,NA,NA,NA
"Balengerium","Balengerium","https://www.senato.it/w3/Biblioteca/catalogoDegliStatutiMedievali.nsf/de148d287da34e08c1256e4c002f1718/036ae06b3bb1b17cc1256f9a0042231b?OpenDocument","Balangero I 1, I - Statuti dei comuni, 1342-1463",1342,"Balangero","Balangero","Balangero I 1, I - Statuti dei comuni, 1342-1463",1342,"Balangero",1016,"Balangero",1,1342,NA,NA,NA,NA
"Balnea Corsenae","Balnea Corsenae","https://www.senato.it/w3/Biblioteca/catalogoDegliStatutiMedievali.nsf/de148d287da34e08c1256e4c002f1718/880bba53230c74d0c1256f9a004066a0?OpenDocument","Bagni Di Lucca I 1, I - Statuti dei comuni, 1612",1612,"Bagni di Lucca","Bagni di Lucca","Bagni Di Lucca I 1, I - Statuti dei comuni, 1612",1612,"Bagni di Lucca",46002,"Bagni di Lucca",1,1612,NA,NA,NA,NA
"Balneumregis","Balneumregis","https://www.senato.it/w3/Biblioteca/catalogoDegliStatutiMedievali.nsf/de148d287da34e08c1256e4c002f1718/bcc6f4cfd2b1d182c1256f9a00406701?OpenDocument","Bagnoregio I 1, I - Statuti dei comuni, 1373",1373,"Bagnoregio","Bagnoregio","Bagnoregio I 1, I - Statuti dei comuni, 1373",1373,"Bagnoregio",56003,"Bagnoregio",1,1373,NA,NA,NA,NA
"Balneumregium","Balneumregium","https://www.senato.it/w3/Biblioteca/catalogoDegliStatutiMedievali.nsf/de148d287da34e08c1256e4c002f1718/bcc6f4cfd2b1d182c1256f9a00406701?OpenDocument","Bagnoregio I 1, I - Statuti dei comuni, 1373",1373,"Bagnoregio","Bagnoregio","Bagnoregio I 1, I - Statuti dei comuni, 1373",1373,"Bagnoregio",56003,"Bagnoregio",1,1373,NA,NA,NA,NA
"Barbania","Barbania","https://www.senato.it/w3/Biblioteca/catalogoDegliStatutiMedievali.nsf/de148d287da34e08c1256e4c002f1718/c2ed33c19bc47d64c1256f9a004223d8?OpenDocument","Barbania I 1, I - Statuti dei comuni, 1461",1461,"Barbania","Barbania","Barbania I 1, I - Statuti dei comuni, 1461",1461,"Barbania",1021,"Barbania",1,1461,NA,NA,NA,NA
"Barbara","Barbara","https://www.senato.it/w3/Biblioteca/catalogoDegliStatutiMedievali.nsf/de148d287da34e08c1256e4c002f1718/b6e629f59317cef1c1256f9a004223fc?OpenDocument","Barbara I 1, I - Statuti dei comuni, 1533-1565",1533,"Barbara","Barbara","Barbara I 1, I - Statuti dei comuni, 1533-1565",1533,"Barbara",42004,"Barbara",1,1533,NA,NA,NA,NA
"Barbarano Mossano","Barbarano Mossano","https://www.senato.it/w3/Biblioteca/catalogoDegliStatutiMedievali.nsf/de148d287da34e08c1256e4c002f1718/019f7960e896493ac1256f9a004224b6?OpenDocument","Barbarano Vicentino I 1, I - Statuti dei comuni, 1699",1699,"Barbarano Vicentino","Barbarano Vicentino","Barbarano Vicentino I 1, I - Statuti dei comuni, 1699",1699,"Barbarano Vicentino",24011,"Barbarano Vicentino",1,1699,NA,NA,NA,NA
"Barbarano Mossano","Barbarano Mossano","https://www.senato.it/w3/Biblioteca/catalogoDegliStatutiMedievali.nsf/de148d287da34e08c1256e4c002f1718/019f7960e896493ac1256f9a004224b6?OpenDocument","Barbarano Vicentino I 1, I - Statuti dei comuni, 1699",1699,"Mossano","Mossano","Barbarano Vicentino I 1, I - Statuti dei comuni, 1699",1699,"Barbarano Vicentino",24011,"Barbarano Vicentino",1,1699,NA,NA,NA,NA
"Barbarano Romano","Barbarano Romano","https://www.senato.it/w3/Biblioteca/catalogoDegliStatutiMedievali.nsf/de148d287da34e08c1256e4c002f1718/69b116695b781073c1256f9a0042245d?OpenDocument","Barbarano Romano I 1, I - Statuti dei comuni, 1606-1610",1606,"Barbarano Romano","Barbarano Romano","Barbarano Romano I 1, I - Statuti dei comuni, 1606-1610",1606,"Barbarano Romano",56004,"Barbarano Romano",1,1606,NA,NA,NA,NA
"Barbarano Vicentino","Barbarano Vicentino","https://www.senato.it/w3/Biblioteca/catalogoDegliStatutiMedievali.nsf/de148d287da34e08c1256e4c002f1718/019f7960e896493ac1256f9a004224b6?OpenDocument","Barbarano Vicentino I 1, I - Statuti dei comuni, 1699",1699,"Barbarano Vicentino","Barbarano Vicentino","Barbarano Vicentino I 1, I - Statuti dei comuni, 1699",1699,"Barbarano Vicentino",24011,"Barbarano Vicentino",1,1699,NA,NA,NA,NA
"Barbarano Vicentino","Barbarano Vicentino","https://www.senato.it/w3/Biblioteca/catalogoDegliStatutiMedievali.nsf/de148d287da34e08c1256e4c002f1718/019f7960e896493ac1256f9a004224b6?OpenDocument","Barbarano Vicentino I 1, I - Statuti dei comuni, 1699",1699,"Mossano","Mossano","Barbarano Vicentino I 1, I - Statuti dei comuni, 1699",1699,"Barbarano Vicentino",24011,"Barbarano Vicentino",1,1699,NA,NA,NA,NA
"Barbaranum","Barbaranum","https://www.senato.it/w3/Biblioteca/catalogoDegliStatutiMedievali.nsf/de148d287da34e08c1256e4c002f1718/69b116695b781073c1256f9a0042245d?OpenDocument","Barbarano Romano I 1, I - Statuti dei comuni, 1606-1610",1606,"Barbarano Romano","Barbarano Romano","Barbarano Romano I 1, I - Statuti dei comuni, 1606-1610",1606,"Barbarano Romano",56004,"Barbarano Romano",1,1606,NA,NA,NA,NA
"Barchi","Barchi","https://www.senato.it/w3/Biblioteca/catalogoDegliStatutiMedievali.nsf/de148d287da34e08c1256e4c002f1718/92c6824ce79d7c1fc1256f9a004224f3?OpenDocument","Barchi I 1, I - Statuti dei comuni, 1752",1752,"Barchi","Barchi","Barchi I 1, I - Statuti dei comuni, 1752",1752,"Barchi",41004,"Barchi",1,1752,NA,NA,NA,NA
"Barchium","Barchium","https://www.senato.it/w3/Biblioteca/catalogoDegliStatutiMedievali.nsf/de148d287da34e08c1256e4c002f1718/92c6824ce79d7c1fc1256f9a004224f3?OpenDocument","Barchi I 1, I - Statuti dei comuni, 1752",1752,"Barchi","Barchi","Barchi I 1, I - Statuti dei comuni, 1752",1752,"Barchi",41004,"Barchi",1,1752,NA,NA,NA,NA
"Bardi","Bardi","https://www.senato.it/w3/Biblioteca/catalogoDegliStatutiMedievali.nsf/de148d287da34e08c1256e4c002f1718/c1d85d5d5a530cc0c1256f9a0042250c?OpenDocument","Bardi I 1, I - Statuti dei comuni, sec. XV-XVI",NA,"Bardi","Bardi","Bardi I 1, I - Statuti dei comuni, sec. XV-XVI",NA,"Bardi",34002,"Bardi",1,NA,NA,NA,NA,NA
"Bardonecchia","Bardonecchia","https://www.senato.it/w3/Biblioteca/catalogoDegliStatutiMedievali.nsf/de148d287da34e08c1256e4c002f1718/0d98ac7da979591ec1256f9a0042258c?OpenDocument","Bardonecchia I 1, I - Statuti dei comuni, 1330",1330,"Bardonecchia","Bardonecchia","Bardonecchia I 1, I - Statuti dei comuni, 1330",1330,"Bardonecchia",1022,"Bardonecchia",1,1330,NA,NA,NA,NA
"_v89gn4p3fdpn8gor8ck_","Bardonnêche","https://www.senato.it/w3/Biblioteca/catalogoDegliStatutiMedievali.nsf/de148d287da34e08c1256e4c002f1718/0d98ac7da979591ec1256f9a0042258c?OpenDocument","Bardonecchia I 1, I - Statuti dei comuni, 1330",1330,"Bardonecchia","Bardonecchia","Bardonecchia I 1, I - Statuti dei comuni, 1330",1330,"Bardonecchia",1022,"Bardonecchia",1,1330,NA,NA,NA,NA
"Bardonneschia","Bardonneschia","https://www.senato.it/w3/Biblioteca/catalogoDegliStatutiMedievali.nsf/de148d287da34e08c1256e4c002f1718/0d98ac7da979591ec1256f9a0042258c?OpenDocument","Bardonecchia I 1, I - Statuti dei comuni, 1330",1330,"Bardonecchia","Bardonecchia","Bardonecchia I 1, I - Statuti dei comuni, 1330",1330,"Bardonecchia",1022,"Bardonecchia",1,1330,NA,NA,NA,NA
"Bardum","Bardum","https://www.senato.it/w3/Biblioteca/catalogoDegliStatutiMedievali.nsf/de148d287da34e08c1256e4c002f1718/c1d85d5d5a530cc0c1256f9a0042250c?OpenDocument","Bardi I 1, I - Statuti dei comuni, sec. XV-XVI",NA,"Bardi","Bardi","Bardi I 1, I - Statuti dei comuni, sec. XV-XVI",NA,"Bardi",34002,"Bardi",1,NA,NA,NA,NA,NA
"Barge","Barge","https://www.senato.it/w3/Biblioteca/catalogoDegliStatutiMedievali.nsf/de148d287da34e08c1256e4c002f1718/d8da8e258edc2ed0c1256f9a004225a0?OpenDocument","Barge I 1, I - Statuti dei comuni, 1374-1459",1374,"Barge","Barge","Barge I 1, I - Statuti dei comuni, 1374-1459",1374,"Barge",4012,"Barge",1,1374,NA,NA,NA,NA
"Bargiae","Bargiae","https://www.senato.it/w3/Biblioteca/catalogoDegliStatutiMedievali.nsf/de148d287da34e08c1256e4c002f1718/d8da8e258edc2ed0c1256f9a004225a0?OpenDocument","Barge I 1, I - Statuti dei comuni, 1374-1459",1374,"Barge","Barge","Barge I 1, I - Statuti dei comuni, 1374-1459",1374,"Barge",4012,"Barge",1,1374,NA,NA,NA,NA
"Bari","Bari","https://www.senato.it/w3/Biblioteca/catalogoDegliStatutiMedievali.nsf/de148d287da34e08c1256e4c002f1718/bcd381fe506103c0c1256f9a00422606?OpenDocument","Bari I 1, I - Statuti dei comuni, sec. XIII",NA,"Bari","Bari","Bari I 1, I - Statuti dei comuni, sec. XIII",NA,"Bari",72006,"Bari",1,NA,NA,NA,NA,NA
"Barium","Barium","https://www.senato.it/w3/Biblioteca/catalogoDegliStatutiMedievali.nsf/de148d287da34e08c1256e4c002f1718/bcd381fe506103c0c1256f9a00422606?OpenDocument","Bari I 1, I - Statuti dei comuni, sec. XIII",NA,"Bari","Bari","Bari I 1, I - Statuti dei comuni, sec. XIII",NA,"Bari",72006,"Bari",1,NA,NA,NA,NA,NA
"Barlecta","Barlecta","https://www.senato.it/w3/Biblioteca/catalogoDegliStatutiMedievali.nsf/de148d287da34e08c1256e4c002f1718/2555d0f06f418a9cc1256f9a00422678?OpenDocument","Barletta I 1, I - Statuti dei comuni, 1234-1658",1234,"Barletta","Barletta","Barletta I 1, I - Statuti dei comuni, 1234-1658",1234,"Barletta",110002,"Barletta",1,1234,NA,NA,NA,NA
"Barletta","Barletta","https://www.senato.it/w3/Biblioteca/catalogoDegliStatutiMedievali.nsf/de148d287da34e08c1256e4c002f1718/2555d0f06f418a9cc1256f9a00422678?OpenDocument","Barletta I 1, I - Statuti dei comuni, 1234-1658",1234,"Barletta","Barletta","Barletta I 1, I - Statuti dei comuni, 1234-1658",1234,"Barletta",110002,"Barletta",1,1234,NA,NA,NA,NA
"Barolum","Barolum","https://www.senato.it/w3/Biblioteca/catalogoDegliStatutiMedievali.nsf/de148d287da34e08c1256e4c002f1718/2555d0f06f418a9cc1256f9a00422678?OpenDocument","Barletta I 1, I - Statuti dei comuni, 1234-1658",1234,"Barletta","Barletta","Barletta I 1, I - Statuti dei comuni, 1234-1658",1234,"Barletta",110002,"Barletta",1,1234,NA,NA,NA,NA
"Barrium","Barrium","https://www.senato.it/w3/Biblioteca/catalogoDegliStatutiMedievali.nsf/de148d287da34e08c1256e4c002f1718/bcd381fe506103c0c1256f9a00422606?OpenDocument","Bari I 1, I - Statuti dei comuni, sec. XIII",NA,"Bari","Bari","Bari I 1, I - Statuti dei comuni, sec. XIII",NA,"Bari",72006,"Bari",1,NA,NA,NA,NA,NA
"Barulum","Barulum","https://www.senato.it/w3/Biblioteca/catalogoDegliStatutiMedievali.nsf/de148d287da34e08c1256e4c002f1718/2555d0f06f418a9cc1256f9a00422678?OpenDocument","Barletta I 1, I - Statuti dei comuni, 1234-1658",1234,"Barletta","Barletta","Barletta I 1, I - Statuti dei comuni, 1234-1658",1234,"Barletta",110002,"Barletta",1,1234,NA,NA,NA,NA
"Baschi","Baschi","https://www.senato.it/w3/Biblioteca/catalogoDegliStatutiMedievali.nsf/de148d287da34e08c1256e4c002f1718/c6d0e8b552e9f165c1256f9a004226d6?OpenDocument","Baschi I 1, I - Statuti dei comuni, sec. XV",NA,"Baschi","Baschi","Baschi I 1, I - Statuti dei comuni, sec. XV",NA,"Baschi",55007,"Baschi",1,NA,NA,NA,NA,NA
"Baschium","Baschium","https://www.senato.it/w3/Biblioteca/catalogoDegliStatutiMedievali.nsf/de148d287da34e08c1256e4c002f1718/c6d0e8b552e9f165c1256f9a004226d6?OpenDocument","Baschi I 1, I - Statuti dei comuni, sec. XV",NA,"Baschi","Baschi","Baschi I 1, I - Statuti dei comuni, sec. XV",NA,"Baschi",55007,"Baschi",1,NA,NA,NA,NA,NA
"Bassano del Grappa","Bassano del Grappa","https://www.senato.it/w3/Biblioteca/catalogoDegliStatutiMedievali.nsf/de148d287da34e08c1256e4c002f1718/fc4b93da1cf0f1b5c1256f9a00422706?OpenDocument","Bassano Del Grappa I 1, I - Statuti dei comuni, 1259-1267",1259,"Bassano del Grappa","Bassano del Grappa","Bassano Del Grappa I 1, I - Statuti dei comuni, 1259-1267",1259,"Bassano del Grappa",24012,"Bassano del Grappa",1,1259,NA,NA,NA,NA
"Bassanum","Bassanum","https://www.senato.it/w3/Biblioteca/catalogoDegliStatutiMedievali.nsf/de148d287da34e08c1256e4c002f1718/fc4b93da1cf0f1b5c1256f9a00422706?OpenDocument","Bassano Del Grappa I 1, I - Statuti dei comuni, 1259-1267",1259,"Bassano del Grappa","Bassano del Grappa","Bassano Del Grappa I 1, I - Statuti dei comuni, 1259-1267",1259,"Bassano del Grappa",24012,"Bassano del Grappa",1,1259,NA,NA,NA,NA
"Bassiano","Bassiano","https://www.senato.it/w3/Biblioteca/catalogoDegliStatutiMedievali.nsf/de148d287da34e08c1256e4c002f1718/a8721cc5d6ff3176c1256f9a004227b8?OpenDocument","Bassiano I 1, I - Statuti dei comuni, 1541-1583",1541,"Bassiano","Bassiano","Bassiano I 1, I - Statuti dei comuni, 1541-1583",1541,"Bassiano",59002,"Bassiano",1,1541,NA,NA,NA,NA
"Bassianum","Bassianum","https://www.senato.it/w3/Biblioteca/catalogoDegliStatutiMedievali.nsf/de148d287da34e08c1256e4c002f1718/a8721cc5d6ff3176c1256f9a004227b8?OpenDocument","Bassiano I 1, I - Statuti dei comuni, 1541-1583",1541,"Bassiano","Bassiano","Bassiano I 1, I - Statuti dei comuni, 1541-1583",1541,"Bassiano",59002,"Bassiano",1,1541,NA,NA,NA,NA
"Bastia nell'Umbria","Bastia nell'Umbria","https://www.senato.it/w3/Biblioteca/catalogoDegliStatutiMedievali.nsf/de148d287da34e08c1256e4c002f1718/a4310d2720bfd0d7c1256f9a0042281b?OpenDocument","Bastia Umbra I 1, I - Statuti dei comuni, 1662-1773",1662,"Bastia Umbra","Bastia Umbra","Bastia Umbra I 1, I - Statuti dei comuni, 1662-1773",1662,"Bastia Umbra",54002,"Bastia Umbra",1,1662,NA,NA,NA,NA
"Bastia Umbra","Bastia Umbra","https://www.senato.it/w3/Biblioteca/catalogoDegliStatutiMedievali.nsf/de148d287da34e08c1256e4c002f1718/a4310d2720bfd0d7c1256f9a0042281b?OpenDocument","Bastia Umbra I 1, I - Statuti dei comuni, 1662-1773",1662,"Bastia Umbra","Bastia Umbra","Bastia Umbra I 1, I - Statuti dei comuni, 1662-1773",1662,"Bastia Umbra",54002,"Bastia Umbra",1,1662,NA,NA,NA,NA
"Baxanum","Baxanum","https://www.senato.it/w3/Biblioteca/catalogoDegliStatutiMedievali.nsf/de148d287da34e08c1256e4c002f1718/fc4b93da1cf0f1b5c1256f9a00422706?OpenDocument","Bassano Del Grappa I 1, I - Statuti dei comuni, 1259-1267",1259,"Bassano del Grappa","Bassano del Grappa","Bassano Del Grappa I 1, I - Statuti dei comuni, 1259-1267",1259,"Bassano del Grappa",24012,"Bassano del Grappa",1,1259,NA,NA,NA,NA
"Bayrum","Bayrum","https://www.senato.it/w3/Biblioteca/catalogoDegliStatutiMedievali.nsf/de148d287da34e08c1256e4c002f1718/56e72da1c8f1ba8ac1256f9a004222ec?OpenDocument","Bairo I 1, I - Statuti dei comuni, 1409-1476",1409,"Bairo","Bairo","Bairo I 1, I - Statuti dei comuni, 1409-1476",1409,"Bairo",1015,"Bairo",1,1409,NA,NA,NA,NA
"Bazzano","Bazzano","https://www.senato.it/w3/Biblioteca/catalogoDegliStatutiMedievali.nsf/de148d287da34e08c1256e4c002f1718/f01fe61768e0a5fec1256f9a00422883?OpenDocument","Bazzano II2 1, II 2 - Confraternite",NA,"Bazzano","Bazzano","Bazzano II2 1, II 2 - Confraternite",NA,"Bazzano",37004,"Bazzano",1,NA,NA,NA,NA,NA
"Beinette","Beinette","https://www.senato.it/w3/Biblioteca/catalogoDegliStatutiMedievali.nsf/de148d287da34e08c1256e4c002f1718/3ed81160a771d1e1c1256f9a004228bd?OpenDocument","Beinette I 1, I - Statuti dei comuni, 1358",1358,"Beinette","Beinette","Beinette I 1, I - Statuti dei comuni, 1358",1358,"Beinette",4016,"Beinette",1,1358,NA,NA,NA,NA
"Belforte del Chienti","Belforte del Chienti","https://www.senato.it/w3/Biblioteca/catalogoDegliStatutiMedievali.nsf/de148d287da34e08c1256e4c002f1718/2a213e16f178658bc1256f9a004228dd?OpenDocument","Belforte Del Chienti I 1, I - Statuti dei comuni, 1567",1567,"Belforte del Chienti","Belforte del Chienti","Belforte Del Chienti I 1, I - Statuti dei comuni, 1567",1567,"Belforte del Chienti",43004,"Belforte del Chienti",1,1567,NA,NA,NA,NA
"Belfortis","Belfortis","https://www.senato.it/w3/Biblioteca/catalogoDegliStatutiMedievali.nsf/de148d287da34e08c1256e4c002f1718/2a213e16f178658bc1256f9a004228dd?OpenDocument","Belforte Del Chienti I 1, I - Statuti dei comuni, 1567",1567,"Belforte del Chienti","Belforte del Chienti","Belforte Del Chienti I 1, I - Statuti dei comuni, 1567",1567,"Belforte del Chienti",43004,"Belforte del Chienti",1,1567,NA,NA,NA,NA
"Bellano","Bellano","https://www.senato.it/w3/Biblioteca/catalogoDegliStatutiMedievali.nsf/de148d287da34e08c1256e4c002f1718/0c94fbc2d6ae7aecc1256f9a004228f4?OpenDocument","Bellano I 1, I - Statuti dei comuni, 1370-1544",1370,"Bellano","Bellano","Bellano I 1, I - Statuti dei comuni, 1370-1544",1370,"Bellano",97008,"Bellano",1,1370,NA,NA,NA,NA
"Bellanum","Bellanum","https://www.senato.it/w3/Biblioteca/catalogoDegliStatutiMedievali.nsf/de148d287da34e08c1256e4c002f1718/0c94fbc2d6ae7aecc1256f9a004228f4?OpenDocument","Bellano I 1, I - Statuti dei comuni, 1370-1544",1370,"Bellano","Bellano","Bellano I 1, I - Statuti dei comuni, 1370-1544",1370,"Bellano",97008,"Bellano",1,1370,NA,NA,NA,NA
"Bellengerium","Bellengerium","https://www.senato.it/w3/Biblioteca/catalogoDegliStatutiMedievali.nsf/de148d287da34e08c1256e4c002f1718/036ae06b3bb1b17cc1256f9a0042231b?OpenDocument","Balangero I 1, I - Statuti dei comuni, 1342-1463",1342,"Balangero","Balangero","Balangero I 1, I - Statuti dei comuni, 1342-1463",1342,"Balangero",1016,"Balangero",1,1342,NA,NA,NA,NA
"Belluno","Belluno","https://www.senato.it/w3/Biblioteca/catalogoDegliStatutiMedievali.nsf/de148d287da34e08c1256e4c002f1718/66d19c8897ca1162c1256f9a00422a7c?OpenDocument","Belluno I 1, I - Statuti dei comuni, 1300-1528",1300,"Belluno","Belluno","Belluno I 1, I - Statuti dei comuni, 1300-1528",1300,"Belluno",25006,"Belluno",1,1300,NA,NA,NA,NA
"Bellunum","Bellunum","https://www.senato.it/w3/Biblioteca/catalogoDegliStatutiMedievali.nsf/de148d287da34e08c1256e4c002f1718/66d19c8897ca1162c1256f9a00422a7c?OpenDocument","Belluno I 1, I - Statuti dei comuni, 1300-1528",1300,"Belluno","Belluno","Belluno I 1, I - Statuti dei comuni, 1300-1528",1300,"Belluno",25006,"Belluno",1,1300,NA,NA,NA,NA
"Belvedere","Belvedere","https://www.senato.it/w3/Biblioteca/catalogoDegliStatutiMedievali.nsf/de148d287da34e08c1256e4c002f1718/3a79fb5103d945f3c1256fa3005fb538?OpenDocument","Lizzano in Belvedere I 1, I - Statuti dei comuni, 1381-1670",1381,"Lizzano in Belvedere","Lizzano in Belvedere","Lizzano in Belvedere I 1, I - Statuti dei comuni, 1381-1670",1381,"Lizzano in Belvedere",37033,"Lizzano in Belvedere",1,1381,NA,NA,NA,NA
"Bene","Bene","https://www.senato.it/w3/Biblioteca/catalogoDegliStatutiMedievali.nsf/de148d287da34e08c1256e4c002f1718/4207aa4ee6e1ca1dc1256f9a00422c78?OpenDocument","Bene Vagienna I 1, I - Statuti dei comuni, 1196",1196,"Bene Vagienna","Bene Vagienna","Bene Vagienna I 1, I - Statuti dei comuni, 1196",1196,"Bene Vagienna",4019,"Bene Vagienna",1,1196,NA,NA,NA,NA
"Bene Vagienna","Bene Vagienna","https://www.senato.it/w3/Biblioteca/catalogoDegliStatutiMedievali.nsf/de148d287da34e08c1256e4c002f1718/4207aa4ee6e1ca1dc1256f9a00422c78?OpenDocument","Bene Vagienna I 1, I - Statuti dei comuni, 1196",1196,"Bene Vagienna","Bene Vagienna","Bene Vagienna I 1, I - Statuti dei comuni, 1196",1196,"Bene Vagienna",4019,"Bene Vagienna",1,1196,NA,NA,NA,NA
"Benevento","Benevento","https://www.senato.it/w3/Biblioteca/catalogoDegliStatutiMedievali.nsf/de148d287da34e08c1256e4c002f1718/a388f9c33516aeeac1256f9a00422b6a?OpenDocument","Benevento I 1, I - Statuti dei comuni, 1202-1230",1202,"Benevento","Benevento","Benevento I 1, I - Statuti dei comuni, 1202-1230",1202,"Benevento",62008,"Benevento",1,1202,NA,NA,NA,NA
"Beneventum","Beneventum","https://www.senato.it/w3/Biblioteca/catalogoDegliStatutiMedievali.nsf/de148d287da34e08c1256e4c002f1718/a388f9c33516aeeac1256f9a00422b6a?OpenDocument","Benevento I 1, I - Statuti dei comuni, 1202-1230",1202,"Benevento","Benevento","Benevento I 1, I - Statuti dei comuni, 1202-1230",1202,"Benevento",62008,"Benevento",1,1202,NA,NA,NA,NA
"Bennette","Bennette","https://www.senato.it/w3/Biblioteca/catalogoDegliStatutiMedievali.nsf/de148d287da34e08c1256e4c002f1718/3ed81160a771d1e1c1256f9a004228bd?OpenDocument","Beinette I 1, I - Statuti dei comuni, 1358",1358,"Beinette","Beinette","Beinette I 1, I - Statuti dei comuni, 1358",1358,"Beinette",4016,"Beinette",1,1358,NA,NA,NA,NA
"Bergamo","Bergamo","https://www.senato.it/w3/Biblioteca/catalogoDegliStatutiMedievali.nsf/de148d287da34e08c1256e4c002f1718/cbe15330b6d47ea0c1256f9a00422d2f?OpenDocument","Bergamo I 1, I - Statuti dei comuni, 1217-1577",1217,"Bergamo","Bergamo","Bergamo I 1, I - Statuti dei comuni, 1217-1577",1217,"Bergamo",16024,"Bergamo",1,1217,NA,NA,NA,NA
"Bergomum","Bergomum","https://www.senato.it/w3/Biblioteca/catalogoDegliStatutiMedievali.nsf/de148d287da34e08c1256e4c002f1718/cbe15330b6d47ea0c1256f9a00422d2f?OpenDocument","Bergamo I 1, I - Statuti dei comuni, 1217-1577",1217,"Bergamo","Bergamo","Bergamo I 1, I - Statuti dei comuni, 1217-1577",1217,"Bergamo",16024,"Bergamo",1,1217,NA,NA,NA,NA
"Bertinoro","Bertinoro","https://www.senato.it/w3/Biblioteca/catalogoDegliStatutiMedievali.nsf/de148d287da34e08c1256e4c002f1718/fb4b331a5cbf30f2c1256f9a00423335?OpenDocument","Bertinoro I 1, I - Statuti dei comuni, 1513-1705",1513,"Bertinoro","Bertinoro","Bertinoro I 1, I - Statuti dei comuni, 1513-1705",1513,"Bertinoro",40003,"Bertinoro",1,1513,NA,NA,NA,NA
"Berzo Inferiore","Berzo Inferiore","https://www.senato.it/w3/Biblioteca/catalogoDegliStatutiMedievali.nsf/de148d287da34e08c1256e4c002f1718/2beb6be28892f031c1256f9a0042334b?OpenDocument","Berzo Inferiore I 1, I - Statuti dei comuni, 1750",1750,"Berzo Inferiore","Berzo Inferiore","Berzo Inferiore I 1, I - Statuti dei comuni, 1750",1750,"Berzo Inferiore",17017,"Berzo Inferiore",1,1750,NA,NA,NA,NA
"Biancavilla","Biancavilla","https://www.senato.it/w3/Biblioteca/catalogoDegliStatutiMedievali.nsf/de148d287da34e08c1256e4c002f1718/0e4ff30020345ea8c1256f9a0042335e?OpenDocument","Biancavilla I 1, I - Statuti dei comuni, 1488-1568",1488,"Biancavilla","Biancavilla","Biancavilla I 1, I - Statuti dei comuni, 1488-1568",1488,"Biancavilla",87008,"Biancavilla",1,1488,NA,NA,NA,NA
"Bianco","Bianco","https://www.senato.it/w3/Biblioteca/catalogoDegliStatutiMedievali.nsf/de148d287da34e08c1256e4c002f1718/414816e9dd6bee2cc1256f9a00423370?OpenDocument","Bianco I 1, I - Statuti dei comuni, 1492",1492,"Bianco","Bianco","Bianco I 1, I - Statuti dei comuni, 1492",1492,"Bianco",80009,"Bianco",1,1492,NA,NA,NA,NA
"Biandrate","Biandrate","https://www.senato.it/w3/Biblioteca/catalogoDegliStatutiMedievali.nsf/de148d287da34e08c1256e4c002f1718/997ee2ca15de0b4cc1256f9a0042337d?OpenDocument","Biandrate I 1, I - Statuti dei comuni, 1395-1677",1395,"Biandrate","Biandrate","Biandrate I 1, I - Statuti dei comuni, 1395-1677",1395,"Biandrate",3018,"Biandrate",1,1395,NA,NA,NA,NA
"Bibbona","Bibbona","https://www.senato.it/w3/Biblioteca/catalogoDegliStatutiMedievali.nsf/de148d287da34e08c1256e4c002f1718/5b197b47d3d0a7bbc1256f9a004233c8?OpenDocument","Bibbona I 1, I - Statuti dei comuni, 1406-1413",1406,"Bibbona","Bibbona","Bibbona I 1, I - Statuti dei comuni, 1406-1413",1406,"Bibbona",49001,"Bibbona",1,1406,NA,NA,NA,NA
"Bibbonis","Bibbonis","https://www.senato.it/w3/Biblioteca/catalogoDegliStatutiMedievali.nsf/de148d287da34e08c1256e4c002f1718/5b197b47d3d0a7bbc1256f9a004233c8?OpenDocument","Bibbona I 1, I - Statuti dei comuni, 1406-1413",1406,"Bibbona","Bibbona","Bibbona I 1, I - Statuti dei comuni, 1406-1413",1406,"Bibbona",49001,"Bibbona",1,1406,NA,NA,NA,NA
"Bidruntum","Bidruntum","https://www.senato.it/w3/Biblioteca/catalogoDegliStatutiMedievali.nsf/de148d287da34e08c1256e4c002f1718/7a0f298b488962ecc1256f9a004235a9?OpenDocument","Bitonto I 1, I - Statuti dei comuni, 1491",1491,"Bitonto","Bitonto","Bitonto I 1, I - Statuti dei comuni, 1491",1491,"Bitonto",72011,"Bitonto",1,1491,NA,NA,NA,NA
"Biella","Biella","https://www.senato.it/w3/Biblioteca/catalogoDegliStatutiMedievali.nsf/de148d287da34e08c1256e4c002f1718/07271cd8439a0891c1256f9a00423411?OpenDocument","Biella I 1, I - Statuti dei comuni, 1203-1680",1203,"Biella","Biella","Biella I 1, I - Statuti dei comuni, 1203-1680",1203,"Biella",96004,"Biella",1,1203,NA,NA,NA,NA
"Bientina","Bientina","https://www.senato.it/w3/Biblioteca/catalogoDegliStatutiMedievali.nsf/de148d287da34e08c1256e4c002f1718/789b1eac6aec8031c1256f9a0042348d?OpenDocument","Bientina I 1, I - Statuti dei comuni, 1571-1719",1571,"Bientina","Bientina","Bientina I 1, I - Statuti dei comuni, 1571-1719",1571,"Bientina",50001,"Bientina",1,1571,NA,NA,NA,NA
"Bigarellium","Bigarellium","https://www.senato.it/w3/Biblioteca/catalogoDegliStatutiMedievali.nsf/de148d287da34e08c1256e4c002f1718/5c300523473a2a0ec1256f9a004234ac?OpenDocument","Bigarello I 1, I - Statuti dei comuni, 1362",1362,"Bigarello","Bigarello","Bigarello I 1, I - Statuti dei comuni, 1362",1362,"Bigarello",20004,"Bigarello",1,1362,NA,NA,NA,NA
"Bigarello","Bigarello","https://www.senato.it/w3/Biblioteca/catalogoDegliStatutiMedievali.nsf/de148d287da34e08c1256e4c002f1718/5c300523473a2a0ec1256f9a004234ac?OpenDocument","Bigarello I 1, I - Statuti dei comuni, 1362",1362,"Bigarello","Bigarello","Bigarello I 1, I - Statuti dei comuni, 1362",1362,"Bigarello",20004,"Bigarello",1,1362,NA,NA,NA,NA
"Biolzagum","Biolzagum","https://www.senato.it/w3/Biblioteca/catalogoDegliStatutiMedievali.nsf/de148d287da34e08c1256e4c002f1718/6ca78bd285da331ac1256f9a004283ed?OpenDocument","Bulciago I 1, I - Statuti dei comuni, 1232-1247",1232,"Bulciago","Bulciago","Bulciago I 1, I - Statuti dei comuni, 1232-1247",1232,"Bulciago",97011,"Bulciago",1,1232,NA,NA,NA,NA
"Bistagno","Bistagno","https://www.senato.it/w3/Biblioteca/catalogoDegliStatutiMedievali.nsf/de148d287da34e08c1256e4c002f1718/3add3cbc3a41f92cc1256f9a00423577?OpenDocument","Bistagno I 1, I - Statuti dei comuni, 1575-1620",1575,"Bistagno","Bistagno","Bistagno I 1, I - Statuti dei comuni, 1575-1620",1575,"Bistagno",6017,"Bistagno",1,1575,NA,NA,NA,NA
"Bistagnum","Bistagnum","https://www.senato.it/w3/Biblioteca/catalogoDegliStatutiMedievali.nsf/de148d287da34e08c1256e4c002f1718/3add3cbc3a41f92cc1256f9a00423577?OpenDocument","Bistagno I 1, I - Statuti dei comuni, 1575-1620",1575,"Bistagno","Bistagno","Bistagno I 1, I - Statuti dei comuni, 1575-1620",1575,"Bistagno",6017,"Bistagno",1,1575,NA,NA,NA,NA
"Bitonto","Bitonto","https://www.senato.it/w3/Biblioteca/catalogoDegliStatutiMedievali.nsf/de148d287da34e08c1256e4c002f1718/7a0f298b488962ecc1256f9a004235a9?OpenDocument","Bitonto I 1, I - Statuti dei comuni, 1491",1491,"Bitonto","Bitonto","Bitonto I 1, I - Statuti dei comuni, 1491",1491,"Bitonto",72011,"Bitonto",1,1491,NA,NA,NA,NA
"Bitontum","Bitontum","https://www.senato.it/w3/Biblioteca/catalogoDegliStatutiMedievali.nsf/de148d287da34e08c1256e4c002f1718/7a0f298b488962ecc1256f9a004235a9?OpenDocument","Bitonto I 1, I - Statuti dei comuni, 1491",1491,"Bitonto","Bitonto","Bitonto I 1, I - Statuti dei comuni, 1491",1491,"Bitonto",72011,"Bitonto",1,1491,NA,NA,NA,NA
"Bituntum","Bituntum","https://www.senato.it/w3/Biblioteca/catalogoDegliStatutiMedievali.nsf/de148d287da34e08c1256e4c002f1718/7a0f298b488962ecc1256f9a004235a9?OpenDocument","Bitonto I 1, I - Statuti dei comuni, 1491",1491,"Bitonto","Bitonto","Bitonto I 1, I - Statuti dei comuni, 1491",1491,"Bitonto",72011,"Bitonto",1,1491,NA,NA,NA,NA
"Blanderatum","Blanderatum","https://www.senato.it/w3/Biblioteca/catalogoDegliStatutiMedievali.nsf/de148d287da34e08c1256e4c002f1718/997ee2ca15de0b4cc1256f9a0042337d?OpenDocument","Biandrate I 1, I - Statuti dei comuni, 1395-1677",1395,"Biandrate","Biandrate","Biandrate I 1, I - Statuti dei comuni, 1395-1677",1395,"Biandrate",3018,"Biandrate",1,1395,NA,NA,NA,NA
"Blandratum","Blandratum","https://www.senato.it/w3/Biblioteca/catalogoDegliStatutiMedievali.nsf/de148d287da34e08c1256e4c002f1718/997ee2ca15de0b4cc1256f9a0042337d?OpenDocument","Biandrate I 1, I - Statuti dei comuni, 1395-1677",1395,"Biandrate","Biandrate","Biandrate I 1, I - Statuti dei comuni, 1395-1677",1395,"Biandrate",3018,"Biandrate",1,1395,NA,NA,NA,NA
"Blentina","Blentina","https://www.senato.it/w3/Biblioteca/catalogoDegliStatutiMedievali.nsf/de148d287da34e08c1256e4c002f1718/789b1eac6aec8031c1256f9a0042348d?OpenDocument","Bientina I 1, I - Statuti dei comuni, 1571-1719",1571,"Bientina","Bientina","Bientina I 1, I - Statuti dei comuni, 1571-1719",1571,"Bientina",50001,"Bientina",1,1571,NA,NA,NA,NA
"Bobbio","Bobbio","https://www.senato.it/w3/Biblioteca/catalogoDegliStatutiMedievali.nsf/de148d287da34e08c1256e4c002f1718/2bb77d1e572eff43c1256f9a00423633?OpenDocument","Bobbio I 1, I - Statuti dei comuni, 1342-1682",1342,"Bobbio","Bobbio","Bobbio I 1, I - Statuti dei comuni, 1342-1682",1342,"Bobbio",33005,"Bobbio",1,1342,NA,NA,NA,NA
"Bobbium","Bobbium","https://www.senato.it/w3/Biblioteca/catalogoDegliStatutiMedievali.nsf/de148d287da34e08c1256e4c002f1718/2bb77d1e572eff43c1256f9a00423633?OpenDocument","Bobbio I 1, I - Statuti dei comuni, 1342-1682",1342,"Bobbio","Bobbio","Bobbio I 1, I - Statuti dei comuni, 1342-1682",1342,"Bobbio",33005,"Bobbio",1,1342,NA,NA,NA,NA
"Bobium","Bobium","https://www.senato.it/w3/Biblioteca/catalogoDegliStatutiMedievali.nsf/de148d287da34e08c1256e4c002f1718/2bb77d1e572eff43c1256f9a00423633?OpenDocument","Bobbio I 1, I - Statuti dei comuni, 1342-1682",1342,"Bobbio","Bobbio","Bobbio I 1, I - Statuti dei comuni, 1342-1682",1342,"Bobbio",33005,"Bobbio",1,1342,NA,NA,NA,NA
"Bolano","Bolano","https://www.senato.it/w3/Biblioteca/catalogoDegliStatutiMedievali.nsf/de148d287da34e08c1256e4c002f1718/c83d3961ac82eb26c1256f9a00423668?OpenDocument","Bolano I 1, I - Statuti dei comuni, 1432-1774",1432,"Bolano","Bolano","Bolano I 1, I - Statuti dei comuni, 1432-1774",1432,"Bolano",11004,"Bolano",1,1432,NA,NA,NA,NA
"Bolengo","Bolengo","https://www.senato.it/w3/Biblioteca/catalogoDegliStatutiMedievali.nsf/de148d287da34e08c1256e4c002f1718/e40b796705e85f90c1256f9a004236c7?OpenDocument","Bollengo I 1, I - Statuti dei comuni, 1250",1250,"Bollengo","Bollengo","Bollengo I 1, I - Statuti dei comuni, 1250",1250,"Bollengo",1027,"Bollengo",1,1250,NA,NA,NA,NA
"Bolengum","Bolengum","https://www.senato.it/w3/Biblioteca/catalogoDegliStatutiMedievali.nsf/de148d287da34e08c1256e4c002f1718/e40b796705e85f90c1256f9a004236c7?OpenDocument","Bollengo I 1, I - Statuti dei comuni, 1250",1250,"Bollengo","Bollengo","Bollengo I 1, I - Statuti dei comuni, 1250",1250,"Bollengo",1027,"Bollengo",1,1250,NA,NA,NA,NA
"Bollano","Bollano","https://www.senato.it/w3/Biblioteca/catalogoDegliStatutiMedievali.nsf/de148d287da34e08c1256e4c002f1718/c83d3961ac82eb26c1256f9a00423668?OpenDocument","Bolano I 1, I - Statuti dei comuni, 1432-1774",1432,"Bolano","Bolano","Bolano I 1, I - Statuti dei comuni, 1432-1774",1432,"Bolano",11004,"Bolano",1,1432,NA,NA,NA,NA
"Bollanum","Bollanum","https://www.senato.it/w3/Biblioteca/catalogoDegliStatutiMedievali.nsf/de148d287da34e08c1256e4c002f1718/c83d3961ac82eb26c1256f9a00423668?OpenDocument","Bolano I 1, I - Statuti dei comuni, 1432-1774",1432,"Bolano","Bolano","Bolano I 1, I - Statuti dei comuni, 1432-1774",1432,"Bolano",11004,"Bolano",1,1432,NA,NA,NA,NA
"Bollengo","Bollengo","https://www.senato.it/w3/Biblioteca/catalogoDegliStatutiMedievali.nsf/de148d287da34e08c1256e4c002f1718/e40b796705e85f90c1256f9a004236c7?OpenDocument","Bollengo I 1, I - Statuti dei comuni, 1250",1250,"Bollengo","Bollengo","Bollengo I 1, I - Statuti dei comuni, 1250",1250,"Bollengo",1027,"Bollengo",1,1250,NA,NA,NA,NA
"Bologna","Bologna","https://www.senato.it/w3/Biblioteca/catalogoDegliStatutiMedievali.nsf/de148d287da34e08c1256e4c002f1718/ea7c226e0978fa76c1256f9a0042379c?OpenDocument","Bologna I 1, I - Statuti dei comuni, 1245-1267",1245,"Bologna","Bologna","Bologna I 1, I - Statuti dei comuni, 1245-1267",1245,"Bologna",37006,"Bologna",1,1245,NA,NA,NA,NA
"Bolpino","Bolpino","https://www.senato.it/w3/Biblioteca/catalogoDegliStatutiMedievali.nsf/de148d287da34e08c1256e4c002f1718/b245454027c3db5cc1256f9a0056e5e3?OpenDocument","Costa Volpino I 1, I - Statuti dei comuni, 1486-1595",1486,"Costa Volpino","Costa Volpino","Costa Volpino I 1, I - Statuti dei comuni, 1486-1595",1486,"Costa Volpino",16086,"Costa Volpino",1,1486,NA,NA,NA,NA
"Bononia","Bononia","https://www.senato.it/w3/Biblioteca/catalogoDegliStatutiMedievali.nsf/de148d287da34e08c1256e4c002f1718/ea7c226e0978fa76c1256f9a0042379c?OpenDocument","Bologna I 1, I - Statuti dei comuni, 1245-1267",1245,"Bologna","Bologna","Bologna I 1, I - Statuti dei comuni, 1245-1267",1245,"Bologna",37006,"Bologna",1,1245,NA,NA,NA,NA
"Borghetto","Borghetto","https://www.senato.it/w3/Biblioteca/catalogoDegliStatutiMedievali.nsf/de148d287da34e08c1256e4c002f1718/29e36a0377ff0f37c1256f9a00427492?OpenDocument","Borgovelino I 1, I - Statuti dei comuni, 1578-1583",1578,"Borgo Velino","Borgo Velino","Borgovelino I 1, I - Statuti dei comuni, 1578-1583",1578,"Borgo Velino",57008,"Borgo Velino",1,1578,NA,NA,NA,NA
"Borghetto Lodigiano","Borghetto Lodigiano","https://www.senato.it/w3/Biblioteca/catalogoDegliStatutiMedievali.nsf/de148d287da34e08c1256e4c002f1718/efac7e2f73128a22c1256f9a004273d9?OpenDocument","Borghetto Lodigiano I 1, I - Statuti dei comuni, 1204",1204,"Borghetto Lodigiano","Borghetto Lodigiano","Borghetto Lodigiano I 1, I - Statuti dei comuni, 1204",1204,"Borghetto Lodigiano",98004,"Borghetto Lodigiano",1,1204,NA,NA,NA,NA
"Borghi","Borghi","https://www.senato.it/w3/Biblioteca/catalogoDegliStatutiMedievali.nsf/de148d287da34e08c1256e4c002f1718/73c1ecfe264c134dc1256f9a00427424?OpenDocument","Borghi I 1, I - Statuti dei comuni, 1553",1553,"Borghi","Borghi","Borghi I 1, I - Statuti dei comuni, 1553",1553,"Borghi",40004,"Borghi",1,1553,NA,NA,NA,NA
"Borgo a Mozzano","Borgo a Mozzano","https://www.senato.it/w3/Biblioteca/catalogoDegliStatutiMedievali.nsf/de148d287da34e08c1256e4c002f1718/60eea89e4319762dc1256f9a004274ac?OpenDocument","Borgo a Mozzano I 1, I - Statuti dei comuni, 1363",1363,"Borgo a Mozzano","Borgo a Mozzano","Borgo a Mozzano I 1, I - Statuti dei comuni, 1363",1363,"Borgo a Mozzano",46004,"Borgo a Mozzano",1,1363,NA,NA,NA,NA
"Borgo San Donnino","Borgo San Donnino","https://www.senato.it/w3/Biblioteca/catalogoDegliStatutiMedievali.nsf/de148d287da34e08c1256e4c002f1718/3161e5639a264114c1256fa2005a0652?OpenDocument","Fidenza I 1, I - Statuti dei comuni, 1391-1425",1391,"Fidenza","Fidenza","Fidenza I 1, I - Statuti dei comuni, 1391-1425",1391,"Fidenza",34014,"Fidenza",1,1391,NA,NA,NA,NA
"Borgo San Martino","Borgo San Martino","https://www.senato.it/w3/Biblioteca/catalogoDegliStatutiMedievali.nsf/de148d287da34e08c1256e4c002f1718/94b4dafc5a3c4b00c1256f9a004274cc?OpenDocument","Borgo San Martino I 1, I - Statuti dei comuni, 1278-1279",1278,"Borgo San Martino","Borgo San Martino","Borgo San Martino I 1, I - Statuti dei comuni, 1278-1279",1278,"Borgo San Martino",6020,"Borgo San Martino",1,1278,NA,NA,NA,NA
"Borgo San Sepolcro","Borgo San Sepolcro","https://www.senato.it/w3/Biblioteca/catalogoDegliStatutiMedievali.nsf/de148d287da34e08c1256e4c002f1718/466092aced056bcfc1256fac00401fe5?OpenDocument","Sansepolcro I 1, I - Statuti dei comuni, 1460",1460,"Sansepolcro","Sansepolcro","Sansepolcro I 1, I - Statuti dei comuni, 1460",1460,"Sansepolcro",51034,"Sansepolcro",1,1460,NA,NA,NA,NA
"Borgo Val di Taro","Borgo Val di Taro","https://www.senato.it/w3/Biblioteca/catalogoDegliStatutiMedievali.nsf/de148d287da34e08c1256e4c002f1718/11fae125345a99eec1256f9a00454339?OpenDocument","Borgo Val Di Taro I 1, I - Statuti dei comuni, 1467-1692",1467,"Borgo Val di Taro","Borgo Val di Taro","Borgo Val Di Taro I 1, I - Statuti dei comuni, 1467-1692",1467,"Borgo Val di Taro",34006,"Borgo Val di Taro",1,1467,NA,NA,NA,NA
"Borgo Velino","Borgo Velino","https://www.senato.it/w3/Biblioteca/catalogoDegliStatutiMedievali.nsf/de148d287da34e08c1256e4c002f1718/29e36a0377ff0f37c1256f9a00427492?OpenDocument","Borgovelino I 1, I - Statuti dei comuni, 1578-1583",1578,"Borgo Velino","Borgo Velino","Borgovelino I 1, I - Statuti dei comuni, 1578-1583",1578,"Borgo Velino",57008,"Borgo Velino",1,1578,NA,NA,NA,NA
"Borgofranco d'Ivrea","Borgofranco d'Ivrea","https://www.senato.it/w3/Biblioteca/catalogoDegliStatutiMedievali.nsf/de148d287da34e08c1256e4c002f1718/25f4539c876fec30c1256f9a0042745a?OpenDocument","Borgofranco D'Ivrea I 1, I - Statuti dei comuni, 1348",1348,"Borgofranco d'Ivrea","Borgofranco d'Ivrea","Borgofranco D'Ivrea I 1, I - Statuti dei comuni, 1348",1348,"Borgofranco d'Ivrea",1030,"Borgofranco d'Ivrea",1,1348,NA,NA,NA,NA
"Borgosesia","Borgosesia","https://www.senato.it/w3/Biblioteca/catalogoDegliStatutiMedievali.nsf/de148d287da34e08c1256e4c002f1718/20ad84d381f99c61c1256f9a00427468?OpenDocument","Borgosesia I 1, I - Statuti dei comuni, 1397",1397,"Borgosesia","Borgosesia","Borgosesia I 1, I - Statuti dei comuni, 1397",1397,"Borgosesia",2016,"Borgosesia",1,1397,NA,NA,NA,NA
"Borgotaro","Borgotaro","https://www.senato.it/w3/Biblioteca/catalogoDegliStatutiMedievali.nsf/de148d287da34e08c1256e4c002f1718/11fae125345a99eec1256f9a00454339?OpenDocument","Borgo Val Di Taro I 1, I - Statuti dei comuni, 1467-1692",1467,"Borgo Val di Taro","Borgo Val di Taro","Borgo Val Di Taro I 1, I - Statuti dei comuni, 1467-1692",1467,"Borgo Val di Taro",34006,"Borgo Val di Taro",1,1467,NA,NA,NA,NA
"Borgovelino","Borgovelino","https://www.senato.it/w3/Biblioteca/catalogoDegliStatutiMedievali.nsf/de148d287da34e08c1256e4c002f1718/29e36a0377ff0f37c1256f9a00427492?OpenDocument","Borgovelino I 1, I - Statuti dei comuni, 1578-1583",1578,"Borgo Velino","Borgo Velino","Borgovelino I 1, I - Statuti dei comuni, 1578-1583",1578,"Borgo Velino",57008,"Borgo Velino",1,1578,NA,NA,NA,NA
"Bormio","Bormio","https://www.senato.it/w3/Biblioteca/catalogoDegliStatutiMedievali.nsf/de148d287da34e08c1256e4c002f1718/23ec6707a9c74b90c1256f9a00427505?OpenDocument","Bormio I 1, I - Statuti dei comuni, 1378-1755",1378,"Bormio","Bormio","Bormio I 1, I - Statuti dei comuni, 1378-1755",1378,"Bormio",14009,"Bormio",1,1378,NA,NA,NA,NA
"Bormium","Bormium","https://www.senato.it/w3/Biblioteca/catalogoDegliStatutiMedievali.nsf/de148d287da34e08c1256e4c002f1718/23ec6707a9c74b90c1256f9a00427505?OpenDocument","Bormio I 1, I - Statuti dei comuni, 1378-1755",1378,"Bormio","Bormio","Bormio I 1, I - Statuti dei comuni, 1378-1755",1378,"Bormio",14009,"Bormio",1,1378,NA,NA,NA,NA
"Bosco Chiesanuova","Bosco Chiesanuova","https://www.senato.it/w3/Biblioteca/catalogoDegliStatutiMedievali.nsf/de148d287da34e08c1256e4c002f1718/8f0289abd03fa36ec1256f9a004275e3?OpenDocument","Bosco Chiesanuova I 1, I - Statuti dei comuni, 1175-1216",1175,"Bosco Chiesanuova","Bosco Chiesanuova","Bosco Chiesanuova I 1, I - Statuti dei comuni, 1175-1216",1175,"Bosco Chiesanuova",23011,"Bosco Chiesanuova",1,1175,NA,NA,NA,NA
"Bosco Frizzolana","Bosco Frizzolana","https://www.senato.it/w3/Biblioteca/catalogoDegliStatutiMedievali.nsf/de148d287da34e08c1256e4c002f1718/8f0289abd03fa36ec1256f9a004275e3?OpenDocument","Bosco Chiesanuova I 1, I - Statuti dei comuni, 1175-1216",1175,"Bosco Chiesanuova","Bosco Chiesanuova","Bosco Chiesanuova I 1, I - Statuti dei comuni, 1175-1216",1175,"Bosco Chiesanuova",23011,"Bosco Chiesanuova",1,1175,NA,NA,NA,NA
"Bosco Marengo","Bosco Marengo","https://www.senato.it/w3/Biblioteca/catalogoDegliStatutiMedievali.nsf/de148d287da34e08c1256e4c002f1718/d842e1e3a1abac4cc1256f9a004275f0?OpenDocument","Bosco Marengo I 1, I - Statuti dei comuni, 1718-1739",1718,"Bosco Marengo","Bosco Marengo","Bosco Marengo I 1, I - Statuti dei comuni, 1718-1739",1718,"Bosco Marengo",6021,"Bosco Marengo",1,1718,NA,NA,NA,NA
"Bossolasco","Bossolasco","https://www.senato.it/w3/Biblioteca/catalogoDegliStatutiMedievali.nsf/de148d287da34e08c1256e4c002f1718/29e84e082a82225ac1256f9a004275fe?OpenDocument","Bossolasco I 1, I - Statuti dei comuni, 1386-1704",1386,"Bossolasco","Bossolasco","Bossolasco I 1, I - Statuti dei comuni, 1386-1704",1386,"Bossolasco",4027,"Bossolasco",1,1386,NA,NA,NA,NA
"Bovagnum","Bovagnum","https://www.senato.it/w3/Biblioteca/catalogoDegliStatutiMedievali.nsf/de148d287da34e08c1256e4c002f1718/b5523a2c4b8d25a8c1256f9a004276d5?OpenDocument","Bovegno I 1, I - Statuti dei comuni, 1341-1432",1341,"Bovegno","Bovegno","Bovegno I 1, I - Statuti dei comuni, 1341-1432",1341,"Bovegno",17024,"Bovegno",1,1341,NA,NA,NA,NA
"Bovegno","Bovegno","https://www.senato.it/w3/Biblioteca/catalogoDegliStatutiMedievali.nsf/de148d287da34e08c1256e4c002f1718/b5523a2c4b8d25a8c1256f9a004276d5?OpenDocument","Bovegno I 1, I - Statuti dei comuni, 1341-1432",1341,"Bovegno","Bovegno","Bovegno I 1, I - Statuti dei comuni, 1341-1432",1341,"Bovegno",17024,"Bovegno",1,1341,NA,NA,NA,NA
"Boves","Boves","https://www.senato.it/w3/Biblioteca/catalogoDegliStatutiMedievali.nsf/de148d287da34e08c1256e4c002f1718/9574012802aec07bc1256f9a004276f2?OpenDocument","Boves I 1, I - Statuti dei comuni, 1430-1703",1430,"Boves","Boves","Boves I 1, I - Statuti dei comuni, 1430-1703",1430,"Boves",4028,"Boves",1,1430,NA,NA,NA,NA
"Bovixium","Bovixium","https://www.senato.it/w3/Biblioteca/catalogoDegliStatutiMedievali.nsf/de148d287da34e08c1256e4c002f1718/9574012802aec07bc1256f9a004276f2?OpenDocument","Boves I 1, I - Statuti dei comuni, 1430-1703",1430,"Boves","Boves","Boves I 1, I - Statuti dei comuni, 1430-1703",1430,"Boves",4028,"Boves",1,1430,NA,NA,NA,NA
"Bovolone","Bovolone","https://www.senato.it/w3/Biblioteca/catalogoDegliStatutiMedievali.nsf/de148d287da34e08c1256e4c002f1718/e37e8834d26788fdc1256f9a0042771f?OpenDocument","Bovolone I 1, I - Statuti dei comuni, 1179-1220",1179,"Bovolone","Bovolone","Bovolone I 1, I - Statuti dei comuni, 1179-1220",1179,"Bovolone",23012,"Bovolone",1,1179,NA,NA,NA,NA
"Bozolascum","Bozolascum","https://www.senato.it/w3/Biblioteca/catalogoDegliStatutiMedievali.nsf/de148d287da34e08c1256e4c002f1718/29e84e082a82225ac1256f9a004275fe?OpenDocument","Bossolasco I 1, I - Statuti dei comuni, 1386-1704",1386,"Bossolasco","Bossolasco","Bossolasco I 1, I - Statuti dei comuni, 1386-1704",1386,"Bossolasco",4027,"Bossolasco",1,1386,NA,NA,NA,NA
"Bozolum","Bozolum","https://www.senato.it/w3/Biblioteca/catalogoDegliStatutiMedievali.nsf/de148d287da34e08c1256e4c002f1718/1b9a2ae068f90383c1256f9a0042773d?OpenDocument","Bozzolo I 1, I - Statuti dei comuni, 1483-1766",1483,"Bozzolo","Bozzolo","Bozzolo I 1, I - Statuti dei comuni, 1483-1766",1483,"Bozzolo",20007,"Bozzolo",1,1483,NA,NA,NA,NA
"Bozulum","Bozulum","https://www.senato.it/w3/Biblioteca/catalogoDegliStatutiMedievali.nsf/de148d287da34e08c1256e4c002f1718/1b9a2ae068f90383c1256f9a0042773d?OpenDocument","Bozzolo I 1, I - Statuti dei comuni, 1483-1766",1483,"Bozzolo","Bozzolo","Bozzolo I 1, I - Statuti dei comuni, 1483-1766",1483,"Bozzolo",20007,"Bozzolo",1,1483,NA,NA,NA,NA
"Bozzolasco","Bozzolasco","https://www.senato.it/w3/Biblioteca/catalogoDegliStatutiMedievali.nsf/de148d287da34e08c1256e4c002f1718/29e84e082a82225ac1256f9a004275fe?OpenDocument","Bossolasco I 1, I - Statuti dei comuni, 1386-1704",1386,"Bossolasco","Bossolasco","Bossolasco I 1, I - Statuti dei comuni, 1386-1704",1386,"Bossolasco",4027,"Bossolasco",1,1386,NA,NA,NA,NA
"Bozzolo","Bozzolo","https://www.senato.it/w3/Biblioteca/catalogoDegliStatutiMedievali.nsf/de148d287da34e08c1256e4c002f1718/1b9a2ae068f90383c1256f9a0042773d?OpenDocument","Bozzolo I 1, I - Statuti dei comuni, 1483-1766",1483,"Bozzolo","Bozzolo","Bozzolo I 1, I - Statuti dei comuni, 1483-1766",1483,"Bozzolo",20007,"Bozzolo",1,1483,NA,NA,NA,NA
"Bra","Bra","https://www.senato.it/w3/Biblioteca/catalogoDegliStatutiMedievali.nsf/de148d287da34e08c1256e4c002f1718/c3aa37c5e7aeb3f1c1256f9a0042783d?OpenDocument","Bra I 1, I - Statuti dei comuni, 1785-1786",1785,"Bra","Bra","Bra I 1, I - Statuti dei comuni, 1785-1786",1785,"Bra",4029,"Bra",1,1785,NA,NA,NA,NA
"Bracchianum","Bracchianum","https://www.senato.it/w3/Biblioteca/catalogoDegliStatutiMedievali.nsf/de148d287da34e08c1256e4c002f1718/a15c339c1a7a0de5c1256f9a00427849?OpenDocument","Bracciano I 1, I - Statuti dei comuni, 1552-1619",1552,"Bracciano","Bracciano","Bracciano I 1, I - Statuti dei comuni, 1552-1619",1552,"Bracciano",58013,"Bracciano",1,1552,NA,NA,NA,NA
"Bracciano","Bracciano","https://www.senato.it/w3/Biblioteca/catalogoDegliStatutiMedievali.nsf/de148d287da34e08c1256e4c002f1718/a15c339c1a7a0de5c1256f9a00427849?OpenDocument","Bracciano I 1, I - Statuti dei comuni, 1552-1619",1552,"Bracciano","Bracciano","Bracciano I 1, I - Statuti dei comuni, 1552-1619",1552,"Bracciano",58013,"Bracciano",1,1552,NA,NA,NA,NA
"Brasichella","Brasichella","https://www.senato.it/w3/Biblioteca/catalogoDegliStatutiMedievali.nsf/de148d287da34e08c1256e4c002f1718/cec5b4dabc3cc316c1256f9a00428071?OpenDocument","Brisighella I 1, I - Statuti dei comuni, 1411",1411,"Brisighella","Brisighella","Brisighella I 1, I - Statuti dei comuni, 1411",1411,"Brisighella",39004,"Brisighella",1,1411,NA,NA,NA,NA
"Brassichella","Brassichella","https://www.senato.it/w3/Biblioteca/catalogoDegliStatutiMedievali.nsf/de148d287da34e08c1256e4c002f1718/cec5b4dabc3cc316c1256f9a00428071?OpenDocument","Brisighella I 1, I - Statuti dei comuni, 1411",1411,"Brisighella","Brisighella","Brisighella I 1, I - Statuti dei comuni, 1411",1411,"Brisighella",39004,"Brisighella",1,1411,NA,NA,NA,NA
"Brayda","Brayda","https://www.senato.it/w3/Biblioteca/catalogoDegliStatutiMedievali.nsf/de148d287da34e08c1256e4c002f1718/c3aa37c5e7aeb3f1c1256f9a0042783d?OpenDocument","Bra I 1, I - Statuti dei comuni, 1785-1786",1785,"Bra","Bra","Bra I 1, I - Statuti dei comuni, 1785-1786",1785,"Bra",4029,"Bra",1,1785,NA,NA,NA,NA
"Brebbia","Brebbia","https://www.senato.it/w3/Biblioteca/catalogoDegliStatutiMedievali.nsf/de148d287da34e08c1256e4c002f1718/5763555a1068f66ec1256f9a004278c5?OpenDocument","Brebbia I 1, I - Statuti dei comuni, 1784",1784,"Brebbia","Brebbia","Brebbia I 1, I - Statuti dei comuni, 1784",1784,"Brebbia",12017,"Brebbia",1,1784,NA,NA,NA,NA
"Bregnanum","Bregnanum","https://www.senato.it/w3/Biblioteca/catalogoDegliStatutiMedievali.nsf/de148d287da34e08c1256e4c002f1718/8d92d84c9e4949d2c1256f9a0042801b?OpenDocument","Brignano Gera D'Adda I 1, I - Statuti dei comuni, 1453-1553",1453,"Brignano Gera d'Adda","Brignano Gera d'Adda","Brignano Gera D'Adda I 1, I - Statuti dei comuni, 1453-1553",1453,"Brignano Gera d'Adda",16040,"Brignano Gera d'Adda",1,1453,NA,NA,NA,NA
"Brendola","Brendola","https://www.senato.it/w3/Biblioteca/catalogoDegliStatutiMedievali.nsf/de148d287da34e08c1256e4c002f1718/0609176af644635ec1256f9a004278d8?OpenDocument","Brendola I 1, I - Statuti dei comuni, 1541-1687",1541,"Brendola","Brendola","Brendola I 1, I - Statuti dei comuni, 1541-1687",1541,"Brendola",24015,"Brendola",1,1541,NA,NA,NA,NA
"Brendulae","Brendulae","https://www.senato.it/w3/Biblioteca/catalogoDegliStatutiMedievali.nsf/de148d287da34e08c1256e4c002f1718/0609176af644635ec1256f9a004278d8?OpenDocument","Brendola I 1, I - Statuti dei comuni, 1541-1687",1541,"Brendola","Brendola","Brendola I 1, I - Statuti dei comuni, 1541-1687",1541,"Brendola",24015,"Brendola",1,1541,NA,NA,NA,NA
"Brescello","Brescello","https://www.senato.it/w3/Biblioteca/catalogoDegliStatutiMedievali.nsf/de148d287da34e08c1256e4c002f1718/235e72c33c290fdbc1256f9a004278e7?OpenDocument","Brescello I 1, I - Statuti dei comuni, 1569",1569,"Brescello","Brescello","Brescello I 1, I - Statuti dei comuni, 1569",1569,"Brescello",35006,"Brescello",1,1569,NA,NA,NA,NA
"Brescia","Brescia","https://www.senato.it/w3/Biblioteca/catalogoDegliStatutiMedievali.nsf/de148d287da34e08c1256e4c002f1718/3598ef6e377d11adc1256f9a0042792c?OpenDocument","Brescia I 1, I - Statuti dei comuni, 1009-1286",1009,"Brescia","Brescia","Brescia I 1, I - Statuti dei comuni, 1009-1286",1009,"Brescia",17029,"Brescia",1,1009,NA,NA,NA,NA
"Bricherasio","Bricherasio","https://www.senato.it/w3/Biblioteca/catalogoDegliStatutiMedievali.nsf/de148d287da34e08c1256e4c002f1718/250f1d567d4baedac1256fa9003b6c93?OpenDocument","Bricherasio I 1, I - Statuti dei comuni, 1467",1467,"Bricherasio","Bricherasio","Bricherasio I 1, I - Statuti dei comuni, 1467",1467,"Bricherasio",1035,"Bricherasio",1,1467,NA,NA,NA,NA
"Bricheraxium","Bricheraxium","https://www.senato.it/w3/Biblioteca/catalogoDegliStatutiMedievali.nsf/de148d287da34e08c1256e4c002f1718/250f1d567d4baedac1256fa9003b6c93?OpenDocument","Bricherasio I 1, I - Statuti dei comuni, 1467",1467,"Bricherasio","Bricherasio","Bricherasio I 1, I - Statuti dei comuni, 1467",1467,"Bricherasio",1035,"Bricherasio",1,1467,NA,NA,NA,NA
"Brignano Gera d'Adda","Brignano Gera d'Adda","https://www.senato.it/w3/Biblioteca/catalogoDegliStatutiMedievali.nsf/de148d287da34e08c1256e4c002f1718/8d92d84c9e4949d2c1256f9a0042801b?OpenDocument","Brignano Gera D'Adda I 1, I - Statuti dei comuni, 1453-1553",1453,"Brignano Gera d'Adda","Brignano Gera d'Adda","Brignano Gera D'Adda I 1, I - Statuti dei comuni, 1453-1553",1453,"Brignano Gera d'Adda",16040,"Brignano Gera d'Adda",1,1453,NA,NA,NA,NA
"Brignanum Glareabduae","Brignanum Glareabduae","https://www.senato.it/w3/Biblioteca/catalogoDegliStatutiMedievali.nsf/de148d287da34e08c1256e4c002f1718/8d92d84c9e4949d2c1256f9a0042801b?OpenDocument","Brignano Gera D'Adda I 1, I - Statuti dei comuni, 1453-1553",1453,"Brignano Gera d'Adda","Brignano Gera d'Adda","Brignano Gera D'Adda I 1, I - Statuti dei comuni, 1453-1553",1453,"Brignano Gera d'Adda",16040,"Brignano Gera d'Adda",1,1453,NA,NA,NA,NA
"Brindisi","Brindisi","https://www.senato.it/w3/Biblioteca/catalogoDegliStatutiMedievali.nsf/de148d287da34e08c1256e4c002f1718/a1895a1307862607c1256f9a0042804a?OpenDocument","Brindisi I 1, I - Statuti dei comuni, 1491",1491,"Brindisi","Brindisi","Brindisi I 1, I - Statuti dei comuni, 1491",1491,"Brindisi",74001,"Brindisi",1,1491,NA,NA,NA,NA
"Brisichella","Brisichella","https://www.senato.it/w3/Biblioteca/catalogoDegliStatutiMedievali.nsf/de148d287da34e08c1256e4c002f1718/cec5b4dabc3cc316c1256f9a00428071?OpenDocument","Brisighella I 1, I - Statuti dei comuni, 1411",1411,"Brisighella","Brisighella","Brisighella I 1, I - Statuti dei comuni, 1411",1411,"Brisighella",39004,"Brisighella",1,1411,NA,NA,NA,NA
"Brisighella","Brisighella","https://www.senato.it/w3/Biblioteca/catalogoDegliStatutiMedievali.nsf/de148d287da34e08c1256e4c002f1718/cec5b4dabc3cc316c1256f9a00428071?OpenDocument","Brisighella I 1, I - Statuti dei comuni, 1411",1411,"Brisighella","Brisighella","Brisighella I 1, I - Statuti dei comuni, 1411",1411,"Brisighella",39004,"Brisighella",1,1411,NA,NA,NA,NA
"Brittinorum","Brittinorum","https://www.senato.it/w3/Biblioteca/catalogoDegliStatutiMedievali.nsf/de148d287da34e08c1256e4c002f1718/fb4b331a5cbf30f2c1256f9a00423335?OpenDocument","Bertinoro I 1, I - Statuti dei comuni, 1513-1705",1513,"Bertinoro","Bertinoro","Bertinoro I 1, I - Statuti dei comuni, 1513-1705",1513,"Bertinoro",40003,"Bertinoro",1,1513,NA,NA,NA,NA
"Brittonorium","Brittonorium","https://www.senato.it/w3/Biblioteca/catalogoDegliStatutiMedievali.nsf/de148d287da34e08c1256e4c002f1718/fb4b331a5cbf30f2c1256f9a00423335?OpenDocument","Bertinoro I 1, I - Statuti dei comuni, 1513-1705",1513,"Bertinoro","Bertinoro","Bertinoro I 1, I - Statuti dei comuni, 1513-1705",1513,"Bertinoro",40003,"Bertinoro",1,1513,NA,NA,NA,NA
"Brixellum","Brixellum","https://www.senato.it/w3/Biblioteca/catalogoDegliStatutiMedievali.nsf/de148d287da34e08c1256e4c002f1718/235e72c33c290fdbc1256f9a004278e7?OpenDocument","Brescello I 1, I - Statuti dei comuni, 1569",1569,"Brescello","Brescello","Brescello I 1, I - Statuti dei comuni, 1569",1569,"Brescello",35006,"Brescello",1,1569,NA,NA,NA,NA
"Brixia","Brixia","https://www.senato.it/w3/Biblioteca/catalogoDegliStatutiMedievali.nsf/de148d287da34e08c1256e4c002f1718/3598ef6e377d11adc1256f9a0042792c?OpenDocument","Brescia I 1, I - Statuti dei comuni, 1009-1286",1009,"Brescia","Brescia","Brescia I 1, I - Statuti dei comuni, 1009-1286",1009,"Brescia",17029,"Brescia",1,1009,NA,NA,NA,NA
"Brixichella","Brixichella","https://www.senato.it/w3/Biblioteca/catalogoDegliStatutiMedievali.nsf/de148d287da34e08c1256e4c002f1718/cec5b4dabc3cc316c1256f9a00428071?OpenDocument","Brisighella I 1, I - Statuti dei comuni, 1411",1411,"Brisighella","Brisighella","Brisighella I 1, I - Statuti dei comuni, 1411",1411,"Brisighella",39004,"Brisighella",1,1411,NA,NA,NA,NA
"Brixillum","Brixillum","https://www.senato.it/w3/Biblioteca/catalogoDegliStatutiMedievali.nsf/de148d287da34e08c1256e4c002f1718/235e72c33c290fdbc1256f9a004278e7?OpenDocument","Brescello I 1, I - Statuti dei comuni, 1569",1569,"Brescello","Brescello","Brescello I 1, I - Statuti dei comuni, 1569",1569,"Brescello",35006,"Brescello",1,1569,NA,NA,NA,NA
"Broni","Broni","https://www.senato.it/w3/Biblioteca/catalogoDegliStatutiMedievali.nsf/de148d287da34e08c1256e4c002f1718/1875ba802fd6c14cc1256f9a00428123?OpenDocument","Broni I 1, I - Statuti dei comuni, 1750",1750,"Broni","Broni","Broni I 1, I - Statuti dei comuni, 1750",1750,"Broni",18024,"Broni",1,1750,NA,NA,NA,NA
"Brosso","Brosso","https://www.senato.it/w3/Biblioteca/catalogoDegliStatutiMedievali.nsf/de148d287da34e08c1256e4c002f1718/6049897640621f4ec1256f9a00428157?OpenDocument","Brosso I 1, I - Statuti dei comuni, 1497-1602",1497,"Brosso","Brosso","Brosso I 1, I - Statuti dei comuni, 1497-1602",1497,"Brosso",1036,"Brosso",1,1497,NA,NA,NA,NA
"Brotium","Brotium","https://www.senato.it/w3/Biblioteca/catalogoDegliStatutiMedievali.nsf/de148d287da34e08c1256e4c002f1718/6049897640621f4ec1256f9a00428157?OpenDocument","Brosso I 1, I - Statuti dei comuni, 1497-1602",1497,"Brosso","Brosso","Brosso I 1, I - Statuti dei comuni, 1497-1602",1497,"Brosso",1036,"Brosso",1,1497,NA,NA,NA,NA
"Brozio","Brozio","https://www.senato.it/w3/Biblioteca/catalogoDegliStatutiMedievali.nsf/de148d287da34e08c1256e4c002f1718/6049897640621f4ec1256f9a00428157?OpenDocument","Brosso I 1, I - Statuti dei comuni, 1497-1602",1497,"Brosso","Brosso","Brosso I 1, I - Statuti dei comuni, 1497-1602",1497,"Brosso",1036,"Brosso",1,1497,NA,NA,NA,NA
"Brugnaria","Brugnaria","https://www.senato.it/w3/Biblioteca/catalogoDegliStatutiMedievali.nsf/de148d287da34e08c1256e4c002f1718/0ed284a6be0bec2ec1256f9a00428215?OpenDocument","Brugnera I 1, I - Statuti dei comuni, 1335-1402",1335,"Brugnera","Brugnera","Brugnera I 1, I - Statuti dei comuni, 1335-1402",1335,"Brugnera",93007,"Brugnera",1,1335,NA,NA,NA,NA
"Brugnera","Brugnera","https://www.senato.it/w3/Biblioteca/catalogoDegliStatutiMedievali.nsf/de148d287da34e08c1256e4c002f1718/0ed284a6be0bec2ec1256f9a00428215?OpenDocument","Brugnera I 1, I - Statuti dei comuni, 1335-1402",1335,"Brugnera","Brugnera","Brugnera I 1, I - Statuti dei comuni, 1335-1402",1335,"Brugnera",93007,"Brugnera",1,1335,NA,NA,NA,NA
"Bucine","Bucine","https://www.senato.it/w3/Biblioteca/catalogoDegliStatutiMedievali.nsf/de148d287da34e08c1256e4c002f1718/2689334d98d6e24ec1256f9a0042827f?OpenDocument","Bucine I 1, I - Statuti dei comuni, 1411",1411,"Bucine","Bucine","Bucine I 1, I - Statuti dei comuni, 1411",1411,"Bucine",51005,"Bucine",1,1411,NA,NA,NA,NA
"Bucino","Bucino","https://www.senato.it/w3/Biblioteca/catalogoDegliStatutiMedievali.nsf/de148d287da34e08c1256e4c002f1718/2689334d98d6e24ec1256f9a0042827f?OpenDocument","Bucine I 1, I - Statuti dei comuni, 1411",1411,"Bucine","Bucine","Bucine I 1, I - Statuti dei comuni, 1411",1411,"Bucine",51005,"Bucine",1,1411,NA,NA,NA,NA
"Bucinum","Bucinum","https://www.senato.it/w3/Biblioteca/catalogoDegliStatutiMedievali.nsf/de148d287da34e08c1256e4c002f1718/2689334d98d6e24ec1256f9a0042827f?OpenDocument","Bucine I 1, I - Statuti dei comuni, 1411",1411,"Bucine","Bucine","Bucine I 1, I - Statuti dei comuni, 1411",1411,"Bucine",51005,"Bucine",1,1411,NA,NA,NA,NA
"Budrio","Budrio","https://www.senato.it/w3/Biblioteca/catalogoDegliStatutiMedievali.nsf/de148d287da34e08c1256e4c002f1718/a38e5492d1ed5254c1256f9a004282be?OpenDocument","Budrio I 1, I - Statuti dei comuni, 1406-1718",1406,"Budrio","Budrio","Budrio I 1, I - Statuti dei comuni, 1406-1718",1406,"Budrio",37008,"Budrio",1,1406,NA,NA,NA,NA
"Budrio Dentro","Budrio Dentro","https://www.senato.it/w3/Biblioteca/catalogoDegliStatutiMedievali.nsf/de148d287da34e08c1256e4c002f1718/a38e5492d1ed5254c1256f9a004282be?OpenDocument","Budrio I 1, I - Statuti dei comuni, 1406-1718",1406,"Budrio","Budrio","Budrio I 1, I - Statuti dei comuni, 1406-1718",1406,"Budrio",37008,"Budrio",1,1406,NA,NA,NA,NA
"Budrio Fuori","Budrio Fuori","https://www.senato.it/w3/Biblioteca/catalogoDegliStatutiMedievali.nsf/de148d287da34e08c1256e4c002f1718/a38e5492d1ed5254c1256f9a004282be?OpenDocument","Budrio I 1, I - Statuti dei comuni, 1406-1718",1406,"Budrio","Budrio","Budrio I 1, I - Statuti dei comuni, 1406-1718",1406,"Budrio",37008,"Budrio",1,1406,NA,NA,NA,NA
"Bugella","Bugella","https://www.senato.it/w3/Biblioteca/catalogoDegliStatutiMedievali.nsf/de148d287da34e08c1256e4c002f1718/07271cd8439a0891c1256f9a00423411?OpenDocument","Biella I 1, I - Statuti dei comuni, 1203-1680",1203,"Biella","Biella","Biella I 1, I - Statuti dei comuni, 1203-1680",1203,"Biella",96004,"Biella",1,1203,NA,NA,NA,NA
"Bulciago","Bulciago","https://www.senato.it/w3/Biblioteca/catalogoDegliStatutiMedievali.nsf/de148d287da34e08c1256e4c002f1718/6ca78bd285da331ac1256f9a004283ed?OpenDocument","Bulciago I 1, I - Statuti dei comuni, 1232-1247",1232,"Bulciago","Bulciago","Bulciago I 1, I - Statuti dei comuni, 1232-1247",1232,"Bulciago",97011,"Bulciago",1,1232,NA,NA,NA,NA
"Buonconvento","Buonconvento","https://www.senato.it/w3/Biblioteca/catalogoDegliStatutiMedievali.nsf/de148d287da34e08c1256e4c002f1718/8dc439072bae0499c1256f9a00428428?OpenDocument","Buonconvento I 1, I - Statuti dei comuni, 1777",1777,"Buonconvento","Buonconvento","Buonconvento I 1, I - Statuti dei comuni, 1777",1777,"Buonconvento",52003,"Buonconvento",1,1777,NA,NA,NA,NA
"Burgeto","Burgeto","https://www.senato.it/w3/Biblioteca/catalogoDegliStatutiMedievali.nsf/de148d287da34e08c1256e4c002f1718/efac7e2f73128a22c1256f9a004273d9?OpenDocument","Borghetto Lodigiano I 1, I - Statuti dei comuni, 1204",1204,"Borghetto Lodigiano","Borghetto Lodigiano","Borghetto Lodigiano I 1, I - Statuti dei comuni, 1204",1204,"Borghetto Lodigiano",98004,"Borghetto Lodigiano",1,1204,NA,NA,NA,NA
"Burgetum","Burgetum","https://www.senato.it/w3/Biblioteca/catalogoDegliStatutiMedievali.nsf/de148d287da34e08c1256e4c002f1718/efac7e2f73128a22c1256f9a004273d9?OpenDocument","Borghetto Lodigiano I 1, I - Statuti dei comuni, 1204",1204,"Borghetto Lodigiano","Borghetto Lodigiano","Borghetto Lodigiano I 1, I - Statuti dei comuni, 1204",1204,"Borghetto Lodigiano",98004,"Borghetto Lodigiano",1,1204,NA,NA,NA,NA
"Burgi","Burgi","https://www.senato.it/w3/Biblioteca/catalogoDegliStatutiMedievali.nsf/de148d287da34e08c1256e4c002f1718/73c1ecfe264c134dc1256f9a00427424?OpenDocument","Borghi I 1, I - Statuti dei comuni, 1553",1553,"Borghi","Borghi","Borghi I 1, I - Statuti dei comuni, 1553",1553,"Borghi",40004,"Borghi",1,1553,NA,NA,NA,NA
"Burgus Francus","Burgus Francus","https://www.senato.it/w3/Biblioteca/catalogoDegliStatutiMedievali.nsf/de148d287da34e08c1256e4c002f1718/25f4539c876fec30c1256f9a0042745a?OpenDocument","Borgofranco D'Ivrea I 1, I - Statuti dei comuni, 1348",1348,"Borgofranco d'Ivrea","Borgofranco d'Ivrea","Borgofranco D'Ivrea I 1, I - Statuti dei comuni, 1348",1348,"Borgofranco d'Ivrea",1030,"Borgofranco d'Ivrea",1,1348,NA,NA,NA,NA
"Burgus Mozani","Burgus Mozani","https://www.senato.it/w3/Biblioteca/catalogoDegliStatutiMedievali.nsf/de148d287da34e08c1256e4c002f1718/60eea89e4319762dc1256f9a004274ac?OpenDocument","Borgo a Mozzano I 1, I - Statuti dei comuni, 1363",1363,"Borgo a Mozzano","Borgo a Mozzano","Borgo a Mozzano I 1, I - Statuti dei comuni, 1363",1363,"Borgo a Mozzano",46004,"Borgo a Mozzano",1,1363,NA,NA,NA,NA
"Burgus Sancti Donnini","Burgus Sancti Donnini","https://www.senato.it/w3/Biblioteca/catalogoDegliStatutiMedievali.nsf/de148d287da34e08c1256e4c002f1718/3161e5639a264114c1256fa2005a0652?OpenDocument","Fidenza I 1, I - Statuti dei comuni, 1391-1425",1391,"Fidenza","Fidenza","Fidenza I 1, I - Statuti dei comuni, 1391-1425",1391,"Fidenza",34014,"Fidenza",1,1391,NA,NA,NA,NA
"Burgus Sancti Martini","Burgus Sancti Martini","https://www.senato.it/w3/Biblioteca/catalogoDegliStatutiMedievali.nsf/de148d287da34e08c1256e4c002f1718/94b4dafc5a3c4b00c1256f9a004274cc?OpenDocument","Borgo San Martino I 1, I - Statuti dei comuni, 1278-1279",1278,"Borgo San Martino","Borgo San Martino","Borgo San Martino I 1, I - Statuti dei comuni, 1278-1279",1278,"Borgo San Martino",6020,"Borgo San Martino",1,1278,NA,NA,NA,NA
"Burgus Sexii","Burgus Sexii","https://www.senato.it/w3/Biblioteca/catalogoDegliStatutiMedievali.nsf/de148d287da34e08c1256e4c002f1718/20ad84d381f99c61c1256f9a00427468?OpenDocument","Borgosesia I 1, I - Statuti dei comuni, 1397",1397,"Borgosesia","Borgosesia","Borgosesia I 1, I - Statuti dei comuni, 1397",1397,"Borgosesia",2016,"Borgosesia",1,1397,NA,NA,NA,NA
"Burgus Vallis Tari","Burgus Vallis Tari","https://www.senato.it/w3/Biblioteca/catalogoDegliStatutiMedievali.nsf/de148d287da34e08c1256e4c002f1718/11fae125345a99eec1256f9a00454339?OpenDocument","Borgo Val Di Taro I 1, I - Statuti dei comuni, 1467-1692",1467,"Borgo Val di Taro","Borgo Val di Taro","Borgo Val Di Taro I 1, I - Statuti dei comuni, 1467-1692",1467,"Borgo Val di Taro",34006,"Borgo Val di Taro",1,1467,NA,NA,NA,NA
"Burmium","Burmium","https://www.senato.it/w3/Biblioteca/catalogoDegliStatutiMedievali.nsf/de148d287da34e08c1256e4c002f1718/23ec6707a9c74b90c1256f9a00427505?OpenDocument","Bormio I 1, I - Statuti dei comuni, 1378-1755",1378,"Bormio","Bormio","Bormio I 1, I - Statuti dei comuni, 1378-1755",1378,"Bormio",14009,"Bormio",1,1378,NA,NA,NA,NA
"Buscemi","Buscemi","https://www.senato.it/w3/Biblioteca/catalogoDegliStatutiMedievali.nsf/de148d287da34e08c1256e4c002f1718/3c316584b6a77f26c1256f9a00428438?OpenDocument","Buscemi I 1, I - Statuti dei comuni, sec. XVI-XVIII",NA,"Buscemi","Buscemi","Buscemi I 1, I - Statuti dei comuni, sec. XVI-XVIII",NA,"Buscemi",89004,"Buscemi",1,NA,NA,NA,NA,NA
"Busseto","Busseto","https://www.senato.it/w3/Biblioteca/catalogoDegliStatutiMedievali.nsf/de148d287da34e08c1256e4c002f1718/40e67c80e8c4a00fc1256f9a0042846a?OpenDocument","Busseto I 1, I - Statuti dei comuni, 1429-1570",1429,"Busseto","Busseto","Busseto I 1, I - Statuti dei comuni, 1429-1570",1429,"Busseto",34007,"Busseto",1,1429,NA,NA,NA,NA
"Busto Arsizio","Busto Arsizio","https://www.senato.it/w3/Biblioteca/catalogoDegliStatutiMedievali.nsf/de148d287da34e08c1256e4c002f1718/ab43554081111fd3c1256f9a004284c6?OpenDocument","Busto Arsizio I 1, I - Statuti dei comuni, 1757",1757,"Busto Arsizio","Busto Arsizio","Busto Arsizio I 1, I - Statuti dei comuni, 1757",1757,"Busto Arsizio",12026,"Busto Arsizio",1,1757,NA,NA,NA,NA
"Butrium","Butrium","https://www.senato.it/w3/Biblioteca/catalogoDegliStatutiMedievali.nsf/de148d287da34e08c1256e4c002f1718/a38e5492d1ed5254c1256f9a004282be?OpenDocument","Budrio I 1, I - Statuti dei comuni, 1406-1718",1406,"Budrio","Budrio","Budrio I 1, I - Statuti dei comuni, 1406-1718",1406,"Budrio",37008,"Budrio",1,1406,NA,NA,NA,NA
"Buttigliera d'Asti","Buttigliera d'Asti","https://www.senato.it/w3/Biblioteca/catalogoDegliStatutiMedievali.nsf/de148d287da34e08c1256e4c002f1718/8d48c1c95a77d2b2c1256f9a00454484?OpenDocument","Buttigliera d'Asti I 1, I - Statuti dei comuni, 1447",1447,"Buttigliera d'Asti","Buttigliera d'Asti","Buttigliera d'Asti I 1, I - Statuti dei comuni, 1447",1447,"Buttigliera d'Asti",5012,"Buttigliera d'Asti",1,1447,NA,NA,NA,NA
"Buttiglieria","Buttiglieria","https://www.senato.it/w3/Biblioteca/catalogoDegliStatutiMedievali.nsf/de148d287da34e08c1256e4c002f1718/8d48c1c95a77d2b2c1256f9a00454484?OpenDocument","Buttigliera d'Asti I 1, I - Statuti dei comuni, 1447",1447,"Buttigliera d'Asti","Buttigliera d'Asti","Buttigliera d'Asti I 1, I - Statuti dei comuni, 1447",1447,"Buttigliera d'Asti",5012,"Buttigliera d'Asti",1,1447,NA,NA,NA,NA
"Buxetum","Buxetum","https://www.senato.it/w3/Biblioteca/catalogoDegliStatutiMedievali.nsf/de148d287da34e08c1256e4c002f1718/40e67c80e8c4a00fc1256f9a0042846a?OpenDocument","Busseto I 1, I - Statuti dei comuni, 1429-1570",1429,"Busseto","Busseto","Busseto I 1, I - Statuti dei comuni, 1429-1570",1429,"Busseto",34007,"Busseto",1,1429,NA,NA,NA,NA
"Caballarium Maius","Caballarium Maius","https://www.senato.it/w3/Biblioteca/catalogoDegliStatutiMedievali.nsf/de148d287da34e08c1256e4c002f1718/be8f03d6b7a8d113c1256f9a0056d4eb?OpenDocument","Cavallermaggiore I 1, I - Statuti dei comuni, 1324-1424",1324,"Cavallermaggiore","Cavallermaggiore","Cavallermaggiore I 1, I - Statuti dei comuni, 1324-1424",1324,"Cavallermaggiore",4059,"Cavallermaggiore",1,1324,NA,NA,NA,NA
"Caesena","Caesena","https://www.senato.it/w3/Biblioteca/catalogoDegliStatutiMedievali.nsf/de148d287da34e08c1256e4c002f1718/d1887706ebb342c0c1256f9a0047dde6?OpenDocument","Cesena I 1, I - Statuti dei comuni, 1434-1494",1434,"Cesena","Cesena","Cesena I 1, I - Statuti dei comuni, 1434-1494",1434,"Cesena",40007,"Cesena",1,1434,NA,NA,NA,NA
"Cagli","Cagli","https://www.senato.it/w3/Biblioteca/catalogoDegliStatutiMedievali.nsf/de148d287da34e08c1256e4c002f1718/10c1559fe4fe39d6c1256f9a0047a901?OpenDocument","Cagli I 1, I - Statuti dei comuni, 1589",1589,"Cagli","Cagli","Cagli I 1, I - Statuti dei comuni, 1589",1589,"Cagli",41007,"Cagli",1,1589,NA,NA,NA,NA
"Cagliari","Cagliari","https://www.senato.it/w3/Biblioteca/catalogoDegliStatutiMedievali.nsf/de148d287da34e08c1256e4c002f1718/d5395f0e53400843c1256f9a0047a974?OpenDocument","Cagliari I 1, I - Statuti dei comuni, 1025-1766",1025,"Cagliari","Cagliari","Cagliari I 1, I - Statuti dei comuni, 1025-1766",1025,"Cagliari",92009,"Cagliari",1,1025,NA,NA,NA,NA
"Caiazzo","Caiazzo","https://www.senato.it/w3/Biblioteca/catalogoDegliStatutiMedievali.nsf/de148d287da34e08c1256e4c002f1718/f06f2af0d7950770c1256f9a0047ad4d?OpenDocument","Caiazzo I 1, I - Statuti dei comuni, 1449-1740",1449,"Caiazzo","Caiazzo","Caiazzo I 1, I - Statuti dei comuni, 1449-1740",1449,"Caiazzo",61009,"Caiazzo",1,1449,NA,NA,NA,NA
"Caieta","Caieta","https://www.senato.it/w3/Biblioteca/catalogoDegliStatutiMedievali.nsf/de148d287da34e08c1256e4c002f1718/3e81b6f8b3aa9359c1256fa2005a2c6b?OpenDocument","Gaeta I 1, I - Statuti dei comuni, 1187-1704",1187,"Gaeta","Gaeta","Gaeta I 1, I - Statuti dei comuni, 1187-1704",1187,"Gaeta",59009,"Gaeta",1,1187,NA,NA,NA,NA
"Calaris","Calaris","https://www.senato.it/w3/Biblioteca/catalogoDegliStatutiMedievali.nsf/de148d287da34e08c1256e4c002f1718/d5395f0e53400843c1256f9a0047a974?OpenDocument","Cagliari I 1, I - Statuti dei comuni, 1025-1766",1025,"Cagliari","Cagliari","Cagliari I 1, I - Statuti dei comuni, 1025-1766",1025,"Cagliari",92009,"Cagliari",1,1025,NA,NA,NA,NA
"Calascibetta","Calascibetta","https://www.senato.it/w3/Biblioteca/catalogoDegliStatutiMedievali.nsf/de148d287da34e08c1256e4c002f1718/f0c7cac8c4dea92bc1256f9a0047adda?OpenDocument","Calascibetta I 1, I - Statuti dei comuni, 1396-1431",1396,"Calascibetta","Calascibetta","Calascibetta I 1, I - Statuti dei comuni, 1396-1431",1396,"Calascibetta",86005,"Calascibetta",1,1396,NA,NA,NA,NA
"Calatagironis","Calatagironis","https://www.senato.it/w3/Biblioteca/catalogoDegliStatutiMedievali.nsf/de148d287da34e08c1256e4c002f1718/dbbf5a78f5b649d7c1256f9a0047afdb?OpenDocument","Caltagirone I 1, I - Statuti dei comuni, 1160-1796",1160,"Caltagirone","Caltagirone","Caltagirone I 1, I - Statuti dei comuni, 1160-1796",1160,"Caltagirone",87011,"Caltagirone",1,1160,NA,NA,NA,NA
"Calatia","Calatia","https://www.senato.it/w3/Biblioteca/catalogoDegliStatutiMedievali.nsf/de148d287da34e08c1256e4c002f1718/f06f2af0d7950770c1256f9a0047ad4d?OpenDocument","Caiazzo I 1, I - Statuti dei comuni, 1449-1740",1449,"Caiazzo","Caiazzo","Caiazzo I 1, I - Statuti dei comuni, 1449-1740",1449,"Caiazzo",61009,"Caiazzo",1,1449,NA,NA,NA,NA
"Calaxibecta","Calaxibecta","https://www.senato.it/w3/Biblioteca/catalogoDegliStatutiMedievali.nsf/de148d287da34e08c1256e4c002f1718/f0c7cac8c4dea92bc1256f9a0047adda?OpenDocument","Calascibetta I 1, I - Statuti dei comuni, 1396-1431",1396,"Calascibetta","Calascibetta","Calascibetta I 1, I - Statuti dei comuni, 1396-1431",1396,"Calascibetta",86005,"Calascibetta",1,1396,NA,NA,NA,NA
"Caldarola","Caldarola","https://www.senato.it/w3/Biblioteca/catalogoDegliStatutiMedievali.nsf/de148d287da34e08c1256e4c002f1718/183246eb9b9f5f84c1256f9a0047aee1?OpenDocument","Caldarola I 1, I - Statuti dei comuni, 1585",1585,"Caldarola","Caldarola","Caldarola I 1, I - Statuti dei comuni, 1585",1585,"Caldarola",43006,"Caldarola",1,1585,NA,NA,NA,NA
"Calderola","Calderola","https://www.senato.it/w3/Biblioteca/catalogoDegliStatutiMedievali.nsf/de148d287da34e08c1256e4c002f1718/183246eb9b9f5f84c1256f9a0047aee1?OpenDocument","Caldarola I 1, I - Statuti dei comuni, 1585",1585,"Caldarola","Caldarola","Caldarola I 1, I - Statuti dei comuni, 1585",1585,"Caldarola",43006,"Caldarola",1,1585,NA,NA,NA,NA
"Calese","Calese","https://www.senato.it/w3/Biblioteca/catalogoDegliStatutiMedievali.nsf/de148d287da34e08c1256e4c002f1718/4980f125d5478020c1256f9a0047af19?OpenDocument","Calice al Cornoviglio I 1, I - Statuti dei comuni, 1594-1771",1594,"Calice al Cornoviglio","Calice al Cornoviglio","Calice al Cornoviglio I 1, I - Statuti dei comuni, 1594-1771",1594,"Calice al Cornoviglio",11008,"Calice al Cornoviglio",1,1594,NA,NA,NA,NA
"Calice al Cornoviglio","Calice al Cornoviglio","https://www.senato.it/w3/Biblioteca/catalogoDegliStatutiMedievali.nsf/de148d287da34e08c1256e4c002f1718/4980f125d5478020c1256f9a0047af19?OpenDocument","Calice al Cornoviglio I 1, I - Statuti dei comuni, 1594-1771",1594,"Calice al Cornoviglio","Calice al Cornoviglio","Calice al Cornoviglio I 1, I - Statuti dei comuni, 1594-1771",1594,"Calice al Cornoviglio",11008,"Calice al Cornoviglio",1,1594,NA,NA,NA,NA
"Calizano","Calizano","https://www.senato.it/w3/Biblioteca/catalogoDegliStatutiMedievali.nsf/de148d287da34e08c1256e4c002f1718/21db0fc225882301c1256f9a0047af2c?OpenDocument","Calizzano I 1, I - Statuti dei comuni, 1600-1704",1600,"Calizzano","Calizzano","Calizzano I 1, I - Statuti dei comuni, 1600-1704",1600,"Calizzano",9017,"Calizzano",1,1600,NA,NA,NA,NA
"Calizzano","Calizzano","https://www.senato.it/w3/Biblioteca/catalogoDegliStatutiMedievali.nsf/de148d287da34e08c1256e4c002f1718/21db0fc225882301c1256f9a0047af2c?OpenDocument","Calizzano I 1, I - Statuti dei comuni, 1600-1704",1600,"Calizzano","Calizzano","Calizzano I 1, I - Statuti dei comuni, 1600-1704",1600,"Calizzano",9017,"Calizzano",1,1600,NA,NA,NA,NA
"Callaris","Callaris","https://www.senato.it/w3/Biblioteca/catalogoDegliStatutiMedievali.nsf/de148d287da34e08c1256e4c002f1718/d5395f0e53400843c1256f9a0047a974?OpenDocument","Cagliari I 1, I - Statuti dei comuni, 1025-1766",1025,"Cagliari","Cagliari","Cagliari I 1, I - Statuti dei comuni, 1025-1766",1025,"Cagliari",92009,"Cagliari",1,1025,NA,NA,NA,NA
"Caller","Caller","https://www.senato.it/w3/Biblioteca/catalogoDegliStatutiMedievali.nsf/de148d287da34e08c1256e4c002f1718/d5395f0e53400843c1256f9a0047a974?OpenDocument","Cagliari I 1, I - Statuti dei comuni, 1025-1766",1025,"Cagliari","Cagliari","Cagliari I 1, I - Statuti dei comuni, 1025-1766",1025,"Cagliari",92009,"Cagliari",1,1025,NA,NA,NA,NA
"Callium","Callium","https://www.senato.it/w3/Biblioteca/catalogoDegliStatutiMedievali.nsf/de148d287da34e08c1256e4c002f1718/10c1559fe4fe39d6c1256f9a0047a901?OpenDocument","Cagli I 1, I - Statuti dei comuni, 1589",1589,"Cagli","Cagli","Cagli I 1, I - Statuti dei comuni, 1589",1589,"Cagli",41007,"Cagli",1,1589,NA,NA,NA,NA
"Caltagirone","Caltagirone","https://www.senato.it/w3/Biblioteca/catalogoDegliStatutiMedievali.nsf/de148d287da34e08c1256e4c002f1718/dbbf5a78f5b649d7c1256f9a0047afdb?OpenDocument","Caltagirone I 1, I - Statuti dei comuni, 1160-1796",1160,"Caltagirone","Caltagirone","Caltagirone I 1, I - Statuti dei comuni, 1160-1796",1160,"Caltagirone",87011,"Caltagirone",1,1160,NA,NA,NA,NA
"Caltayeron","Caltayeron","https://www.senato.it/w3/Biblioteca/catalogoDegliStatutiMedievali.nsf/de148d287da34e08c1256e4c002f1718/dbbf5a78f5b649d7c1256f9a0047afdb?OpenDocument","Caltagirone I 1, I - Statuti dei comuni, 1160-1796",1160,"Caltagirone","Caltagirone","Caltagirone I 1, I - Statuti dei comuni, 1160-1796",1160,"Caltagirone",87011,"Caltagirone",1,1160,NA,NA,NA,NA
"Caluso","Caluso","https://www.senato.it/w3/Biblioteca/catalogoDegliStatutiMedievali.nsf/de148d287da34e08c1256e4c002f1718/234a46f84d1d62a4c1256f9a0047b091?OpenDocument","Caluso I 1, I - Statuti dei comuni, 1510",1510,"Caluso","Caluso","Caluso I 1, I - Statuti dei comuni, 1510",1510,"Caluso",1047,"Caluso",1,1510,NA,NA,NA,NA
"Caluxium","Caluxium","https://www.senato.it/w3/Biblioteca/catalogoDegliStatutiMedievali.nsf/de148d287da34e08c1256e4c002f1718/234a46f84d1d62a4c1256f9a0047b091?OpenDocument","Caluso I 1, I - Statuti dei comuni, 1510",1510,"Caluso","Caluso","Caluso I 1, I - Statuti dei comuni, 1510",1510,"Caluso",1047,"Caluso",1,1510,NA,NA,NA,NA
"Calvi","Calvi","https://www.senato.it/w3/Biblioteca/catalogoDegliStatutiMedievali.nsf/de148d287da34e08c1256e4c002f1718/d36a76b4ef332d15c1256f9a0047b0bd?OpenDocument","Calvi I 1, I - Statuti dei comuni, 1278-1561",1278,"Calvi","Calvi","Calvi I 1, I - Statuti dei comuni, 1278-1561",1278,"Calvi",62012,"Calvi",1,1278,NA,NA,NA,NA
"Camerino","Camerino","https://www.senato.it/w3/Biblioteca/catalogoDegliStatutiMedievali.nsf/de148d287da34e08c1256e4c002f1718/6a29f1794b4a7529c1256f9a0047b10d?OpenDocument","Camerino I 1, I - Statuti dei comuni, 1560-1564",1560,"Camerino","Camerino","Camerino I 1, I - Statuti dei comuni, 1560-1564",1560,"Camerino",43007,"Camerino",1,1560,NA,NA,NA,NA
"Camerinum","Camerinum","https://www.senato.it/w3/Biblioteca/catalogoDegliStatutiMedievali.nsf/de148d287da34e08c1256e4c002f1718/6a29f1794b4a7529c1256f9a0047b10d?OpenDocument","Camerino I 1, I - Statuti dei comuni, 1560-1564",1560,"Camerino","Camerino","Camerino I 1, I - Statuti dei comuni, 1560-1564",1560,"Camerino",43007,"Camerino",1,1560,NA,NA,NA,NA
"Camino","Camino","https://www.senato.it/w3/Biblioteca/catalogoDegliStatutiMedievali.nsf/de148d287da34e08c1256e4c002f1718/838447f3c2a7b759c1256f9a0047b213?OpenDocument","Camino I 1, I - Statuti dei comuni, 1270-1400",1270,"Camino","Camino","Camino I 1, I - Statuti dei comuni, 1270-1400",1270,"Camino",6027,"Camino",1,1270,NA,NA,NA,NA
"Caminum","Caminum","https://www.senato.it/w3/Biblioteca/catalogoDegliStatutiMedievali.nsf/de148d287da34e08c1256e4c002f1718/838447f3c2a7b759c1256f9a0047b213?OpenDocument","Camino I 1, I - Statuti dei comuni, 1270-1400",1270,"Camino","Camino","Camino I 1, I - Statuti dei comuni, 1270-1400",1270,"Camino",6027,"Camino",1,1270,NA,NA,NA,NA
"Campagna","Campagna","https://www.senato.it/w3/Biblioteca/catalogoDegliStatutiMedievali.nsf/de148d287da34e08c1256e4c002f1718/97d102b688b3ef42c1256f9a0047b23a?OpenDocument","Campagna I 1, I - Statuti dei comuni, 1492",1492,"Campagna","Campagna","Campagna I 1, I - Statuti dei comuni, 1492",1492,"Campagna",65022,"Campagna",1,1492,NA,NA,NA,NA
"Campagnano di Roma","Campagnano di Roma","https://www.senato.it/w3/Biblioteca/catalogoDegliStatutiMedievali.nsf/de148d287da34e08c1256e4c002f1718/db3ab9c17c20b04ac1256f9a0047b24c?OpenDocument","Campagnano Di Roma I 1, I - Statuti dei comuni, 1270-1370",1270,"Campagnano di Roma","Campagnano di Roma","Campagnano Di Roma I 1, I - Statuti dei comuni, 1270-1370",1270,"Campagnano di Roma",58015,"Campagnano di Roma",1,1270,NA,NA,NA,NA
"Campanianum","Campanianum","https://www.senato.it/w3/Biblioteca/catalogoDegliStatutiMedievali.nsf/de148d287da34e08c1256e4c002f1718/db3ab9c17c20b04ac1256f9a0047b24c?OpenDocument","Campagnano Di Roma I 1, I - Statuti dei comuni, 1270-1370",1270,"Campagnano di Roma","Campagnano di Roma","Campagnano Di Roma I 1, I - Statuti dei comuni, 1270-1370",1270,"Campagnano di Roma",58015,"Campagnano di Roma",1,1270,NA,NA,NA,NA
"Campello sul Clitunno","Campello sul Clitunno","https://www.senato.it/w3/Biblioteca/catalogoDegliStatutiMedievali.nsf/de148d287da34e08c1256e4c002f1718/0061d6c4ef3fddd9c1256f9a0047b2e3?OpenDocument","Campello Sul Clitunno I 1, I - Statuti dei comuni, 1569-1570",1569,"Campello sul Clitunno","Campello sul Clitunno","Campello Sul Clitunno I 1, I - Statuti dei comuni, 1569-1570",1569,"Campello sul Clitunno",54005,"Campello sul Clitunno",1,1569,NA,NA,NA,NA
"Campellum","Campellum","https://www.senato.it/w3/Biblioteca/catalogoDegliStatutiMedievali.nsf/de148d287da34e08c1256e4c002f1718/0061d6c4ef3fddd9c1256f9a0047b2e3?OpenDocument","Campello Sul Clitunno I 1, I - Statuti dei comuni, 1569-1570",1569,"Campello sul Clitunno","Campello sul Clitunno","Campello Sul Clitunno I 1, I - Statuti dei comuni, 1569-1570",1569,"Campello sul Clitunno",54005,"Campello sul Clitunno",1,1569,NA,NA,NA,NA
"Campilionum","Campilionum","https://www.senato.it/w3/Biblioteca/catalogoDegliStatutiMedievali.nsf/de148d287da34e08c1256e4c002f1718/fac17afd282241f0c1256f9a0047b322?OpenDocument","Campione D'Italia I 1, I - Statuti dei comuni, 1266-1306",1266,"Campione d'Italia","Campione d'Italia","Campione D'Italia I 1, I - Statuti dei comuni, 1266-1306",1266,"Campione d'Italia",13040,"Campione d'Italia",1,1266,NA,NA,NA,NA
"Campione d'Italia","Campione d'Italia","https://www.senato.it/w3/Biblioteca/catalogoDegliStatutiMedievali.nsf/de148d287da34e08c1256e4c002f1718/fac17afd282241f0c1256f9a0047b322?OpenDocument","Campione D'Italia I 1, I - Statuti dei comuni, 1266-1306",1266,"Campione d'Italia","Campione d'Italia","Campione D'Italia I 1, I - Statuti dei comuni, 1266-1306",1266,"Campione d'Italia",13040,"Campione d'Italia",1,1266,NA,NA,NA,NA
"Campo","Campo","https://www.senato.it/w3/Biblioteca/catalogoDegliStatutiMedievali.nsf/de148d287da34e08c1256e4c002f1718/13a0b2a4e136266bc1256f9a0047b54f?OpenDocument","Campo Ligure I 1, I - Statuti dei comuni, 1561-1654",1561,"Campo Ligure","Campo Ligure","Campo Ligure I 1, I - Statuti dei comuni, 1561-1654",1561,"Campo Ligure",10008,"Campo Ligure",1,1561,NA,NA,NA,NA
"Campo Ligure","Campo Ligure","https://www.senato.it/w3/Biblioteca/catalogoDegliStatutiMedievali.nsf/de148d287da34e08c1256e4c002f1718/13a0b2a4e136266bc1256f9a0047b54f?OpenDocument","Campo Ligure I 1, I - Statuti dei comuni, 1561-1654",1561,"Campo Ligure","Campo Ligure","Campo Ligure I 1, I - Statuti dei comuni, 1561-1654",1561,"Campo Ligure",10008,"Campo Ligure",1,1561,NA,NA,NA,NA
"Campofreddo","Campofreddo","https://www.senato.it/w3/Biblioteca/catalogoDegliStatutiMedievali.nsf/de148d287da34e08c1256e4c002f1718/13a0b2a4e136266bc1256f9a0047b54f?OpenDocument","Campo Ligure I 1, I - Statuti dei comuni, 1561-1654",1561,"Campo Ligure","Campo Ligure","Campo Ligure I 1, I - Statuti dei comuni, 1561-1654",1561,"Campo Ligure",10008,"Campo Ligure",1,1561,NA,NA,NA,NA
"Campogaiano","Campogaiano","https://www.senato.it/w3/Biblioteca/catalogoDegliStatutiMedievali.nsf/de148d287da34e08c1256e4c002f1718/ae95061c84d36219c1256f9a0047b363?OpenDocument","Campogalliano I 1, I - Statuti dei comuni, 1616-1634",1616,"Campogalliano","Campogalliano","Campogalliano I 1, I - Statuti dei comuni, 1616-1634",1616,"Campogalliano",36003,"Campogalliano",1,1616,NA,NA,NA,NA
"Campogalliano","Campogalliano","https://www.senato.it/w3/Biblioteca/catalogoDegliStatutiMedievali.nsf/de148d287da34e08c1256e4c002f1718/ae95061c84d36219c1256f9a0047b363?OpenDocument","Campogalliano I 1, I - Statuti dei comuni, 1616-1634",1616,"Campogalliano","Campogalliano","Campogalliano I 1, I - Statuti dei comuni, 1616-1634",1616,"Campogalliano",36003,"Campogalliano",1,1616,NA,NA,NA,NA
"Camporeggiano","Camporeggiano","https://www.senato.it/w3/Biblioteca/catalogoDegliStatutiMedievali.nsf/de148d287da34e08c1256e4c002f1718/920a551f4ddd686dc1256f9a0047b376?OpenDocument","Camporgiano I 1, I - Statuti dei comuni, 1444-1715",1444,"Camporgiano","Camporgiano","Camporgiano I 1, I - Statuti dei comuni, 1444-1715",1444,"Camporgiano",46006,"Camporgiano",1,1444,NA,NA,NA,NA
"Camporegianus","Camporegianus","https://www.senato.it/w3/Biblioteca/catalogoDegliStatutiMedievali.nsf/de148d287da34e08c1256e4c002f1718/920a551f4ddd686dc1256f9a0047b376?OpenDocument","Camporgiano I 1, I - Statuti dei comuni, 1444-1715",1444,"Camporgiano","Camporgiano","Camporgiano I 1, I - Statuti dei comuni, 1444-1715",1444,"Camporgiano",46006,"Camporgiano",1,1444,NA,NA,NA,NA
"Camporgiano","Camporgiano","https://www.senato.it/w3/Biblioteca/catalogoDegliStatutiMedievali.nsf/de148d287da34e08c1256e4c002f1718/920a551f4ddd686dc1256f9a0047b376?OpenDocument","Camporgiano I 1, I - Statuti dei comuni, 1444-1715",1444,"Camporgiano","Camporgiano","Camporgiano I 1, I - Statuti dei comuni, 1444-1715",1444,"Camporgiano",46006,"Camporgiano",1,1444,NA,NA,NA,NA
"Camposampiero","Camposampiero","https://www.senato.it/w3/Biblioteca/catalogoDegliStatutiMedievali.nsf/de148d287da34e08c1256e4c002f1718/fd6cc33cdbc9e343c1256f9a0047b484?OpenDocument","Camposampiero I 1, I - Statuti dei comuni, 1418-1673",1418,"Camposampiero","Camposampiero","Camposampiero I 1, I - Statuti dei comuni, 1418-1673",1418,"Camposampiero",28019,"Camposampiero",1,1418,NA,NA,NA,NA
"Campus Sancti Petri","Campus Sancti Petri","https://www.senato.it/w3/Biblioteca/catalogoDegliStatutiMedievali.nsf/de148d287da34e08c1256e4c002f1718/fd6cc33cdbc9e343c1256f9a0047b484?OpenDocument","Camposampiero I 1, I - Statuti dei comuni, 1418-1673",1418,"Camposampiero","Camposampiero","Camposampiero I 1, I - Statuti dei comuni, 1418-1673",1418,"Camposampiero",28019,"Camposampiero",1,1418,NA,NA,NA,NA
"Candia Lomellina","Candia Lomellina","https://www.senato.it/w3/Biblioteca/catalogoDegliStatutiMedievali.nsf/de148d287da34e08c1256e4c002f1718/2b6f8c5627e77a10c1256f9a0047b6af?OpenDocument","Candia Lomellina I 1, I - Statuti dei comuni, 1726",1726,"Candia Lomellina","Candia Lomellina","Candia Lomellina I 1, I - Statuti dei comuni, 1726",1726,"Candia Lomellina",18027,"Candia Lomellina",1,1726,NA,NA,NA,NA
"Canellae","Canellae","https://www.senato.it/w3/Biblioteca/catalogoDegliStatutiMedievali.nsf/de148d287da34e08c1256e4c002f1718/9e8b112d471efc61c1256f9a0047b6d5?OpenDocument","Canelli I 1, I - Statuti dei comuni, 1344-1611",1344,"Canelli","Canelli","Canelli I 1, I - Statuti dei comuni, 1344-1611",1344,"Canelli",5017,"Canelli",1,1344,NA,NA,NA,NA
"Canelli","Canelli","https://www.senato.it/w3/Biblioteca/catalogoDegliStatutiMedievali.nsf/de148d287da34e08c1256e4c002f1718/9e8b112d471efc61c1256f9a0047b6d5?OpenDocument","Canelli I 1, I - Statuti dei comuni, 1344-1611",1344,"Canelli","Canelli","Canelli I 1, I - Statuti dei comuni, 1344-1611",1344,"Canelli",5017,"Canelli",1,1344,NA,NA,NA,NA
"Caneva","Caneva","https://www.senato.it/w3/Biblioteca/catalogoDegliStatutiMedievali.nsf/de148d287da34e08c1256e4c002f1718/87d8296fa65b926bc1256f9a0047b74d?OpenDocument","Caneva I 1, I - Statuti dei comuni, 1411-1775",1411,"Caneva","Caneva","Caneva I 1, I - Statuti dei comuni, 1411-1775",1411,"Caneva",93009,"Caneva",1,1411,NA,NA,NA,NA
"Canischio","Canischio","https://www.senato.it/w3/Biblioteca/catalogoDegliStatutiMedievali.nsf/de148d287da34e08c1256e4c002f1718/6fc2773e098c6cafc1256f9a0047b7d6?OpenDocument","Canischio I 1, I - Statuti dei comuni, 1344-1669",1344,"Canischio","Canischio","Canischio I 1, I - Statuti dei comuni, 1344-1669",1344,"Canischio",1052,"Canischio",1,1344,NA,NA,NA,NA
"Canischulum","Canischulum","https://www.senato.it/w3/Biblioteca/catalogoDegliStatutiMedievali.nsf/de148d287da34e08c1256e4c002f1718/6fc2773e098c6cafc1256f9a0047b7d6?OpenDocument","Canischio I 1, I - Statuti dei comuni, 1344-1669",1344,"Canischio","Canischio","Canischio I 1, I - Statuti dei comuni, 1344-1669",1344,"Canischio",1052,"Canischio",1,1344,NA,NA,NA,NA
"Canneto sull'Oglio","Canneto sull'Oglio","https://www.senato.it/w3/Biblioteca/catalogoDegliStatutiMedievali.nsf/de148d287da34e08c1256e4c002f1718/aaed6e4e1e23bf6ac1256f9a0047b7f4?OpenDocument","Canneto sull'Oglio I 1, I - Statuti dei comuni, 1217",1217,"Canneto sull'Oglio","Canneto sull'Oglio","Canneto sull'Oglio I 1, I - Statuti dei comuni, 1217",1217,"Canneto sull'Oglio",20008,"Canneto sull'Oglio",1,1217,NA,NA,NA,NA
"Cannetum","Cannetum","https://www.senato.it/w3/Biblioteca/catalogoDegliStatutiMedievali.nsf/de148d287da34e08c1256e4c002f1718/aaed6e4e1e23bf6ac1256f9a0047b7f4?OpenDocument","Canneto sull'Oglio I 1, I - Statuti dei comuni, 1217",1217,"Canneto sull'Oglio","Canneto sull'Oglio","Canneto sull'Oglio I 1, I - Statuti dei comuni, 1217",1217,"Canneto sull'Oglio",20008,"Canneto sull'Oglio",1,1217,NA,NA,NA,NA
"Cannobio","Cannobio","https://www.senato.it/w3/Biblioteca/catalogoDegliStatutiMedievali.nsf/de148d287da34e08c1256e4c002f1718/e2aa348f4c018eddc1256f9a0047b992?OpenDocument","Cannobio I 1, I - Statuti dei comuni, 1211-1485",1211,"Cannobio","Cannobio","Cannobio I 1, I - Statuti dei comuni, 1211-1485",1211,"Cannobio",103017,"Cannobio",1,1211,NA,NA,NA,NA
"Cannobium","Cannobium","https://www.senato.it/w3/Biblioteca/catalogoDegliStatutiMedievali.nsf/de148d287da34e08c1256e4c002f1718/e2aa348f4c018eddc1256f9a0047b992?OpenDocument","Cannobio I 1, I - Statuti dei comuni, 1211-1485",1211,"Cannobio","Cannobio","Cannobio I 1, I - Statuti dei comuni, 1211-1485",1211,"Cannobio",103017,"Cannobio",1,1211,NA,NA,NA,NA
"Canobium","Canobium","https://www.senato.it/w3/Biblioteca/catalogoDegliStatutiMedievali.nsf/de148d287da34e08c1256e4c002f1718/e2aa348f4c018eddc1256f9a0047b992?OpenDocument","Cannobio I 1, I - Statuti dei comuni, 1211-1485",1211,"Cannobio","Cannobio","Cannobio I 1, I - Statuti dei comuni, 1211-1485",1211,"Cannobio",103017,"Cannobio",1,1211,NA,NA,NA,NA
"Cansaria","Cansaria","https://www.senato.it/w3/Biblioteca/catalogoDegliStatutiMedievali.nsf/de148d287da34e08c1256e4c002f1718/0ac0c1f8f4ebce15c1256fac004029ef?OpenDocument","San Michele di Ganzaria I 1, I - Statuti dei comuni, 1534",1534,"San Michele di Ganzaria","San Michele di Ganzaria","San Michele di Ganzaria I 1, I - Statuti dei comuni, 1534",1534,"San Michele di Ganzaria",87043,"San Michele di Ganzaria",1,1534,NA,NA,NA,NA
"Capicium","Capicium","https://www.senato.it/w3/Biblioteca/catalogoDegliStatutiMedievali.nsf/de148d287da34e08c1256e4c002f1718/7bc4cb2166431d0fc1256f9a0047bc06?OpenDocument","Capizzi I 1, I - Statuti dei comuni, 1448",1448,"Capizzi","Capizzi","Capizzi I 1, I - Statuti dei comuni, 1448",1448,"Capizzi",83008,"Capizzi",1,1448,NA,NA,NA,NA
"Capizzi","Capizzi","https://www.senato.it/w3/Biblioteca/catalogoDegliStatutiMedievali.nsf/de148d287da34e08c1256e4c002f1718/7bc4cb2166431d0fc1256f9a0047bc06?OpenDocument","Capizzi I 1, I - Statuti dei comuni, 1448",1448,"Capizzi","Capizzi","Capizzi I 1, I - Statuti dei comuni, 1448",1448,"Capizzi",83008,"Capizzi",1,1448,NA,NA,NA,NA
"Capraia Isola","Capraia Isola","https://www.senato.it/w3/Biblioteca/catalogoDegliStatutiMedievali.nsf/de148d287da34e08c1256e4c002f1718/277c816d1f1cdc25c1256f9a0047bdb2?OpenDocument","Capraia Isola I 1, I - Statuti dei comuni, 1612",1612,"Capraia Isola","Capraia Isola","Capraia Isola I 1, I - Statuti dei comuni, 1612",1612,"Capraia Isola",49005,"Capraia Isola",1,1612,NA,NA,NA,NA
"Capua","Capua","https://www.senato.it/w3/Biblioteca/catalogoDegliStatutiMedievali.nsf/de148d287da34e08c1256e4c002f1718/75322d2299e9d596c1256f9a0047be13?OpenDocument","Capua I 1, I - Statuti dei comuni, 1109-1570",1109,"Capua","Capua","Capua I 1, I - Statuti dei comuni, 1109-1570",1109,"Capua",61015,"Capua",1,1109,NA,NA,NA,NA
"Caput Aggeris","Caput Aggeris","https://www.senato.it/w3/Biblioteca/catalogoDegliStatutiMedievali.nsf/de148d287da34e08c1256e4c002f1718/e8000e6c2fe6da62c1256f9a0056d560?OpenDocument","Cavarzere I 1, I - Statuti dei comuni, 1312-1710",1312,"Cavarzere","Cavarzere","Cavarzere I 1, I - Statuti dei comuni, 1312-1710",1312,"Cavarzere",27006,"Cavarzere",1,1312,NA,NA,NA,NA
"Caput Scilicis","Caput Scilicis","https://www.senato.it/w3/Biblioteca/catalogoDegliStatutiMedievali.nsf/de148d287da34e08c1256e4c002f1718/3a81e54924c77337c1256f9a0054e0ea?OpenDocument","Conselice I 1, I - Statuti dei comuni, 1460-1572",1460,"Conselice","Conselice","Conselice I 1, I - Statuti dei comuni, 1460-1572",1460,"Conselice",39008,"Conselice",1,1460,NA,NA,NA,NA
"Caralis","Caralis","https://www.senato.it/w3/Biblioteca/catalogoDegliStatutiMedievali.nsf/de148d287da34e08c1256e4c002f1718/d5395f0e53400843c1256f9a0047a974?OpenDocument","Cagliari I 1, I - Statuti dei comuni, 1025-1766",1025,"Cagliari","Cagliari","Cagliari I 1, I - Statuti dei comuni, 1025-1766",1025,"Cagliari",92009,"Cagliari",1,1025,NA,NA,NA,NA
"Caravaggio","Caravaggio","https://www.senato.it/w3/Biblioteca/catalogoDegliStatutiMedievali.nsf/de148d287da34e08c1256e4c002f1718/13a0f3146c8dd93bc1256f9a0047be84?OpenDocument","Caravaggio II1 1, II 1 - Corporazioni",NA,"Caravaggio","Caravaggio","Caravaggio II1 1, II 1 - Corporazioni",NA,"Caravaggio",16053,"Caravaggio",1,NA,NA,NA,NA,NA
"Caravino","Caravino","https://www.senato.it/w3/Biblioteca/catalogoDegliStatutiMedievali.nsf/de148d287da34e08c1256e4c002f1718/48884bc06177ffdfc1256f9a0047be92?OpenDocument","Caravino I 1, I - Statuti dei comuni, 1480",1480,"Caravino","Caravino","Caravino I 1, I - Statuti dei comuni, 1480",1480,"Caravino",1056,"Caravino",1,1480,NA,NA,NA,NA
"Carbognano","Carbognano","https://www.senato.it/w3/Biblioteca/catalogoDegliStatutiMedievali.nsf/de148d287da34e08c1256e4c002f1718/859872bf89782f0ac1256f9a0047bea3?OpenDocument","Carbognano I 1, I - Statuti dei comuni, 1479-1767",1479,"Carbognano","Carbognano","Carbognano I 1, I - Statuti dei comuni, 1479-1767",1479,"Carbognano",56016,"Carbognano",1,1479,NA,NA,NA,NA
"Carboneanum","Carboneanum","https://www.senato.it/w3/Biblioteca/catalogoDegliStatutiMedievali.nsf/de148d287da34e08c1256e4c002f1718/859872bf89782f0ac1256f9a0047bea3?OpenDocument","Carbognano I 1, I - Statuti dei comuni, 1479-1767",1479,"Carbognano","Carbognano","Carbognano I 1, I - Statuti dei comuni, 1479-1767",1479,"Carbognano",56016,"Carbognano",1,1479,NA,NA,NA,NA
"Cargnanum","Cargnanum","https://www.senato.it/w3/Biblioteca/catalogoDegliStatutiMedievali.nsf/de148d287da34e08c1256e4c002f1718/3d702584c8f3b48cc1256fa9003c2979?OpenDocument","Carignano I 1, I - Statuti dei comuni, 1324-1474",1324,"Carignano","Carignano","Carignano I 1, I - Statuti dei comuni, 1324-1474",1324,"Carignano",1058,"Carignano",1,1324,NA,NA,NA,NA
"Carignano","Carignano","https://www.senato.it/w3/Biblioteca/catalogoDegliStatutiMedievali.nsf/de148d287da34e08c1256e4c002f1718/3d702584c8f3b48cc1256fa9003c2979?OpenDocument","Carignano I 1, I - Statuti dei comuni, 1324-1474",1324,"Carignano","Carignano","Carignano I 1, I - Statuti dei comuni, 1324-1474",1324,"Carignano",1058,"Carignano",1,1324,NA,NA,NA,NA
"Carinianum","Carinianum","https://www.senato.it/w3/Biblioteca/catalogoDegliStatutiMedievali.nsf/de148d287da34e08c1256e4c002f1718/3d702584c8f3b48cc1256fa9003c2979?OpenDocument","Carignano I 1, I - Statuti dei comuni, 1324-1474",1324,"Carignano","Carignano","Carignano I 1, I - Statuti dei comuni, 1324-1474",1324,"Carignano",1058,"Carignano",1,1324,NA,NA,NA,NA
"Carinola","Carinola","https://www.senato.it/w3/Biblioteca/catalogoDegliStatutiMedievali.nsf/de148d287da34e08c1256e4c002f1718/649107cc9c6a855ac1256f9a0047bfe3?OpenDocument","Carinola I 1, I - Statuti dei comuni, 1492",1492,"Carinola","Carinola","Carinola I 1, I - Statuti dei comuni, 1492",1492,"Carinola",61017,"Carinola",1,1492,NA,NA,NA,NA
"Carium","Carium","https://www.senato.it/w3/Biblioteca/catalogoDegliStatutiMedievali.nsf/de148d287da34e08c1256e4c002f1718/c5557122721cb63bc1256f9a00491ca8?OpenDocument","Chieri I 1, I - Statuti dei comuni, 1212",1212,"Chieri","Chieri","Chieri I 1, I - Statuti dei comuni, 1212",1212,"Chieri",1078,"Chieri",1,1212,NA,NA,NA,NA
"Carmagnola","Carmagnola","https://www.senato.it/w3/Biblioteca/catalogoDegliStatutiMedievali.nsf/de148d287da34e08c1256e4c002f1718/bec79c34dfb02729c1256f9a0047c012?OpenDocument","Carmagnola I 1, I - Statuti dei comuni, 1375",1375,"Carmagnola","Carmagnola","Carmagnola I 1, I - Statuti dei comuni, 1375",1375,"Carmagnola",1059,"Carmagnola",1,1375,NA,NA,NA,NA
"Carmagnolia","Carmagnolia","https://www.senato.it/w3/Biblioteca/catalogoDegliStatutiMedievali.nsf/de148d287da34e08c1256e4c002f1718/bec79c34dfb02729c1256f9a0047c012?OpenDocument","Carmagnola I 1, I - Statuti dei comuni, 1375",1375,"Carmagnola","Carmagnola","Carmagnola I 1, I - Statuti dei comuni, 1375",1375,"Carmagnola",1059,"Carmagnola",1,1375,NA,NA,NA,NA
"Carmaniola","Carmaniola","https://www.senato.it/w3/Biblioteca/catalogoDegliStatutiMedievali.nsf/de148d287da34e08c1256e4c002f1718/bec79c34dfb02729c1256f9a0047c012?OpenDocument","Carmagnola I 1, I - Statuti dei comuni, 1375",1375,"Carmagnola","Carmagnola","Carmagnola I 1, I - Statuti dei comuni, 1375",1375,"Carmagnola",1059,"Carmagnola",1,1375,NA,NA,NA,NA
"Carmignano","Carmignano","https://www.senato.it/w3/Biblioteca/catalogoDegliStatutiMedievali.nsf/de148d287da34e08c1256e4c002f1718/5560b63fb0c8d493c1256f9a0047c06e?OpenDocument","Carmignano I 1, I - Statuti dei comuni, 1219-1680",1219,"Carmignano","Carmignano","Carmignano I 1, I - Statuti dei comuni, 1219-1680",1219,"Carmignano",100002,"Carmignano",1,1219,NA,NA,NA,NA
"Carminianum","Carminianum","https://www.senato.it/w3/Biblioteca/catalogoDegliStatutiMedievali.nsf/de148d287da34e08c1256e4c002f1718/5560b63fb0c8d493c1256f9a0047c06e?OpenDocument","Carmignano I 1, I - Statuti dei comuni, 1219-1680",1219,"Carmignano","Carmignano","Carmignano I 1, I - Statuti dei comuni, 1219-1680",1219,"Carmignano",100002,"Carmignano",1,1219,NA,NA,NA,NA
"Carpasio","Carpasio","https://www.senato.it/w3/Biblioteca/catalogoDegliStatutiMedievali.nsf/de148d287da34e08c1256e4c002f1718/fe033b32974e21ddc1256f9a0047c0dd?OpenDocument","Carpasio I 1, I - Statuti dei comuni, 1433",1433,"Carpasio","Carpasio","Carpasio I 1, I - Statuti dei comuni, 1433",1433,"Carpasio",8013,"Carpasio",1,1433,NA,NA,NA,NA
"Carpaxium","Carpaxium","https://www.senato.it/w3/Biblioteca/catalogoDegliStatutiMedievali.nsf/de148d287da34e08c1256e4c002f1718/fe033b32974e21ddc1256f9a0047c0dd?OpenDocument","Carpasio I 1, I - Statuti dei comuni, 1433",1433,"Carpasio","Carpasio","Carpasio I 1, I - Statuti dei comuni, 1433",1433,"Carpasio",8013,"Carpasio",1,1433,NA,NA,NA,NA
"Carpenedolo","Carpenedolo","https://www.senato.it/w3/Biblioteca/catalogoDegliStatutiMedievali.nsf/de148d287da34e08c1256e4c002f1718/95fb8681a8e85aafc1256f9a0047c0f2?OpenDocument","Carpenedolo I 1, I - Statuti dei comuni, 1406-1744",1406,"Carpenedolo","Carpenedolo","Carpenedolo I 1, I - Statuti dei comuni, 1406-1744",1406,"Carpenedolo",17039,"Carpenedolo",1,1406,NA,NA,NA,NA
"Carpeneto","Carpeneto","https://www.senato.it/w3/Biblioteca/catalogoDegliStatutiMedievali.nsf/de148d287da34e08c1256e4c002f1718/5a5bfa74fc7804ffc1256f9a0047c104?OpenDocument","Carpeneto I 1, I - Statuti dei comuni, 1458-1706",1458,"Carpeneto","Carpeneto","Carpeneto I 1, I - Statuti dei comuni, 1458-1706",1458,"Carpeneto",6033,"Carpeneto",1,1458,NA,NA,NA,NA
"Carpenetum","Carpenetum","https://www.senato.it/w3/Biblioteca/catalogoDegliStatutiMedievali.nsf/de148d287da34e08c1256e4c002f1718/5a5bfa74fc7804ffc1256f9a0047c104?OpenDocument","Carpeneto I 1, I - Statuti dei comuni, 1458-1706",1458,"Carpeneto","Carpeneto","Carpeneto I 1, I - Statuti dei comuni, 1458-1706",1458,"Carpeneto",6033,"Carpeneto",1,1458,NA,NA,NA,NA
"Carpi","Carpi","https://www.senato.it/w3/Biblioteca/catalogoDegliStatutiMedievali.nsf/de148d287da34e08c1256e4c002f1718/9bedc3d3ef0246c0c1256f9a0047c11c?OpenDocument","Carpi I 1, I - Statuti dei comuni, 1353-1762",1353,"Carpi","Carpi","Carpi I 1, I - Statuti dei comuni, 1353-1762",1353,"Carpi",36005,"Carpi",1,1353,NA,NA,NA,NA
"Carpum","Carpum","https://www.senato.it/w3/Biblioteca/catalogoDegliStatutiMedievali.nsf/de148d287da34e08c1256e4c002f1718/9bedc3d3ef0246c0c1256f9a0047c11c?OpenDocument","Carpi I 1, I - Statuti dei comuni, 1353-1762",1353,"Carpi","Carpi","Carpi I 1, I - Statuti dei comuni, 1353-1762",1353,"Carpi",36005,"Carpi",1,1353,NA,NA,NA,NA
"Carrara","Carrara","https://www.senato.it/w3/Biblioteca/catalogoDegliStatutiMedievali.nsf/de148d287da34e08c1256e4c002f1718/aa4dc2e469a21a53c1256f9a0047c2d4?OpenDocument","Carrara I 1, I - Statuti dei comuni, 1235-1260",1235,"Carrara","Carrara","Carrara I 1, I - Statuti dei comuni, 1235-1260",1235,"Carrara",45003,"Carrara",1,1235,NA,NA,NA,NA
"Carraria","Carraria","https://www.senato.it/w3/Biblioteca/catalogoDegliStatutiMedievali.nsf/de148d287da34e08c1256e4c002f1718/aa4dc2e469a21a53c1256f9a0047c2d4?OpenDocument","Carrara I 1, I - Statuti dei comuni, 1235-1260",1235,"Carrara","Carrara","Carrara I 1, I - Statuti dei comuni, 1235-1260",1235,"Carrara",45003,"Carrara",1,1235,NA,NA,NA,NA
"Carrodano","Carrodano","https://www.senato.it/w3/Biblioteca/catalogoDegliStatutiMedievali.nsf/de148d287da34e08c1256e4c002f1718/1ae7b6443a1069c4c1256f9a0047c456?OpenDocument","Carrodano I 1, I - Statuti dei comuni, 1463-1693",1463,"Carrodano","Carrodano","Carrodano I 1, I - Statuti dei comuni, 1463-1693",1463,"Carrodano",11010,"Carrodano",1,1463,NA,NA,NA,NA
"Cartignano","Cartignano","https://www.senato.it/w3/Biblioteca/catalogoDegliStatutiMedievali.nsf/de148d287da34e08c1256e4c002f1718/75f5a60db32afa3fc1256f9a0047c469?OpenDocument","Cartignano I 1, I - Statuti dei comuni, 1346-1454",1346,"Cartignano","Cartignano","Cartignano I 1, I - Statuti dei comuni, 1346-1454",1346,"Cartignano",4044,"Cartignano",1,1346,NA,NA,NA,NA
"Casal Fiumanese","Casal Fiumanese","https://www.senato.it/w3/Biblioteca/catalogoDegliStatutiMedievali.nsf/de148d287da34e08c1256e4c002f1718/7e8bc4b0954f6f6fc1256f9a0047c647?OpenDocument","Casal Fiumanese I 1, I - Statuti dei comuni, 1376-1636",1376,"Casalfiumanese","Casalfiumanese","Casal Fiumanese I 1, I - Statuti dei comuni, 1376-1636",1376,"Casalfiumanese",37012,"Casalfiumanese",1,1376,NA,NA,NA,NA
"Casalbeltrame","Casalbeltrame","https://www.senato.it/w3/Biblioteca/catalogoDegliStatutiMedievali.nsf/de148d287da34e08c1256e4c002f1718/f19dea1126f2e0f3c1256f9a0047c479?OpenDocument","Casalbeltrame I 1, I - Statuti dei comuni, 1395-1677",1395,"Casalbeltrame","Casalbeltrame","Casalbeltrame I 1, I - Statuti dei comuni, 1395-1677",1395,"Casalbeltrame",3037,"Casalbeltrame",1,1395,NA,NA,NA,NA
"Casale de' Greci","Casale de' Greci","https://www.senato.it/w3/Biblioteca/catalogoDegliStatutiMedievali.nsf/de148d287da34e08c1256e4c002f1718/0ac0c1f8f4ebce15c1256fac004029ef?OpenDocument","San Michele di Ganzaria I 1, I - Statuti dei comuni, 1534",1534,"San Michele di Ganzaria","San Michele di Ganzaria","San Michele di Ganzaria I 1, I - Statuti dei comuni, 1534",1534,"San Michele di Ganzaria",87043,"San Michele di Ganzaria",1,1534,NA,NA,NA,NA
"Casale Marittimo","Casale Marittimo","https://www.senato.it/w3/Biblioteca/catalogoDegliStatutiMedievali.nsf/de148d287da34e08c1256e4c002f1718/7e67a8f775c7d864c1256f9a0047c4d8?OpenDocument","Casale Marittimo I 1, I - Statuti dei comuni, 1406",1406,"Casale Marittimo","Casale Marittimo","Casale Marittimo I 1, I - Statuti dei comuni, 1406",1406,"Casale Marittimo",50006,"Casale Marittimo",1,1406,NA,NA,NA,NA
"Casale Monferrato","Casale Monferrato","https://www.senato.it/w3/Biblioteca/catalogoDegliStatutiMedievali.nsf/de148d287da34e08c1256e4c002f1718/f59d5b7e6e376a15c1256f9a0047c4e9?OpenDocument","Casale Monferrato I 1, I - Statuti dei comuni, 1370-1404",1370,"Casale Monferrato","Casale Monferrato","Casale Monferrato I 1, I - Statuti dei comuni, 1370-1404",1370,"Casale Monferrato",6039,"Casale Monferrato",1,1370,NA,NA,NA,NA
"Casale Sancti Evasii","Casale Sancti Evasii","https://www.senato.it/w3/Biblioteca/catalogoDegliStatutiMedievali.nsf/de148d287da34e08c1256e4c002f1718/f59d5b7e6e376a15c1256f9a0047c4e9?OpenDocument","Casale Monferrato I 1, I - Statuti dei comuni, 1370-1404",1370,"Casale Monferrato","Casale Monferrato","Casale Monferrato I 1, I - Statuti dei comuni, 1370-1404",1370,"Casale Monferrato",6039,"Casale Monferrato",1,1370,NA,NA,NA,NA
"Casalfiumanese","Casalfiumanese","https://www.senato.it/w3/Biblioteca/catalogoDegliStatutiMedievali.nsf/de148d287da34e08c1256e4c002f1718/7e8bc4b0954f6f6fc1256f9a0047c647?OpenDocument","Casal Fiumanese I 1, I - Statuti dei comuni, 1376-1636",1376,"Casalfiumanese","Casalfiumanese","Casal Fiumanese I 1, I - Statuti dei comuni, 1376-1636",1376,"Casalfiumanese",37012,"Casalfiumanese",1,1376,NA,NA,NA,NA
"Casalis","Casalis","https://www.senato.it/w3/Biblioteca/catalogoDegliStatutiMedievali.nsf/de148d287da34e08c1256e4c002f1718/f59d5b7e6e376a15c1256f9a0047c4e9?OpenDocument","Casale Monferrato I 1, I - Statuti dei comuni, 1370-1404",1370,"Casale Monferrato","Casale Monferrato","Casale Monferrato I 1, I - Statuti dei comuni, 1370-1404",1370,"Casale Monferrato",6039,"Casale Monferrato",1,1370,NA,NA,NA,NA
"Casalis Fluminensis","Casalis Fluminensis","https://www.senato.it/w3/Biblioteca/catalogoDegliStatutiMedievali.nsf/de148d287da34e08c1256e4c002f1718/7e8bc4b0954f6f6fc1256f9a0047c647?OpenDocument","Casal Fiumanese I 1, I - Statuti dei comuni, 1376-1636",1376,"Casalfiumanese","Casalfiumanese","Casal Fiumanese I 1, I - Statuti dei comuni, 1376-1636",1376,"Casalfiumanese",37012,"Casalfiumanese",1,1376,NA,NA,NA,NA
"Casalis Volloni","Casalis Volloni","https://www.senato.it/w3/Biblioteca/catalogoDegliStatutiMedievali.nsf/de148d287da34e08c1256e4c002f1718/2e29d20f61cfd4f5c1256f9a0047c5d2?OpenDocument","Casalvolone I 1, I - Statuti dei comuni, 1608-1609",1608,"Casalvolone","Casalvolone","Casalvolone I 1, I - Statuti dei comuni, 1608-1609",1608,"Casalvolone",3041,"Casalvolone",1,1608,NA,NA,NA,NA
"Casalisbeltrami","Casalisbeltrami","https://www.senato.it/w3/Biblioteca/catalogoDegliStatutiMedievali.nsf/de148d287da34e08c1256e4c002f1718/f19dea1126f2e0f3c1256f9a0047c479?OpenDocument","Casalbeltrame I 1, I - Statuti dei comuni, 1395-1677",1395,"Casalbeltrame","Casalbeltrame","Casalbeltrame I 1, I - Statuti dei comuni, 1395-1677",1395,"Casalbeltrame",3037,"Casalbeltrame",1,1395,NA,NA,NA,NA
"Casalismaior","Casalismaior","https://www.senato.it/w3/Biblioteca/catalogoDegliStatutiMedievali.nsf/de148d287da34e08c1256e4c002f1718/f29c9a59f802b060c1256fa80054d6b7?OpenDocument","Casalmaggiore I 1, I - Statuti dei comuni, 1424-1577",1424,"Casalmaggiore","Casalmaggiore","Casalmaggiore I 1, I - Statuti dei comuni, 1424-1577",1424,"Casalmaggiore",19021,"Casalmaggiore",1,1424,NA,NA,NA,NA
"Casalmaggiore","Casalmaggiore","https://www.senato.it/w3/Biblioteca/catalogoDegliStatutiMedievali.nsf/de148d287da34e08c1256e4c002f1718/f29c9a59f802b060c1256fa80054d6b7?OpenDocument","Casalmaggiore I 1, I - Statuti dei comuni, 1424-1577",1424,"Casalmaggiore","Casalmaggiore","Casalmaggiore I 1, I - Statuti dei comuni, 1424-1577",1424,"Casalmaggiore",19021,"Casalmaggiore",1,1424,NA,NA,NA,NA
"Casalvollone","Casalvollone","https://www.senato.it/w3/Biblioteca/catalogoDegliStatutiMedievali.nsf/de148d287da34e08c1256e4c002f1718/2e29d20f61cfd4f5c1256f9a0047c5d2?OpenDocument","Casalvolone I 1, I - Statuti dei comuni, 1608-1609",1608,"Casalvolone","Casalvolone","Casalvolone I 1, I - Statuti dei comuni, 1608-1609",1608,"Casalvolone",3041,"Casalvolone",1,1608,NA,NA,NA,NA
"Casalvolone","Casalvolone","https://www.senato.it/w3/Biblioteca/catalogoDegliStatutiMedievali.nsf/de148d287da34e08c1256e4c002f1718/2e29d20f61cfd4f5c1256f9a0047c5d2?OpenDocument","Casalvolone I 1, I - Statuti dei comuni, 1608-1609",1608,"Casalvolone","Casalvolone","Casalvolone I 1, I - Statuti dei comuni, 1608-1609",1608,"Casalvolone",3041,"Casalvolone",1,1608,NA,NA,NA,NA
"Cascia","Cascia","https://www.senato.it/w3/Biblioteca/catalogoDegliStatutiMedievali.nsf/de148d287da34e08c1256e4c002f1718/a2ff8d090760bb3dc1256f9a0047c6a7?OpenDocument","Cascia I 1, I - Statuti dei comuni, 1545",1545,"Cascia","Cascia","Cascia I 1, I - Statuti dei comuni, 1545",1545,"Cascia",54007,"Cascia",1,1545,NA,NA,NA,NA
"Casellarum Oppidum","Casellarum Oppidum","https://www.senato.it/w3/Biblioteca/catalogoDegliStatutiMedievali.nsf/de148d287da34e08c1256e4c002f1718/614ed50f71136d27c1256f9a0047c8d6?OpenDocument","Caselle Torinese I 1, I - Statuti dei comuni, 1310",1310,"Caselle Torinese","Caselle Torinese","Caselle Torinese I 1, I - Statuti dei comuni, 1310",1310,"Caselle Torinese",1063,"Caselle Torinese",1,1310,NA,NA,NA,NA
"Caselle Torinese","Caselle Torinese","https://www.senato.it/w3/Biblioteca/catalogoDegliStatutiMedievali.nsf/de148d287da34e08c1256e4c002f1718/614ed50f71136d27c1256f9a0047c8d6?OpenDocument","Caselle Torinese I 1, I - Statuti dei comuni, 1310",1310,"Caselle Torinese","Caselle Torinese","Caselle Torinese I 1, I - Statuti dei comuni, 1310",1310,"Caselle Torinese",1063,"Caselle Torinese",1,1310,NA,NA,NA,NA
"Casnigo","Casnigo","https://www.senato.it/w3/Biblioteca/catalogoDegliStatutiMedievali.nsf/de148d287da34e08c1256e4c002f1718/120d259d3565a7a9c1256f9a0047c9c2?OpenDocument","Casnigo I 1, I - Statuti dei comuni, 1403-1455",1403,"Casnigo","Casnigo","Casnigo I 1, I - Statuti dei comuni, 1403-1455",1403,"Casnigo",16060,"Casnigo",1,1403,NA,NA,NA,NA
"Casole d'Elsa","Casole d'Elsa","https://www.senato.it/w3/Biblioteca/catalogoDegliStatutiMedievali.nsf/de148d287da34e08c1256e4c002f1718/5cdf4665b0ad2b29c1256f9a0047ca21?OpenDocument","Casole d'Elsa I 1, I - Statuti dei comuni, 1314-1459",1314,"Casole d'Elsa","Casole d'Elsa","Casole d'Elsa I 1, I - Statuti dei comuni, 1314-1459",1314,"Casole d'Elsa",52004,"Casole d'Elsa",1,1314,NA,NA,NA,NA
"Casorzo","Casorzo","https://www.senato.it/w3/Biblioteca/catalogoDegliStatutiMedievali.nsf/de148d287da34e08c1256e4c002f1718/476062e8895baac9c1256f9a0047cade?OpenDocument","Casorzo I 1, I - Statuti dei comuni, 1375-1590",1375,"Casorzo","Casorzo","Casorzo I 1, I - Statuti dei comuni, 1375-1590",1375,"Casorzo",5020,"Casorzo",1,1375,NA,NA,NA,NA
"Cassacco","Cassacco","https://www.senato.it/w3/Biblioteca/catalogoDegliStatutiMedievali.nsf/de148d287da34e08c1256e4c002f1718/b14ea76515927512c1256f9a0047cb0a?OpenDocument","Cassacco I 1, I - Statuti dei comuni, 1490",1490,"Cassacco","Cassacco","Cassacco I 1, I - Statuti dei comuni, 1490",1490,"Cassacco",30019,"Cassacco",1,1490,NA,NA,NA,NA
"Cassacum","Cassacum","https://www.senato.it/w3/Biblioteca/catalogoDegliStatutiMedievali.nsf/de148d287da34e08c1256e4c002f1718/b14ea76515927512c1256f9a0047cb0a?OpenDocument","Cassacco I 1, I - Statuti dei comuni, 1490",1490,"Cassacco","Cassacco","Cassacco I 1, I - Statuti dei comuni, 1490",1490,"Cassacco",30019,"Cassacco",1,1490,NA,NA,NA,NA
"Cassia","Cassia","https://www.senato.it/w3/Biblioteca/catalogoDegliStatutiMedievali.nsf/de148d287da34e08c1256e4c002f1718/a2ff8d090760bb3dc1256f9a0047c6a7?OpenDocument","Cascia I 1, I - Statuti dei comuni, 1545",1545,"Cascia","Cascia","Cascia I 1, I - Statuti dei comuni, 1545",1545,"Cascia",54007,"Cascia",1,1545,NA,NA,NA,NA
"Cassinae","Cassinae","https://www.senato.it/w3/Biblioteca/catalogoDegliStatutiMedievali.nsf/de148d287da34e08c1256e4c002f1718/312da2c5ba2338fec1256f9a0047cb28?OpenDocument","Cassine I 1, I - Statuti dei comuni, 1550-1659",1550,"Cassine","Cassine","Cassine I 1, I - Statuti dei comuni, 1550-1659",1550,"Cassine",6043,"Cassine",1,1550,NA,NA,NA,NA
"Cassine","Cassine","https://www.senato.it/w3/Biblioteca/catalogoDegliStatutiMedievali.nsf/de148d287da34e08c1256e4c002f1718/312da2c5ba2338fec1256f9a0047cb28?OpenDocument","Cassine I 1, I - Statuti dei comuni, 1550-1659",1550,"Cassine","Cassine","Cassine I 1, I - Statuti dei comuni, 1550-1659",1550,"Cassine",6043,"Cassine",1,1550,NA,NA,NA,NA
"Cassinelle","Cassinelle","https://www.senato.it/w3/Biblioteca/catalogoDegliStatutiMedievali.nsf/de148d287da34e08c1256e4c002f1718/ffbf06c9c95f46a1c1256f9a0047cb5e?OpenDocument","Cassinelle I 1, I - Statuti dei comuni, 1306-1483",1306,"Cassinelle","Cassinelle","Cassinelle I 1, I - Statuti dei comuni, 1306-1483",1306,"Cassinelle",6044,"Cassinelle",1,1306,NA,NA,NA,NA
"Cassino","Cassino","https://www.senato.it/w3/Biblioteca/catalogoDegliStatutiMedievali.nsf/de148d287da34e08c1256e4c002f1718/74df51731a650f63c1256f9a0047cc1a?OpenDocument","Cassino I 1, I - Statuti dei comuni, 1491",1491,"Cassino","Cassino","Cassino I 1, I - Statuti dei comuni, 1491",1491,"Cassino",60019,"Cassino",1,1491,NA,NA,NA,NA
"Castagneto Carducci","Castagneto Carducci","https://www.senato.it/w3/Biblioteca/catalogoDegliStatutiMedievali.nsf/de148d287da34e08c1256e4c002f1718/101bb1317fe22261c1256f9a0047cc3b?OpenDocument","Castagneto Carducci I 1, I - Statuti dei comuni, 1421-1511",1421,"Castagneto Carducci","Castagneto Carducci","Castagneto Carducci I 1, I - Statuti dei comuni, 1421-1511",1421,"Castagneto Carducci",49006,"Castagneto Carducci",1,1421,NA,NA,NA,NA
"Castagnolo Maggiore","Castagnolo Maggiore","https://www.senato.it/w3/Biblioteca/catalogoDegliStatutiMedievali.nsf/de148d287da34e08c1256e4c002f1718/996aaa4fb8c4b40fc1256f9a0047d4a7?OpenDocument","Castel Maggiore II2 1, II 2 - Confraternite",NA,"Castel Maggiore","Castel Maggiore","Castel Maggiore II2 1, II 2 - Confraternite",NA,"Castel Maggiore",37019,"Castel Maggiore",1,NA,NA,NA,NA,NA
"Castaneanum","Castaneanum","https://www.senato.it/w3/Biblioteca/catalogoDegliStatutiMedievali.nsf/de148d287da34e08c1256e4c002f1718/547073c660c68ca4c1256f9a0054e224?OpenDocument","Castignano I 1, I - Statuti dei comuni, 1589-1658",1589,"Castignano","Castignano","Castignano I 1, I - Statuti dei comuni, 1589-1658",1589,"Castignano",44012,"Castignano",1,1589,NA,NA,NA,NA
"Castegnero","Castegnero","https://www.senato.it/w3/Biblioteca/catalogoDegliStatutiMedievali.nsf/de148d287da34e08c1256e4c002f1718/8819f996d0ab910cc1256f9a0047cc87?OpenDocument","Castegnero I 1, I - Statuti dei comuni, 1782-1783",1782,"Castegnero","Castegnero","Castegnero I 1, I - Statuti dei comuni, 1782-1783",1782,"Castegnero",24027,"Castegnero",1,1782,NA,NA,NA,NA
"Castel Aragonese","Castel Aragonese","https://www.senato.it/w3/Biblioteca/catalogoDegliStatutiMedievali.nsf/de148d287da34e08c1256e4c002f1718/91b7397abd75ad8bc1256f9a0047d505?OpenDocument","Castel Sardo I 1, I - Statuti dei comuni, sec. XIV",NA,"Castelsardo","Castelsardo","Castel Sardo I 1, I - Statuti dei comuni, sec. XIV",NA,"Castelsardo",90023,"Castelsardo",1,NA,NA,NA,NA,NA
"Castel Bolognese","Castel Bolognese","https://www.senato.it/w3/Biblioteca/catalogoDegliStatutiMedievali.nsf/de148d287da34e08c1256e4c002f1718/9d302c51f6b7881bc1256f9a0047d384?OpenDocument","Castel Bolognese I 1, I - Statuti dei comuni, 1461",1461,"Castel Bolognese","Castel Bolognese","Castel Bolognese I 1, I - Statuti dei comuni, 1461",1461,"Castel Bolognese",39006,"Castel Bolognese",1,1461,NA,NA,NA,NA
"Castel della Badia","Castel della Badia","https://www.senato.it/w3/Biblioteca/catalogoDegliStatutiMedievali.nsf/de148d287da34e08c1256e4c002f1718/5171a4e1e55d9ed5c1256f9a00404c2a?OpenDocument","Abbadia San Salvatore I 1, I - Statuti dei comuni, 1212",1212,"Abbadia San Salvatore","Abbadia San Salvatore","Abbadia San Salvatore I 1, I - Statuti dei comuni, 1212",1212,"Abbadia San Salvatore",52001,"Abbadia San Salvatore",1,1212,NA,NA,NA,NA
"Castel Durante","Castel Durante","https://www.senato.it/w3/Biblioteca/catalogoDegliStatutiMedievali.nsf/de148d287da34e08c1256e4c002f1718/57f5d6ec5f35564ac1256f3b004d397e?OpenDocument","Urbania I 1, I - Statuti dei comuni, 1595",1595,"Urbania","Urbania","Urbania I 1, I - Statuti dei comuni, 1595",1595,"Urbania",41066,"Urbania",1,1595,NA,NA,NA,NA
"Castel Gandolfo","Castel Gandolfo","https://www.senato.it/w3/Biblioteca/catalogoDegliStatutiMedievali.nsf/de148d287da34e08c1256e4c002f1718/ebf597360431d563c1256f9a0047d3f6?OpenDocument","Castel Gandolfo I 1, I - Statuti dei comuni, 1588-1604",1588,"Castel Gandolfo","Castel Gandolfo","Castel Gandolfo I 1, I - Statuti dei comuni, 1588-1604",1588,"Castel Gandolfo",58022,"Castel Gandolfo",1,1588,NA,NA,NA,NA
"Castel Genovese","Castel Genovese","https://www.senato.it/w3/Biblioteca/catalogoDegliStatutiMedievali.nsf/de148d287da34e08c1256e4c002f1718/91b7397abd75ad8bc1256f9a0047d505?OpenDocument","Castel Sardo I 1, I - Statuti dei comuni, sec. XIV",NA,"Castelsardo","Castelsardo","Castel Sardo I 1, I - Statuti dei comuni, sec. XIV",NA,"Castelsardo",90023,"Castelsardo",1,NA,NA,NA,NA,NA
"Castel Goffredo","Castel Goffredo","https://www.senato.it/w3/Biblioteca/catalogoDegliStatutiMedievali.nsf/de148d287da34e08c1256e4c002f1718/84a5cb73b6ec8645c1256f9a0047d47a?OpenDocument","Castel Goffredo I 1, I - Statuti dei comuni, 1415-1603",1415,"Castel Goffredo","Castel Goffredo","Castel Goffredo I 1, I - Statuti dei comuni, 1415-1603",1415,"Castel Goffredo",20015,"Castel Goffredo",1,1415,NA,NA,NA,NA
"Castel Maggiore","Castel Maggiore","https://www.senato.it/w3/Biblioteca/catalogoDegliStatutiMedievali.nsf/de148d287da34e08c1256e4c002f1718/996aaa4fb8c4b40fc1256f9a0047d4a7?OpenDocument","Castel Maggiore II2 1, II 2 - Confraternite",NA,"Castel Maggiore","Castel Maggiore","Castel Maggiore II2 1, II 2 - Confraternite",NA,"Castel Maggiore",37019,"Castel Maggiore",1,NA,NA,NA,NA,NA
"Castel San Giorgio","Castel San Giorgio","https://www.senato.it/w3/Biblioteca/catalogoDegliStatutiMedievali.nsf/de148d287da34e08c1256e4c002f1718/e45397f17e5eec0ac1256fa40048d4f2?OpenDocument","Orzinuovi I 1, I - Statuti dei comuni, 1341-1387",1341,"Castel San Giorgio","Castel San Giorgio","Orzinuovi I 1, I - Statuti dei comuni, 1341-1387",1341,"Castel San Giorgio",65034,"Castel San Giorgio",1,1341,NA,NA,NA,NA
"Castel San Giorgio","Castel San Giorgio","https://www.senato.it/w3/Biblioteca/catalogoDegliStatutiMedievali.nsf/de148d287da34e08c1256e4c002f1718/e45397f17e5eec0ac1256fa40048d4f2?OpenDocument","Orzinuovi I 1, I - Statuti dei comuni, 1341-1387",1341,"Orzinuovi","Orzinuovi","Orzinuovi I 1, I - Statuti dei comuni, 1341-1387",1341,"Castel San Giorgio",65034,"Castel San Giorgio",1,1341,NA,NA,NA,NA
"Castel San Pietro dell'Emilia","Castel San Pietro dell'Emilia","https://www.senato.it/w3/Biblioteca/catalogoDegliStatutiMedievali.nsf/de148d287da34e08c1256e4c002f1718/93e183ec9284a5d7c1256f9a0047d4bd?OpenDocument","Castel San Pietro Terme I 1, I - Statuti dei comuni, 1199-1638",1199,"Castel San Pietro Terme","Castel San Pietro Terme","Castel San Pietro Terme I 1, I - Statuti dei comuni, 1199-1638",1199,"Castel San Pietro Terme",37020,"Castel San Pietro Terme",1,1199,NA,NA,NA,NA
"Castel San Pietro Terme","Castel San Pietro Terme","https://www.senato.it/w3/Biblioteca/catalogoDegliStatutiMedievali.nsf/de148d287da34e08c1256e4c002f1718/93e183ec9284a5d7c1256f9a0047d4bd?OpenDocument","Castel San Pietro Terme I 1, I - Statuti dei comuni, 1199-1638",1199,"Castel San Pietro Terme","Castel San Pietro Terme","Castel San Pietro Terme I 1, I - Statuti dei comuni, 1199-1638",1199,"Castel San Pietro Terme",37020,"Castel San Pietro Terme",1,1199,NA,NA,NA,NA
"Castel Sardo","Castel Sardo","https://www.senato.it/w3/Biblioteca/catalogoDegliStatutiMedievali.nsf/de148d287da34e08c1256e4c002f1718/91b7397abd75ad8bc1256f9a0047d505?OpenDocument","Castel Sardo I 1, I - Statuti dei comuni, sec. XIV",NA,"Castelsardo","Castelsardo","Castel Sardo I 1, I - Statuti dei comuni, sec. XIV",NA,"Castelsardo",90023,"Castelsardo",1,NA,NA,NA,NA,NA
"Castelbolognese","Castelbolognese","https://www.senato.it/w3/Biblioteca/catalogoDegliStatutiMedievali.nsf/de148d287da34e08c1256e4c002f1718/9d302c51f6b7881bc1256f9a0047d384?OpenDocument","Castel Bolognese I 1, I - Statuti dei comuni, 1461",1461,"Castel Bolognese","Castel Bolognese","Castel Bolognese I 1, I - Statuti dei comuni, 1461",1461,"Castel Bolognese",39006,"Castel Bolognese",1,1461,NA,NA,NA,NA
"Casteldelfino","Casteldelfino","https://www.senato.it/w3/Biblioteca/catalogoDegliStatutiMedievali.nsf/de148d287da34e08c1256e4c002f1718/0f8e6ff3a61db9e8c1256f9a0047ccf0?OpenDocument","Casteldelfino I 1, I - Statuti dei comuni, 1344-1548",1344,"Casteldelfino","Casteldelfino","Casteldelfino I 1, I - Statuti dei comuni, 1344-1548",1344,"Casteldelfino",4047,"Casteldelfino",1,1344,NA,NA,NA,NA
"Casteletum Merlorum","Casteletum Merlorum","https://www.senato.it/w3/Biblioteca/catalogoDegliStatutiMedievali.nsf/de148d287da34e08c1256e4c002f1718/a8c02d061e6420e9c1256f9a0047cf1f?OpenDocument","Castelletto Merli I 1, I - Statuti dei comuni, 1480-1659",1480,"Castelletto Merli","Castelletto Merli","Castelletto Merli I 1, I - Statuti dei comuni, 1480-1659",1480,"Castelletto Merli",6050,"Castelletto Merli",1,1480,NA,NA,NA,NA
"Castelficardo","Castelficardo","https://www.senato.it/w3/Biblioteca/catalogoDegliStatutiMedievali.nsf/de148d287da34e08c1256e4c002f1718/baac92add935393ec1256f9a0047cd68?OpenDocument","Castelfidardo I 1, I - Statuti dei comuni, 1585-1588",1585,"Castelfidardo","Castelfidardo","Castelfidardo I 1, I - Statuti dei comuni, 1585-1588",1585,"Castelfidardo",42010,"Castelfidardo",1,1585,NA,NA,NA,NA
"Castelfidardo","Castelfidardo","https://www.senato.it/w3/Biblioteca/catalogoDegliStatutiMedievali.nsf/de148d287da34e08c1256e4c002f1718/baac92add935393ec1256f9a0047cd68?OpenDocument","Castelfidardo I 1, I - Statuti dei comuni, 1585-1588",1585,"Castelfidardo","Castelfidardo","Castelfidardo I 1, I - Statuti dei comuni, 1585-1588",1585,"Castelfidardo",42010,"Castelfidardo",1,1585,NA,NA,NA,NA
"Castelfiorentino","Castelfiorentino","https://www.senato.it/w3/Biblioteca/catalogoDegliStatutiMedievali.nsf/de148d287da34e08c1256e4c002f1718/58fad262ccdb198ac1256f9a0047cdd4?OpenDocument","Castelfiorentino I 1, I - Statuti dei comuni, 1231-1236",1231,"Castelfiorentino","Castelfiorentino","Castelfiorentino I 1, I - Statuti dei comuni, 1231-1236",1231,"Castelfiorentino",48010,"Castelfiorentino",1,1231,NA,NA,NA,NA
"Castelfranco Emilia","Castelfranco Emilia","https://www.senato.it/w3/Biblioteca/catalogoDegliStatutiMedievali.nsf/de148d287da34e08c1256e4c002f1718/3df31555820ca547c1256f9a0047ce7e?OpenDocument","Castelfranco Emilia I 1, I - Statuti dei comuni, 1713-1718",1713,"Castelfranco Emilia","Castelfranco Emilia","Castelfranco Emilia I 1, I - Statuti dei comuni, 1713-1718",1713,"Castelfranco Emilia",36006,"Castelfranco Emilia",1,1713,NA,NA,NA,NA
"Castelgenovese","Castelgenovese","https://www.senato.it/w3/Biblioteca/catalogoDegliStatutiMedievali.nsf/de148d287da34e08c1256e4c002f1718/91b7397abd75ad8bc1256f9a0047d505?OpenDocument","Castel Sardo I 1, I - Statuti dei comuni, sec. XIV",NA,"Castelsardo","Castelsardo","Castel Sardo I 1, I - Statuti dei comuni, sec. XIV",NA,"Castelsardo",90023,"Castelsardo",1,NA,NA,NA,NA,NA
"Castell'Arquato","Castell'Arquato","https://www.senato.it/w3/Biblioteca/catalogoDegliStatutiMedievali.nsf/de148d287da34e08c1256e4c002f1718/8086e487e3ec345cc1257089002a5915?OpenDocument","Castell'Arquato I 1, I - Statuti dei comuni, 1445-1449",1445,"Castell'Arquato","Castell'Arquato","Castell'Arquato I 1, I - Statuti dei comuni, 1445-1449",1445,"Castell'Arquato",33012,"Castell'Arquato",1,1445,NA,NA,NA,NA
"Castellamonte","Castellamonte","https://www.senato.it/w3/Biblioteca/catalogoDegliStatutiMedievali.nsf/de148d287da34e08c1256e4c002f1718/453bec82cfd6c6c9c1256f9a0047cec3?OpenDocument","Castellamonte II3 1, II 3 - Compagnie e consorzi",NA,"Castellamonte","Castellamonte","Castellamonte II3 1, II 3 - Compagnie e consorzi",NA,"Castellamonte",1066,"Castellamonte",1,NA,NA,NA,NA,NA
"Castellaneta","Castellaneta","https://www.senato.it/w3/Biblioteca/catalogoDegliStatutiMedievali.nsf/de148d287da34e08c1256e4c002f1718/df3629004372cf6ec1256f9a0047ced7?OpenDocument","Castellaneta I 1, I - Statuti dei comuni, 1419",1419,"Castellaneta","Castellaneta","Castellaneta I 1, I - Statuti dei comuni, 1419",1419,"Castellaneta",73003,"Castellaneta",1,1419,NA,NA,NA,NA
"Castellarano","Castellarano","https://www.senato.it/w3/Biblioteca/catalogoDegliStatutiMedievali.nsf/de148d287da34e08c1256e4c002f1718/9315b861d5acf5dfc1256f9a0047cee7?OpenDocument","Castellarano I 1, I - Statuti dei comuni, 1616-1634",1616,"Castellarano","Castellarano","Castellarano I 1, I - Statuti dei comuni, 1616-1634",1616,"Castellarano",35014,"Castellarano",1,1616,NA,NA,NA,NA
"Castellarium","Castellarium","https://www.senato.it/w3/Biblioteca/catalogoDegliStatutiMedievali.nsf/de148d287da34e08c1256e4c002f1718/6770fd409aa6c42bc1256f9a0047cf10?OpenDocument","Castellaro I 1, I - Statuti dei comuni, 1274",1274,"Castellaro","Castellaro","Castellaro I 1, I - Statuti dei comuni, 1274",1274,"Castellaro",8014,"Castellaro",1,1274,NA,NA,NA,NA
"Castellaro","Castellaro","https://www.senato.it/w3/Biblioteca/catalogoDegliStatutiMedievali.nsf/de148d287da34e08c1256e4c002f1718/6770fd409aa6c42bc1256f9a0047cf10?OpenDocument","Castellaro I 1, I - Statuti dei comuni, 1274",1274,"Castellaro","Castellaro","Castellaro I 1, I - Statuti dei comuni, 1274",1274,"Castellaro",8014,"Castellaro",1,1274,NA,NA,NA,NA
"Castelletto Merli","Castelletto Merli","https://www.senato.it/w3/Biblioteca/catalogoDegliStatutiMedievali.nsf/de148d287da34e08c1256e4c002f1718/a8c02d061e6420e9c1256f9a0047cf1f?OpenDocument","Castelletto Merli I 1, I - Statuti dei comuni, 1480-1659",1480,"Castelletto Merli","Castelletto Merli","Castelletto Merli I 1, I - Statuti dei comuni, 1480-1659",1480,"Castelletto Merli",6050,"Castelletto Merli",1,1480,NA,NA,NA,NA
"Castelletto sopra Ticino","Castelletto sopra Ticino","https://www.senato.it/w3/Biblioteca/catalogoDegliStatutiMedievali.nsf/de148d287da34e08c1256e4c002f1718/2749e5bb97b9fb20c1256f9a0047cf38?OpenDocument","Castelletto Sopra Ticino I 1, I - Statuti dei comuni, 1340",1340,"Castelletto sopra Ticino","Castelletto sopra Ticino","Castelletto Sopra Ticino I 1, I - Statuti dei comuni, 1340",1340,"Castelletto sopra Ticino",3043,"Castelletto sopra Ticino",1,1340,NA,NA,NA,NA
"Castelletum","Castelletum","https://www.senato.it/w3/Biblioteca/catalogoDegliStatutiMedievali.nsf/de148d287da34e08c1256e4c002f1718/2749e5bb97b9fb20c1256f9a0047cf38?OpenDocument","Castelletto Sopra Ticino I 1, I - Statuti dei comuni, 1340",1340,"Castelletto sopra Ticino","Castelletto sopra Ticino","Castelletto Sopra Ticino I 1, I - Statuti dei comuni, 1340",1340,"Castelletto sopra Ticino",3043,"Castelletto sopra Ticino",1,1340,NA,NA,NA,NA
"Castello di Nemi","Castello di Nemi","https://www.senato.it/w3/Biblioteca/catalogoDegliStatutiMedievali.nsf/de148d287da34e08c1256e4c002f1718/d2954cca927be10ec1256fa40048c52e?OpenDocument","Nemi I 1, I - Statuti dei comuni, 1514",1514,"Nemi","Nemi","Nemi I 1, I - Statuti dei comuni, 1514",1514,"Nemi",58070,"Nemi",1,1514,NA,NA,NA,NA
"Castello Iane","Castello Iane","https://www.senato.it/w3/Biblioteca/catalogoDegliStatutiMedievali.nsf/de148d287da34e08c1256e4c002f1718/91b7397abd75ad8bc1256f9a0047d505?OpenDocument","Castel Sardo I 1, I - Statuti dei comuni, sec. XIV",NA,"Castelsardo","Castelsardo","Castel Sardo I 1, I - Statuti dei comuni, sec. XIV",NA,"Castelsardo",90023,"Castelsardo",1,NA,NA,NA,NA,NA
"Castelmarte","Castelmarte","https://www.senato.it/w3/Biblioteca/catalogoDegliStatutiMedievali.nsf/de148d287da34e08c1256e4c002f1718/b14c2dc63881112fc1256f9a0047cff1?OpenDocument","Castelmarte I 1, I - Statuti dei comuni, 1237-1246",1237,"Castelmarte","Castelmarte","Castelmarte I 1, I - Statuti dei comuni, 1237-1246",1237,"Castelmarte",13058,"Castelmarte",1,1237,NA,NA,NA,NA
"Castelnovetto","Castelnovetto","https://www.senato.it/w3/Biblioteca/catalogoDegliStatutiMedievali.nsf/de148d287da34e08c1256e4c002f1718/426efde04fdd710fc1256f9a0047d027?OpenDocument","Castelnovetto I 1, I - Statuti dei comuni, 1733-1749",1733,"Castelnovetto","Castelnovetto","Castelnovetto I 1, I - Statuti dei comuni, 1733-1749",1733,"Castelnovetto",18040,"Castelnovetto",1,1733,NA,NA,NA,NA
"Castelnuovo Berardenga","Castelnuovo Berardenga","https://www.senato.it/w3/Biblioteca/catalogoDegliStatutiMedievali.nsf/de148d287da34e08c1256e4c002f1718/82437c83d8df97bcc1257089002ac755?OpenDocument","Castelnuovo Berardenga I 1, I - Statuti dei comuni, 1777",1777,"Castelnuovo Berardenga","Castelnuovo Berardenga","Castelnuovo Berardenga I 1, I - Statuti dei comuni, 1777",1777,"Castelnuovo Berardenga",52006,"Castelnuovo Berardenga",1,1777,NA,NA,NA,NA
"Castelnuovo di Garfagnana","Castelnuovo di Garfagnana","https://www.senato.it/w3/Biblioteca/catalogoDegliStatutiMedievali.nsf/de148d287da34e08c1256e4c002f1718/7737370b15e015dbc1256f9a0047d131?OpenDocument","Castelnuovo di Garfagnana I 1, I - Statuti dei comuni, 1502-1751",1502,"Castelnuovo di Garfagnana","Castelnuovo di Garfagnana","Castelnuovo di Garfagnana I 1, I - Statuti dei comuni, 1502-1751",1502,"Castelnuovo di Garfagnana",46009,"Castelnuovo di Garfagnana",1,1502,NA,NA,NA,NA
"Castelnuovo di Porto","Castelnuovo di Porto","https://www.senato.it/w3/Biblioteca/catalogoDegliStatutiMedievali.nsf/de148d287da34e08c1256e4c002f1718/27f0b237c8ac5940c1256f9a0047d1d0?OpenDocument","Castelnuovo di Porto I 1, I - Statuti dei comuni, 1658",1658,"Castelnuovo di Porto","Castelnuovo di Porto","Castelnuovo di Porto I 1, I - Statuti dei comuni, 1658",1658,"Castelnuovo di Porto",58024,"Castelnuovo di Porto",1,1658,NA,NA,NA,NA
"Castelnuovo di Val di Cecina","Castelnuovo di Val di Cecina","https://www.senato.it/w3/Biblioteca/catalogoDegliStatutiMedievali.nsf/de148d287da34e08c1256e4c002f1718/1c4721d59c5cabe0c1256f9a0047d21e?OpenDocument","Castelnuovo di Val di Cecina I 1, I - Statuti dei comuni, 1525",1525,"Castelnuovo di Val di Cecina","Castelnuovo di Val di Cecina","Castelnuovo di Val di Cecina I 1, I - Statuti dei comuni, 1525",1525,"Castelnuovo di Val di Cecina",50011,"Castelnuovo di Val di Cecina",1,1525,NA,NA,NA,NA
"Castelnuovo Rangone","Castelnuovo Rangone","https://www.senato.it/w3/Biblioteca/catalogoDegliStatutiMedievali.nsf/de148d287da34e08c1256e4c002f1718/a2a4e9e6d65af0dbc1256f9a0047d249?OpenDocument","Castelnuovo Rangone I 1, I - Statuti dei comuni, 1652",1652,"Castelnuovo Rangone","Castelnuovo Rangone","Castelnuovo Rangone I 1, I - Statuti dei comuni, 1652",1652,"Castelnuovo Rangone",36007,"Castelnuovo Rangone",1,1652,NA,NA,NA,NA
"Castelnuovo Scrivia","Castelnuovo Scrivia","https://www.senato.it/w3/Biblioteca/catalogoDegliStatutiMedievali.nsf/de148d287da34e08c1256e4c002f1718/ff30a5c1f0cfc8dbc1256f9a0047d278?OpenDocument","Castelnuovo Scrivia I 1, I - Statuti dei comuni, 1450-1466",1450,"Castelnuovo Scrivia","Castelnuovo Scrivia","Castelnuovo Scrivia I 1, I - Statuti dei comuni, 1450-1466",1450,"Castelnuovo Scrivia",6053,"Castelnuovo Scrivia",1,1450,NA,NA,NA,NA
"Castelsardo","Castelsardo","https://www.senato.it/w3/Biblioteca/catalogoDegliStatutiMedievali.nsf/de148d287da34e08c1256e4c002f1718/91b7397abd75ad8bc1256f9a0047d505?OpenDocument","Castel Sardo I 1, I - Statuti dei comuni, sec. XIV",NA,"Castelsardo","Castelsardo","Castel Sardo I 1, I - Statuti dei comuni, sec. XIV",NA,"Castelsardo",90023,"Castelsardo",1,NA,NA,NA,NA,NA
"Castelvecchio di Calabria","Castelvecchio di Calabria","https://www.senato.it/w3/Biblioteca/catalogoDegliStatutiMedievali.nsf/de148d287da34e08c1256e4c002f1718/2de2e83eaf720786c1256f9a0054ea05?OpenDocument","Caulonia I 1, I - Statuti dei comuni, 1490",1490,"Caulonia","Caulonia","Caulonia I 1, I - Statuti dei comuni, 1490",1490,"Caulonia",80025,"Caulonia",1,1490,NA,NA,NA,NA
"Castelvecchio oltre Po","Castelvecchio oltre Po","https://www.senato.it/w3/Biblioteca/catalogoDegliStatutiMedievali.nsf/de148d287da34e08c1256e4c002f1718/64e00c68461ebaa4c1256f9a0047d323?OpenDocument","Castelvetro Piacentino I 1, I - Statuti dei comuni, 835",NA,"Castelvetro Piacentino","Castelvetro Piacentino","Castelvetro Piacentino I 1, I - Statuti dei comuni, 835",NA,"Castelvetro Piacentino",33014,"Castelvetro Piacentino",1,NA,NA,NA,NA,NA
"Castelvenere","Castelvenere","https://www.senato.it/w3/Biblioteca/catalogoDegliStatutiMedievali.nsf/de148d287da34e08c1256e4c002f1718/13fd103e277180dac1256f9a0047d2a8?OpenDocument","Castelvenere I 1, I - Statuti dei comuni, 1476-77",1476,"Castelvenere","Castelvenere","Castelvenere I 1, I - Statuti dei comuni, 1476-77",1476,"Castelvenere",62019,"Castelvenere",1,1476,NA,NA,NA,NA
"Castelvetere","Castelvetere","https://www.senato.it/w3/Biblioteca/catalogoDegliStatutiMedievali.nsf/de148d287da34e08c1256e4c002f1718/2de2e83eaf720786c1256f9a0054ea05?OpenDocument","Caulonia I 1, I - Statuti dei comuni, 1490",1490,"Caulonia","Caulonia","Caulonia I 1, I - Statuti dei comuni, 1490",1490,"Caulonia",80025,"Caulonia",1,1490,NA,NA,NA,NA
"Castelvetro Piacentino","Castelvetro Piacentino","https://www.senato.it/w3/Biblioteca/catalogoDegliStatutiMedievali.nsf/de148d287da34e08c1256e4c002f1718/64e00c68461ebaa4c1256f9a0047d323?OpenDocument","Castelvetro Piacentino I 1, I - Statuti dei comuni, 835",NA,"Castelvetro Piacentino","Castelvetro Piacentino","Castelvetro Piacentino I 1, I - Statuti dei comuni, 835",NA,"Castelvetro Piacentino",33014,"Castelvetro Piacentino",1,NA,NA,NA,NA,NA
"Castenedolo","Castenedolo","https://www.senato.it/w3/Biblioteca/catalogoDegliStatutiMedievali.nsf/de148d287da34e08c1256e4c002f1718/ac6e411833384895c1256f9a0047d671?OpenDocument","Castenedolo I 1, I - Statuti dei comuni, 1444",1444,"Castenedolo","Castenedolo","Castenedolo I 1, I - Statuti dei comuni, 1444",1444,"Castenedolo",17043,"Castenedolo",1,1444,NA,NA,NA,NA
"Castiglione Chiavarese","Castiglione Chiavarese","https://www.senato.it/w3/Biblioteca/catalogoDegliStatutiMedievali.nsf/de148d287da34e08c1256e4c002f1718/8e19fa92a424acedc1256f9a0047d685?OpenDocument","Castiglione Chiavarese I 1, I - Statuti dei comuni, 1440-1443",1440,"Castiglione Chiavarese","Castiglione Chiavarese","Castiglione Chiavarese I 1, I - Statuti dei comuni, 1440-1443",1440,"Castiglione Chiavarese",10013,"Castiglione Chiavarese",1,1440,NA,NA,NA,NA
"Castiglione Chiusino","Castiglione Chiusino","https://www.senato.it/w3/Biblioteca/catalogoDegliStatutiMedievali.nsf/de148d287da34e08c1256e4c002f1718/0518f6691e49f39bc1256f9a0047d994?OpenDocument","Castiglione del Lago I 1, I - Statuti dei comuni, sec. XIV-XVI",NA,"Castiglione del Lago","Castiglione del Lago","Castiglione del Lago I 1, I - Statuti dei comuni, sec. XIV-XVI",NA,"Castiglione del Lago",54009,"Castiglione del Lago",1,NA,NA,NA,NA,NA
"Castiglione d'Orcia","Castiglione d'Orcia","https://www.senato.it/w3/Biblioteca/catalogoDegliStatutiMedievali.nsf/de148d287da34e08c1256e4c002f1718/36bd058305a7613bc1256f9a0047d6a1?OpenDocument","Castiglione d'Orcia I 1, I - Statuti dei comuni, 1777",1777,"Castiglione d'Orcia","Castiglione d'Orcia","Castiglione d'Orcia I 1, I - Statuti dei comuni, 1777",1777,"Castiglione d'Orcia",52007,"Castiglione d'Orcia",1,1777,NA,NA,NA,NA
"Castiglione de' Gatti","Castiglione de' Gatti","https://www.senato.it/w3/Biblioteca/catalogoDegliStatutiMedievali.nsf/de148d287da34e08c1256e4c002f1718/6a6e682e63dbf261c1256f9a0047d6fd?OpenDocument","Castiglione dei Pepoli I 1, I - Statuti dei comuni, 1617-1682",1617,"Castiglione dei Pepoli","Castiglione dei Pepoli","Castiglione dei Pepoli I 1, I - Statuti dei comuni, 1617-1682",1617,"Castiglione dei Pepoli",37022,"Castiglione dei Pepoli",1,1617,NA,NA,NA,NA
"Castiglione dei Pepoli","Castiglione dei Pepoli","https://www.senato.it/w3/Biblioteca/catalogoDegliStatutiMedievali.nsf/de148d287da34e08c1256e4c002f1718/6a6e682e63dbf261c1256f9a0047d6fd?OpenDocument","Castiglione dei Pepoli I 1, I - Statuti dei comuni, 1617-1682",1617,"Castiglione dei Pepoli","Castiglione dei Pepoli","Castiglione dei Pepoli I 1, I - Statuti dei comuni, 1617-1682",1617,"Castiglione dei Pepoli",37022,"Castiglione dei Pepoli",1,1617,NA,NA,NA,NA
"Castiglione del Lago","Castiglione del Lago","https://www.senato.it/w3/Biblioteca/catalogoDegliStatutiMedievali.nsf/de148d287da34e08c1256e4c002f1718/0518f6691e49f39bc1256f9a0047d994?OpenDocument","Castiglione del Lago I 1, I - Statuti dei comuni, sec. XIV-XVI",NA,"Castiglione del Lago","Castiglione del Lago","Castiglione del Lago I 1, I - Statuti dei comuni, sec. XIV-XVI",NA,"Castiglione del Lago",54009,"Castiglione del Lago",1,NA,NA,NA,NA,NA
"Castiglione delle Stiviere","Castiglione delle Stiviere","https://www.senato.it/w3/Biblioteca/catalogoDegliStatutiMedievali.nsf/de148d287da34e08c1256e4c002f1718/f2290b3c300cca95c1256f9a0047d7fa?OpenDocument","Castiglione delle Stiviere I 1, I - Statuti dei comuni, 1451-1603",1451,"Castiglione delle Stiviere","Castiglione delle Stiviere","Castiglione delle Stiviere I 1, I - Statuti dei comuni, 1451-1603",1451,"Castiglione delle Stiviere",20017,"Castiglione delle Stiviere",1,1451,NA,NA,NA,NA
"Castiglione di Garfagnana","Castiglione di Garfagnana","https://www.senato.it/w3/Biblioteca/catalogoDegliStatutiMedievali.nsf/de148d287da34e08c1256e4c002f1718/c95c2f58109790fcc1256f9a0047d9dd?OpenDocument","Castiglione di Garfagnana I 1, I - Statuti dei comuni, 1456-1500",1456,"Castiglione di Garfagnana","Castiglione di Garfagnana","Castiglione di Garfagnana I 1, I - Statuti dei comuni, 1456-1500",1456,"Castiglione di Garfagnana",46010,"Castiglione di Garfagnana",1,1456,NA,NA,NA,NA
"Castiglione di Sicilia","Castiglione di Sicilia","https://www.senato.it/w3/Biblioteca/catalogoDegliStatutiMedievali.nsf/de148d287da34e08c1256e4c002f1718/d0091796c1b93bb3c1256f9a0047dab0?OpenDocument","Castiglione di Sicilia I 1, I - Statuti dei comuni, 1392-1566",1392,"Castiglione di Sicilia","Castiglione di Sicilia","Castiglione di Sicilia I 1, I - Statuti dei comuni, 1392-1566",1392,"Castiglione di Sicilia",87014,"Castiglione di Sicilia",1,1392,NA,NA,NA,NA
"Castiglione Messer Raimondo","Castiglione Messer Raimondo","https://www.senato.it/w3/Biblioteca/catalogoDegliStatutiMedievali.nsf/de148d287da34e08c1256e4c002f1718/df662ef1555a36a9c1256f9a0047dcd8?OpenDocument","Castiglione Messer Raimondo I 1, I - Statuti dei comuni, 1526-1759",1526,"Castiglione Messer Raimondo","Castiglione Messer Raimondo","Castiglione Messer Raimondo I 1, I - Statuti dei comuni, 1526-1759",1526,"Castiglione Messer Raimondo",67013,"Castiglione Messer Raimondo",1,1526,NA,NA,NA,NA
"Castignano","Castignano","https://www.senato.it/w3/Biblioteca/catalogoDegliStatutiMedievali.nsf/de148d287da34e08c1256e4c002f1718/547073c660c68ca4c1256f9a0054e224?OpenDocument","Castignano I 1, I - Statuti dei comuni, 1589-1658",1589,"Castignano","Castignano","Castignano I 1, I - Statuti dei comuni, 1589-1658",1589,"Castignano",44012,"Castignano",1,1589,NA,NA,NA,NA
"Castileo Messer Raimundi","Castileo Messer Raimundi","https://www.senato.it/w3/Biblioteca/catalogoDegliStatutiMedievali.nsf/de148d287da34e08c1256e4c002f1718/df662ef1555a36a9c1256f9a0047dcd8?OpenDocument","Castiglione Messer Raimondo I 1, I - Statuti dei comuni, 1526-1759",1526,"Castiglione Messer Raimondo","Castiglione Messer Raimondo","Castiglione Messer Raimondo I 1, I - Statuti dei comuni, 1526-1759",1526,"Castiglione Messer Raimondo",67013,"Castiglione Messer Raimondo",1,1526,NA,NA,NA,NA
"Castilio a Stiveriis","Castilio a Stiveriis","https://www.senato.it/w3/Biblioteca/catalogoDegliStatutiMedievali.nsf/de148d287da34e08c1256e4c002f1718/f2290b3c300cca95c1256f9a0047d7fa?OpenDocument","Castiglione delle Stiviere I 1, I - Statuti dei comuni, 1451-1603",1451,"Castiglione delle Stiviere","Castiglione delle Stiviere","Castiglione delle Stiviere I 1, I - Statuti dei comuni, 1451-1603",1451,"Castiglione delle Stiviere",20017,"Castiglione delle Stiviere",1,1451,NA,NA,NA,NA
"Castilio Garphagnanae","Castilio Garphagnanae","https://www.senato.it/w3/Biblioteca/catalogoDegliStatutiMedievali.nsf/de148d287da34e08c1256e4c002f1718/c95c2f58109790fcc1256f9a0047d9dd?OpenDocument","Castiglione di Garfagnana I 1, I - Statuti dei comuni, 1456-1500",1456,"Castiglione di Garfagnana","Castiglione di Garfagnana","Castiglione di Garfagnana I 1, I - Statuti dei comuni, 1456-1500",1456,"Castiglione di Garfagnana",46010,"Castiglione di Garfagnana",1,1456,NA,NA,NA,NA
"Castilionum","Castilionum","https://www.senato.it/w3/Biblioteca/catalogoDegliStatutiMedievali.nsf/de148d287da34e08c1256e4c002f1718/d0091796c1b93bb3c1256f9a0047dab0?OpenDocument","Castiglione di Sicilia I 1, I - Statuti dei comuni, 1392-1566",1392,"Castiglione di Sicilia","Castiglione di Sicilia","Castiglione di Sicilia I 1, I - Statuti dei comuni, 1392-1566",1392,"Castiglione di Sicilia",87014,"Castiglione di Sicilia",1,1392,NA,NA,NA,NA
"Castino","Castino","https://www.senato.it/w3/Biblioteca/catalogoDegliStatutiMedievali.nsf/de148d287da34e08c1256e4c002f1718/8ed85a4cdbafc586c1256f9a0054e2f8?OpenDocument","Castino I 1, I - Statuti dei comuni, 1471-1542",1471,"Castino","Castino","Castino I 1, I - Statuti dei comuni, 1471-1542",1471,"Castino",4057,"Castino",1,1471,NA,NA,NA,NA
"Castinum","Castinum","https://www.senato.it/w3/Biblioteca/catalogoDegliStatutiMedievali.nsf/de148d287da34e08c1256e4c002f1718/8ed85a4cdbafc586c1256f9a0054e2f8?OpenDocument","Castino I 1, I - Statuti dei comuni, 1471-1542",1471,"Castino","Castino","Castino I 1, I - Statuti dei comuni, 1471-1542",1471,"Castino",4057,"Castino",1,1471,NA,NA,NA,NA
"Castione","Castione","https://www.senato.it/w3/Biblioteca/catalogoDegliStatutiMedievali.nsf/de148d287da34e08c1256e4c002f1718/f2290b3c300cca95c1256f9a0047d7fa?OpenDocument","Castiglione delle Stiviere I 1, I - Statuti dei comuni, 1451-1603",1451,"Castiglione delle Stiviere","Castiglione delle Stiviere","Castiglione delle Stiviere I 1, I - Statuti dei comuni, 1451-1603",1451,"Castiglione delle Stiviere",20017,"Castiglione delle Stiviere",1,1451,NA,NA,NA,NA
"Castrogiovanni","Castrogiovanni","https://www.senato.it/w3/Biblioteca/catalogoDegliStatutiMedievali.nsf/de148d287da34e08c1256e4c002f1718/5b5dd161ce0f2747c1256f9a0056fea1?OpenDocument","Enna I 1, I - Statuti dei comuni, 1392-1456",1392,"Enna","Enna","Enna I 1, I - Statuti dei comuni, 1392-1456",1392,"Enna",86009,"Enna",1,1392,NA,NA,NA,NA
"Castronovo di Sicilia","Castronovo di Sicilia","https://www.senato.it/w3/Biblioteca/catalogoDegliStatutiMedievali.nsf/de148d287da34e08c1256e4c002f1718/7abe9f8a434cb01bc1256f9a0054e438?OpenDocument","Castronuovo di Sicilia I 1, I - Statuti dei comuni, 1401-1640",1401,"Castronovo di Sicilia","Castronovo di Sicilia","Castronuovo di Sicilia I 1, I - Statuti dei comuni, 1401-1640",1401,"Castronovo di Sicilia",82025,"Castronovo di Sicilia",1,1401,NA,NA,NA,NA
"Castronuovo di Sicilia","Castronuovo di Sicilia","https://www.senato.it/w3/Biblioteca/catalogoDegliStatutiMedievali.nsf/de148d287da34e08c1256e4c002f1718/7abe9f8a434cb01bc1256f9a0054e438?OpenDocument","Castronuovo di Sicilia I 1, I - Statuti dei comuni, 1401-1640",1401,"Castronovo di Sicilia","Castronovo di Sicilia","Castronuovo di Sicilia I 1, I - Statuti dei comuni, 1401-1640",1401,"Castronovo di Sicilia",82025,"Castronovo di Sicilia",1,1401,NA,NA,NA,NA
"Castroreale","Castroreale","https://www.senato.it/w3/Biblioteca/catalogoDegliStatutiMedievali.nsf/de148d287da34e08c1256e4c002f1718/27ded656cd89505fc1256f9a0054e47f?OpenDocument","Castroreale I 1, I - Statuti dei comuni, 1402-1437",1402,"Castroreale","Castroreale","Castroreale I 1, I - Statuti dei comuni, 1402-1437",1402,"Castroreale",83016,"Castroreale",1,1402,NA,NA,NA,NA
"Castrum Abbatiae","Castrum Abbatiae","https://www.senato.it/w3/Biblioteca/catalogoDegliStatutiMedievali.nsf/de148d287da34e08c1256e4c002f1718/5171a4e1e55d9ed5c1256f9a00404c2a?OpenDocument","Abbadia San Salvatore I 1, I - Statuti dei comuni, 1212",1212,"Abbadia San Salvatore","Abbadia San Salvatore","Abbadia San Salvatore I 1, I - Statuti dei comuni, 1212",1212,"Abbadia San Salvatore",52001,"Abbadia San Salvatore",1,1212,NA,NA,NA,NA
"Castrum Arquatum","Castrum Arquatum","https://www.senato.it/w3/Biblioteca/catalogoDegliStatutiMedievali.nsf/de148d287da34e08c1256e4c002f1718/8086e487e3ec345cc1257089002a5915?OpenDocument","Castell'Arquato I 1, I - Statuti dei comuni, 1445-1449",1445,"Castell'Arquato","Castell'Arquato","Castell'Arquato I 1, I - Statuti dei comuni, 1445-1449",1445,"Castell'Arquato",33012,"Castell'Arquato",1,1445,NA,NA,NA,NA
"Castrum Dalphini o Delphini","Castrum Dalphini o Delphini","https://www.senato.it/w3/Biblioteca/catalogoDegliStatutiMedievali.nsf/de148d287da34e08c1256e4c002f1718/0f8e6ff3a61db9e8c1256f9a0047ccf0?OpenDocument","Casteldelfino I 1, I - Statuti dei comuni, 1344-1548",1344,"Casteldelfino","Casteldelfino","Casteldelfino I 1, I - Statuti dei comuni, 1344-1548",1344,"Casteldelfino",4047,"Casteldelfino",1,1344,NA,NA,NA,NA
"Castrum Ficardi","Castrum Ficardi","https://www.senato.it/w3/Biblioteca/catalogoDegliStatutiMedievali.nsf/de148d287da34e08c1256e4c002f1718/baac92add935393ec1256f9a0047cd68?OpenDocument","Castelfidardo I 1, I - Statuti dei comuni, 1585-1588",1585,"Castelfidardo","Castelfidardo","Castelfidardo I 1, I - Statuti dei comuni, 1585-1588",1585,"Castelfidardo",42010,"Castelfidardo",1,1585,NA,NA,NA,NA
"Castrum Fidardi","Castrum Fidardi","https://www.senato.it/w3/Biblioteca/catalogoDegliStatutiMedievali.nsf/de148d287da34e08c1256e4c002f1718/baac92add935393ec1256f9a0047cd68?OpenDocument","Castelfidardo I 1, I - Statuti dei comuni, 1585-1588",1585,"Castelfidardo","Castelfidardo","Castelfidardo I 1, I - Statuti dei comuni, 1585-1588",1585,"Castelfidardo",42010,"Castelfidardo",1,1585,NA,NA,NA,NA
"Castrum Florentinum","Castrum Florentinum","https://www.senato.it/w3/Biblioteca/catalogoDegliStatutiMedievali.nsf/de148d287da34e08c1256e4c002f1718/58fad262ccdb198ac1256f9a0047cdd4?OpenDocument","Castelfiorentino I 1, I - Statuti dei comuni, 1231-1236",1231,"Castelfiorentino","Castelfiorentino","Castelfiorentino I 1, I - Statuti dei comuni, 1231-1236",1231,"Castelfiorentino",48010,"Castelfiorentino",1,1231,NA,NA,NA,NA
"Castrum Gandulphi","Castrum Gandulphi","https://www.senato.it/w3/Biblioteca/catalogoDegliStatutiMedievali.nsf/de148d287da34e08c1256e4c002f1718/ebf597360431d563c1256f9a0047d3f6?OpenDocument","Castel Gandolfo I 1, I - Statuti dei comuni, 1588-1604",1588,"Castel Gandolfo","Castel Gandolfo","Castel Gandolfo I 1, I - Statuti dei comuni, 1588-1604",1588,"Castel Gandolfo",58022,"Castel Gandolfo",1,1588,NA,NA,NA,NA
"Castrum Giccardi","Castrum Giccardi","https://www.senato.it/w3/Biblioteca/catalogoDegliStatutiMedievali.nsf/de148d287da34e08c1256e4c002f1718/baac92add935393ec1256f9a0047cd68?OpenDocument","Castelfidardo I 1, I - Statuti dei comuni, 1585-1588",1585,"Castelfidardo","Castelfidardo","Castelfidardo I 1, I - Statuti dei comuni, 1585-1588",1585,"Castelfidardo",42010,"Castelfidardo",1,1585,NA,NA,NA,NA
"Castrum Guffredi","Castrum Guffredi","https://www.senato.it/w3/Biblioteca/catalogoDegliStatutiMedievali.nsf/de148d287da34e08c1256e4c002f1718/84a5cb73b6ec8645c1256f9a0047d47a?OpenDocument","Castel Goffredo I 1, I - Statuti dei comuni, 1415-1603",1415,"Castel Goffredo","Castel Goffredo","Castel Goffredo I 1, I - Statuti dei comuni, 1415-1603",1415,"Castel Goffredo",20015,"Castel Goffredo",1,1415,NA,NA,NA,NA
"Castrum Ioannis","Castrum Ioannis","https://www.senato.it/w3/Biblioteca/catalogoDegliStatutiMedievali.nsf/de148d287da34e08c1256e4c002f1718/5b5dd161ce0f2747c1256f9a0056fea1?OpenDocument","Enna I 1, I - Statuti dei comuni, 1392-1456",1392,"Enna","Enna","Enna I 1, I - Statuti dei comuni, 1392-1456",1392,"Enna",86009,"Enna",1,1392,NA,NA,NA,NA
"Castrum Martiris","Castrum Martiris","https://www.senato.it/w3/Biblioteca/catalogoDegliStatutiMedievali.nsf/de148d287da34e08c1256e4c002f1718/b14c2dc63881112fc1256f9a0047cff1?OpenDocument","Castelmarte I 1, I - Statuti dei comuni, 1237-1246",1237,"Castelmarte","Castelmarte","Castelmarte I 1, I - Statuti dei comuni, 1237-1246",1237,"Castelmarte",13058,"Castelmarte",1,1237,NA,NA,NA,NA
"Castrum Novum","Castrum Novum","https://www.senato.it/w3/Biblioteca/catalogoDegliStatutiMedievali.nsf/de148d287da34e08c1256e4c002f1718/27f0b237c8ac5940c1256f9a0047d1d0?OpenDocument","Castelnuovo di Porto I 1, I - Statuti dei comuni, 1658",1658,"Castelnuovo di Porto","Castelnuovo di Porto","Castelnuovo di Porto I 1, I - Statuti dei comuni, 1658",1658,"Castelnuovo di Porto",58024,"Castelnuovo di Porto",1,1658,NA,NA,NA,NA
"Castrum Pileum","Castrum Pileum","https://www.senato.it/w3/Biblioteca/catalogoDegliStatutiMedievali.nsf/de148d287da34e08c1256e4c002f1718/794754a9e7884d24c1256fa40048f727?OpenDocument","Peglio I 1, I - Statuti dei comuni, 1617-1677",1617,"Peglio","Peglio","Peglio I 1, I - Statuti dei comuni, 1617-1677",1617,"Peglio",13178,"Peglio",1,1617,NA,NA,NA,NA
"Castrum Pilium","Castrum Pilium","https://www.senato.it/w3/Biblioteca/catalogoDegliStatutiMedievali.nsf/de148d287da34e08c1256e4c002f1718/794754a9e7884d24c1256fa40048f727?OpenDocument","Peglio I 1, I - Statuti dei comuni, 1617-1677",1617,"Peglio","Peglio","Peglio I 1, I - Statuti dei comuni, 1617-1677",1617,"Peglio",13178,"Peglio",1,1617,NA,NA,NA,NA
"Castrum Planellae","Castrum Planellae","https://www.senato.it/w3/Biblioteca/catalogoDegliStatutiMedievali.nsf/de148d287da34e08c1256e4c002f1718/06d35b837b2ef0b6c1256fa400490b28?OpenDocument","Pianella I 1, I - Statuti dei comuni, 1549-1569",1549,"Pianella","Pianella","Pianella I 1, I - Statuti dei comuni, 1549-1569",1549,"Pianella",68030,"Pianella",1,1549,NA,NA,NA,NA
"Castrum Regale","Castrum Regale","https://www.senato.it/w3/Biblioteca/catalogoDegliStatutiMedievali.nsf/de148d287da34e08c1256e4c002f1718/27ded656cd89505fc1256f9a0054e47f?OpenDocument","Castroreale I 1, I - Statuti dei comuni, 1402-1437",1402,"Castroreale","Castroreale","Castroreale I 1, I - Statuti dei comuni, 1402-1437",1402,"Castroreale",83016,"Castroreale",1,1402,NA,NA,NA,NA
"Castrum Sancti Georgii de Urceis","Castrum Sancti Georgii de Urceis","https://www.senato.it/w3/Biblioteca/catalogoDegliStatutiMedievali.nsf/de148d287da34e08c1256e4c002f1718/e45397f17e5eec0ac1256fa40048d4f2?OpenDocument","Orzinuovi I 1, I - Statuti dei comuni, 1341-1387",1341,"Castel San Giorgio","Castel San Giorgio","Orzinuovi I 1, I - Statuti dei comuni, 1341-1387",1341,"Castel San Giorgio",65034,"Castel San Giorgio",1,1341,NA,NA,NA,NA
"Castrum Sancti Georgii de Urceis","Castrum Sancti Georgii de Urceis","https://www.senato.it/w3/Biblioteca/catalogoDegliStatutiMedievali.nsf/de148d287da34e08c1256e4c002f1718/e45397f17e5eec0ac1256fa40048d4f2?OpenDocument","Orzinuovi I 1, I - Statuti dei comuni, 1341-1387",1341,"Orzinuovi","Orzinuovi","Orzinuovi I 1, I - Statuti dei comuni, 1341-1387",1341,"Castel San Giorgio",65034,"Castel San Giorgio",1,1341,NA,NA,NA,NA
"Castrum Sancti Juliani","Castrum Sancti Juliani","https://www.senato.it/w3/Biblioteca/catalogoDegliStatutiMedievali.nsf/de148d287da34e08c1256e4c002f1718/55ac19938cc5380bc1256fa3005fc92b?OpenDocument","Macerata I 1, I - Statuti dei comuni, 1138",1138,"Macerata","Macerata","Macerata I 1, I - Statuti dei comuni, 1138",1138,"Macerata",43023,"Macerata",1,1138,NA,NA,NA,NA
"Castrum Sancti Petri","Castrum Sancti Petri","https://www.senato.it/w3/Biblioteca/catalogoDegliStatutiMedievali.nsf/de148d287da34e08c1256e4c002f1718/fd6cc33cdbc9e343c1256f9a0047b484?OpenDocument","Camposampiero I 1, I - Statuti dei comuni, 1418-1673",1418,"Camposampiero","Camposampiero","Camposampiero I 1, I - Statuti dei comuni, 1418-1673",1418,"Camposampiero",28019,"Camposampiero",1,1418,NA,NA,NA,NA
"Castrum vetus Monticellorum","Castrum vetus Monticellorum","https://www.senato.it/w3/Biblioteca/catalogoDegliStatutiMedievali.nsf/de148d287da34e08c1256e4c002f1718/64e00c68461ebaa4c1256f9a0047d323?OpenDocument","Castelvetro Piacentino I 1, I - Statuti dei comuni, 835",NA,"Castelvetro Piacentino","Castelvetro Piacentino","Castelvetro Piacentino I 1, I - Statuti dei comuni, 835",NA,"Castelvetro Piacentino",33014,"Castelvetro Piacentino",1,NA,NA,NA,NA,NA
"Castrum vetus ultra Padum","Castrum vetus ultra Padum","https://www.senato.it/w3/Biblioteca/catalogoDegliStatutiMedievali.nsf/de148d287da34e08c1256e4c002f1718/64e00c68461ebaa4c1256f9a0047d323?OpenDocument","Castelvetro Piacentino I 1, I - Statuti dei comuni, 835",NA,"Castelvetro Piacentino","Castelvetro Piacentino","Castelvetro Piacentino I 1, I - Statuti dei comuni, 835",NA,"Castelvetro Piacentino",33014,"Castelvetro Piacentino",1,NA,NA,NA,NA,NA
"Castrumleonis","Castrumleonis","https://www.senato.it/w3/Biblioteca/catalogoDegliStatutiMedievali.nsf/de148d287da34e08c1256e4c002f1718/d0091796c1b93bb3c1256f9a0047dab0?OpenDocument","Castiglione di Sicilia I 1, I - Statuti dei comuni, 1392-1566",1392,"Castiglione di Sicilia","Castiglione di Sicilia","Castiglione di Sicilia I 1, I - Statuti dei comuni, 1392-1566",1392,"Castiglione di Sicilia",87014,"Castiglione di Sicilia",1,1392,NA,NA,NA,NA
"Castrumnovum Garphagnanae","Castrumnovum Garphagnanae","https://www.senato.it/w3/Biblioteca/catalogoDegliStatutiMedievali.nsf/de148d287da34e08c1256e4c002f1718/7737370b15e015dbc1256f9a0047d131?OpenDocument","Castelnuovo di Garfagnana I 1, I - Statuti dei comuni, 1502-1751",1502,"Castelnuovo di Garfagnana","Castelnuovo di Garfagnana","Castelnuovo di Garfagnana I 1, I - Statuti dei comuni, 1502-1751",1502,"Castelnuovo di Garfagnana",46009,"Castelnuovo di Garfagnana",1,1502,NA,NA,NA,NA
"Castrumnovum Scrippiae","Castrumnovum Scrippiae","https://www.senato.it/w3/Biblioteca/catalogoDegliStatutiMedievali.nsf/de148d287da34e08c1256e4c002f1718/ff30a5c1f0cfc8dbc1256f9a0047d278?OpenDocument","Castelnuovo Scrivia I 1, I - Statuti dei comuni, 1450-1466",1450,"Castelnuovo Scrivia","Castelnuovo Scrivia","Castelnuovo Scrivia I 1, I - Statuti dei comuni, 1450-1466",1450,"Castelnuovo Scrivia",6053,"Castelnuovo Scrivia",1,1450,NA,NA,NA,NA
"Casurcium","Casurcium","https://www.senato.it/w3/Biblioteca/catalogoDegliStatutiMedievali.nsf/de148d287da34e08c1256e4c002f1718/476062e8895baac9c1256f9a0047cade?OpenDocument","Casorzo I 1, I - Statuti dei comuni, 1375-1590",1375,"Casorzo","Casorzo","Casorzo I 1, I - Statuti dei comuni, 1375-1590",1375,"Casorzo",5020,"Casorzo",1,1375,NA,NA,NA,NA
"Catana","Catana","https://www.senato.it/w3/Biblioteca/catalogoDegliStatutiMedievali.nsf/de148d287da34e08c1256e4c002f1718/88a018eefbb7040cc1256f9a0054e502?OpenDocument","Catania I 1, I - Statuti dei comuni, 1345",1345,"Catania","Catania","Catania I 1, I - Statuti dei comuni, 1345",1345,"Catania",87015,"Catania",1,1345,NA,NA,NA,NA
"Catania","Catania","https://www.senato.it/w3/Biblioteca/catalogoDegliStatutiMedievali.nsf/de148d287da34e08c1256e4c002f1718/88a018eefbb7040cc1256f9a0054e502?OpenDocument","Catania I 1, I - Statuti dei comuni, 1345",1345,"Catania","Catania","Catania I 1, I - Statuti dei comuni, 1345",1345,"Catania",87015,"Catania",1,1345,NA,NA,NA,NA
"Catanzarium","Catanzarium","https://www.senato.it/w3/Biblioteca/catalogoDegliStatutiMedievali.nsf/de148d287da34e08c1256e4c002f1718/5be48a9e168788c7c1256f9a0054e80c?OpenDocument","Catanzaro I 1, I - Statuti dei comuni, 1473",1473,"Catanzaro","Catanzaro","Catanzaro I 1, I - Statuti dei comuni, 1473",1473,"Catanzaro",79023,"Catanzaro",1,1473,NA,NA,NA,NA
"Catanzaro","Catanzaro","https://www.senato.it/w3/Biblioteca/catalogoDegliStatutiMedievali.nsf/de148d287da34e08c1256e4c002f1718/5be48a9e168788c7c1256f9a0054e80c?OpenDocument","Catanzaro I 1, I - Statuti dei comuni, 1473",1473,"Catanzaro","Catanzaro","Catanzaro I 1, I - Statuti dei comuni, 1473",1473,"Catanzaro",79023,"Catanzaro",1,1473,NA,NA,NA,NA
"Cathania","Cathania","https://www.senato.it/w3/Biblioteca/catalogoDegliStatutiMedievali.nsf/de148d287da34e08c1256e4c002f1718/88a018eefbb7040cc1256f9a0054e502?OpenDocument","Catania I 1, I - Statuti dei comuni, 1345",1345,"Catania","Catania","Catania I 1, I - Statuti dei comuni, 1345",1345,"Catania",87015,"Catania",1,1345,NA,NA,NA,NA
"Cathanzaro","Cathanzaro","https://www.senato.it/w3/Biblioteca/catalogoDegliStatutiMedievali.nsf/de148d287da34e08c1256e4c002f1718/5be48a9e168788c7c1256f9a0054e80c?OpenDocument","Catanzaro I 1, I - Statuti dei comuni, 1473",1473,"Catanzaro","Catanzaro","Catanzaro I 1, I - Statuti dei comuni, 1473",1473,"Catanzaro",79023,"Catanzaro",1,1473,NA,NA,NA,NA
"Catina","Catina","https://www.senato.it/w3/Biblioteca/catalogoDegliStatutiMedievali.nsf/de148d287da34e08c1256e4c002f1718/88a018eefbb7040cc1256f9a0054e502?OpenDocument","Catania I 1, I - Statuti dei comuni, 1345",1345,"Catania","Catania","Catania I 1, I - Statuti dei comuni, 1345",1345,"Catania",87015,"Catania",1,1345,NA,NA,NA,NA
"Caulonia","Caulonia","https://www.senato.it/w3/Biblioteca/catalogoDegliStatutiMedievali.nsf/de148d287da34e08c1256e4c002f1718/2de2e83eaf720786c1256f9a0054ea05?OpenDocument","Caulonia I 1, I - Statuti dei comuni, 1490",1490,"Caulonia","Caulonia","Caulonia I 1, I - Statuti dei comuni, 1490",1490,"Caulonia",80025,"Caulonia",1,1490,NA,NA,NA,NA
"Cavae","Cavae","https://www.senato.it/w3/Biblioteca/catalogoDegliStatutiMedievali.nsf/de148d287da34e08c1256e4c002f1718/bd36202f7886bf54c1256f9a0056d6af?OpenDocument","Cave I 1, I - Statuti dei comuni, 1296-1307",1296,"Cave","Cave","Cave I 1, I - Statuti dei comuni, 1296-1307",1296,"Cave",58026,"Cave",1,1296,NA,NA,NA,NA
"Cavallermaggiore","Cavallermaggiore","https://www.senato.it/w3/Biblioteca/catalogoDegliStatutiMedievali.nsf/de148d287da34e08c1256e4c002f1718/be8f03d6b7a8d113c1256f9a0056d4eb?OpenDocument","Cavallermaggiore I 1, I - Statuti dei comuni, 1324-1424",1324,"Cavallermaggiore","Cavallermaggiore","Cavallermaggiore I 1, I - Statuti dei comuni, 1324-1424",1324,"Cavallermaggiore",4059,"Cavallermaggiore",1,1324,NA,NA,NA,NA
"Cavarzere","Cavarzere","https://www.senato.it/w3/Biblioteca/catalogoDegliStatutiMedievali.nsf/de148d287da34e08c1256e4c002f1718/e8000e6c2fe6da62c1256f9a0056d560?OpenDocument","Cavarzere I 1, I - Statuti dei comuni, 1312-1710",1312,"Cavarzere","Cavarzere","Cavarzere I 1, I - Statuti dei comuni, 1312-1710",1312,"Cavarzere",27006,"Cavarzere",1,1312,NA,NA,NA,NA
"Cave","Cave","https://www.senato.it/w3/Biblioteca/catalogoDegliStatutiMedievali.nsf/de148d287da34e08c1256e4c002f1718/bd36202f7886bf54c1256f9a0056d6af?OpenDocument","Cave I 1, I - Statuti dei comuni, 1296-1307",1296,"Cave","Cave","Cave I 1, I - Statuti dei comuni, 1296-1307",1296,"Cave",58026,"Cave",1,1296,NA,NA,NA,NA
"Cavigliano Varsio","Cavigliano Varsio","https://www.senato.it/w3/Biblioteca/catalogoDegliStatutiMedievali.nsf/de148d287da34e08c1256e4c002f1718/1655e0426b12f1f5c1256fa40048f6f8?OpenDocument","Pedemonte I 1, I - Statuti dei comuni, 1473-1500",1473,"Pedemonte","Pedemonte","Pedemonte I 1, I - Statuti dei comuni, 1473-1500",1473,"Pedemonte",24076,"Pedemonte",1,1473,NA,NA,NA,NA
"Caxinellae","Caxinellae","https://www.senato.it/w3/Biblioteca/catalogoDegliStatutiMedievali.nsf/de148d287da34e08c1256e4c002f1718/ffbf06c9c95f46a1c1256f9a0047cb5e?OpenDocument","Cassinelle I 1, I - Statuti dei comuni, 1306-1483",1306,"Cassinelle","Cassinelle","Cassinelle I 1, I - Statuti dei comuni, 1306-1483",1306,"Cassinelle",6044,"Cassinelle",1,1306,NA,NA,NA,NA
"Cazenicho","Cazenicho","https://www.senato.it/w3/Biblioteca/catalogoDegliStatutiMedievali.nsf/de148d287da34e08c1256e4c002f1718/120d259d3565a7a9c1256f9a0047c9c2?OpenDocument","Casnigo I 1, I - Statuti dei comuni, 1403-1455",1403,"Casnigo","Casnigo","Casnigo I 1, I - Statuti dei comuni, 1403-1455",1403,"Casnigo",16060,"Casnigo",1,1403,NA,NA,NA,NA
"Ceba","Ceba","https://www.senato.it/w3/Biblioteca/catalogoDegliStatutiMedievali.nsf/de148d287da34e08c1256e4c002f1718/0f7f4cac928efdc7c1256f9a0047e1c8?OpenDocument","Ceva I 1, I - Statuti dei comuni, 1357-1530",1357,"Ceva","Ceva","Ceva I 1, I - Statuti dei comuni, 1357-1530",1357,"Ceva",4066,"Ceva",1,1357,NA,NA,NA,NA
"Cecima","Cecima","https://www.senato.it/w3/Biblioteca/catalogoDegliStatutiMedievali.nsf/de148d287da34e08c1256e4c002f1718/0327ee231a4de741c1256f9a0056d759?OpenDocument","Cecima I 1, I - Statuti dei comuni, 1419-1467",1419,"Cecima","Cecima","Cecima I 1, I - Statuti dei comuni, 1419-1467",1419,"Cecima",18042,"Cecima",1,1419,NA,NA,NA,NA
"Centallo","Centallo","https://www.senato.it/w3/Biblioteca/catalogoDegliStatutiMedievali.nsf/de148d287da34e08c1256e4c002f1718/e349bc1874ac3251c1256f9a0056d8f1?OpenDocument","Centallo I 1, I - Statuti dei comuni, 1427-1605",1427,"Centallo","Centallo","Centallo I 1, I - Statuti dei comuni, 1427-1605",1427,"Centallo",4061,"Centallo",1,1427,NA,NA,NA,NA
"Centallum","Centallum","https://www.senato.it/w3/Biblioteca/catalogoDegliStatutiMedievali.nsf/de148d287da34e08c1256e4c002f1718/e349bc1874ac3251c1256f9a0056d8f1?OpenDocument","Centallo I 1, I - Statuti dei comuni, 1427-1605",1427,"Centallo","Centallo","Centallo I 1, I - Statuti dei comuni, 1427-1605",1427,"Centallo",4061,"Centallo",1,1427,NA,NA,NA,NA
"Cento","Cento","https://www.senato.it/w3/Biblioteca/catalogoDegliStatutiMedievali.nsf/de148d287da34e08c1256e4c002f1718/1460cc436bc0c248c1256f9a0056d926?OpenDocument","Cento I 1, I - Statuti dei comuni, 1607-1796",1607,"Cento","Cento","Cento I 1, I - Statuti dei comuni, 1607-1796",1607,"Cento",38004,"Cento",1,1607,NA,NA,NA,NA
"Centum","Centum","https://www.senato.it/w3/Biblioteca/catalogoDegliStatutiMedievali.nsf/de148d287da34e08c1256e4c002f1718/1460cc436bc0c248c1256f9a0056d926?OpenDocument","Cento I 1, I - Statuti dei comuni, 1607-1796",1607,"Cento","Cento","Cento I 1, I - Statuti dei comuni, 1607-1796",1607,"Cento",38004,"Cento",1,1607,NA,NA,NA,NA
"Centumcellae","Centumcellae","https://www.senato.it/w3/Biblioteca/catalogoDegliStatutiMedievali.nsf/de148d287da34e08c1256e4c002f1718/5f15656dd0cbf82fc1256f9a0054caf5?OpenDocument","Civitavecchia I 1, I - Statuti dei comuni, 1291-1451",1291,"Civitavecchia","Civitavecchia","Civitavecchia I 1, I - Statuti dei comuni, 1291-1451",1291,"Civitavecchia",58032,"Civitavecchia",1,1291,NA,NA,NA,NA
"Ceprano","Ceprano","https://www.senato.it/w3/Biblioteca/catalogoDegliStatutiMedievali.nsf/de148d287da34e08c1256e4c002f1718/c365cec3e513191ec1256f9a0056d9fa?OpenDocument","Ceprano I 1, I - Statuti dei comuni, 1604",1604,"Ceprano","Ceprano","Ceprano I 1, I - Statuti dei comuni, 1604",1604,"Ceprano",60025,"Ceprano",1,1604,NA,NA,NA,NA
"Cerano","Cerano","https://www.senato.it/w3/Biblioteca/catalogoDegliStatutiMedievali.nsf/de148d287da34e08c1256e4c002f1718/8a9f8562c668b9d9c1256f9a0056da10?OpenDocument","Cerano I 1, I - Statuti dei comuni, 1780-1782",1780,"Cerano","Cerano","Cerano I 1, I - Statuti dei comuni, 1780-1782",1780,"Cerano",3049,"Cerano",1,1780,NA,NA,NA,NA
"Cerano d'Intelvi","Cerano d'Intelvi","https://www.senato.it/w3/Biblioteca/catalogoDegliStatutiMedievali.nsf/de148d287da34e08c1256e4c002f1718/9f1a1e61a1b8796cc1256f9a0056da26?OpenDocument","Cerano d'Intelvi I 1, I - Statuti dei comuni, 1746",1746,"Cerano d'Intelvi","Cerano d'Intelvi","Cerano d'Intelvi I 1, I - Statuti dei comuni, 1746",1746,"Cerano d'Intelvi",13063,"Cerano d'Intelvi",1,1746,NA,NA,NA,NA
"Cerea","Cerea","https://www.senato.it/w3/Biblioteca/catalogoDegliStatutiMedievali.nsf/de148d287da34e08c1256e4c002f1718/1093e8df617d3cfec1256f9a0056da4d?OpenDocument","Cerea I 1, I - Statuti dei comuni, 1304",1304,"Cerea","Cerea","Cerea I 1, I - Statuti dei comuni, 1304",1304,"Cerea",23025,"Cerea",1,1304,NA,NA,NA,NA
"Cerentia","Cerentia","https://www.senato.it/w3/Biblioteca/catalogoDegliStatutiMedievali.nsf/de148d287da34e08c1256e4c002f1718/ed6b7238b8596bdac1256f9a0056db3e?OpenDocument","Cerenzia I 1, I - Statuti dei comuni, 1491",1491,"Cerenzia","Cerenzia","Cerenzia I 1, I - Statuti dei comuni, 1491",1491,"Cerenzia",101006,"Cerenzia",1,1491,NA,NA,NA,NA
"Cerenzia","Cerenzia","https://www.senato.it/w3/Biblioteca/catalogoDegliStatutiMedievali.nsf/de148d287da34e08c1256e4c002f1718/ed6b7238b8596bdac1256f9a0056db3e?OpenDocument","Cerenzia I 1, I - Statuti dei comuni, 1491",1491,"Cerenzia","Cerenzia","Cerenzia I 1, I - Statuti dei comuni, 1491",1491,"Cerenzia",101006,"Cerenzia",1,1491,NA,NA,NA,NA
"Cereta","Cereta","https://www.senato.it/w3/Biblioteca/catalogoDegliStatutiMedievali.nsf/de148d287da34e08c1256e4c002f1718/1093e8df617d3cfec1256f9a0056da4d?OpenDocument","Cerea I 1, I - Statuti dei comuni, 1304",1304,"Cerea","Cerea","Cerea I 1, I - Statuti dei comuni, 1304",1304,"Cerea",23025,"Cerea",1,1304,NA,NA,NA,NA
"Cerreto d'Esi","Cerreto d'Esi","https://www.senato.it/w3/Biblioteca/catalogoDegliStatutiMedievali.nsf/de148d287da34e08c1256e4c002f1718/220857b48ed510d3c1256f9a0056db73?OpenDocument","Cerreto d'Esi I 1, I - Statuti dei comuni, 1537-1539",1537,"Cerreto d'Esi","Cerreto d'Esi","Cerreto d'Esi I 1, I - Statuti dei comuni, 1537-1539",1537,"Cerreto d'Esi",42013,"Cerreto d'Esi",1,1537,NA,NA,NA,NA
"Cerreto Sannita","Cerreto Sannita","https://www.senato.it/w3/Biblioteca/catalogoDegliStatutiMedievali.nsf/de148d287da34e08c1256e4c002f1718/598ecb7ac9cd4b6ac1256f9a0056dbc3?OpenDocument","Cerreto Sannita I 1, I - Statuti dei comuni, 1540-1725",1540,"Cerreto Sannita","Cerreto Sannita","Cerreto Sannita I 1, I - Statuti dei comuni, 1540-1725",1540,"Cerreto Sannita",62023,"Cerreto Sannita",1,1540,NA,NA,NA,NA
"Cerretum","Cerretum","https://www.senato.it/w3/Biblioteca/catalogoDegliStatutiMedievali.nsf/de148d287da34e08c1256e4c002f1718/220857b48ed510d3c1256f9a0056db73?OpenDocument","Cerreto d'Esi I 1, I - Statuti dei comuni, 1537-1539",1537,"Cerreto d'Esi","Cerreto d'Esi","Cerreto d'Esi I 1, I - Statuti dei comuni, 1537-1539",1537,"Cerreto d'Esi",42013,"Cerreto d'Esi",1,1537,NA,NA,NA,NA
"Cerrito","Cerrito","https://www.senato.it/w3/Biblioteca/catalogoDegliStatutiMedievali.nsf/de148d287da34e08c1256e4c002f1718/220857b48ed510d3c1256f9a0056db73?OpenDocument","Cerreto d'Esi I 1, I - Statuti dei comuni, 1537-1539",1537,"Cerreto d'Esi","Cerreto d'Esi","Cerreto d'Esi I 1, I - Statuti dei comuni, 1537-1539",1537,"Cerreto d'Esi",42013,"Cerreto d'Esi",1,1537,NA,NA,NA,NA
"Certaldo","Certaldo","https://www.senato.it/w3/Biblioteca/catalogoDegliStatutiMedievali.nsf/de148d287da34e08c1256e4c002f1718/63365a1ed1491389c1256f9a0047dd05?OpenDocument","Certaldo II2 1, II 2 - Confraternite",NA,"Certaldo","Certaldo","Certaldo II2 1, II 2 - Confraternite",NA,"Certaldo",48012,"Certaldo",1,NA,NA,NA,NA,NA
"Cervia","Cervia","https://www.senato.it/w3/Biblioteca/catalogoDegliStatutiMedievali.nsf/de148d287da34e08c1256e4c002f1718/509c81cae90db754c1256f9a0047dd3c?OpenDocument","Cervia I 1, I - Statuti dei comuni, 1328-1586",1328,"Cervia","Cervia","Cervia I 1, I - Statuti dei comuni, 1328-1586",1328,"Cervia",39007,"Cervia",1,1328,NA,NA,NA,NA
"Cesena","Cesena","https://www.senato.it/w3/Biblioteca/catalogoDegliStatutiMedievali.nsf/de148d287da34e08c1256e4c002f1718/d1887706ebb342c0c1256f9a0047dde6?OpenDocument","Cesena I 1, I - Statuti dei comuni, 1434-1494",1434,"Cesena","Cesena","Cesena I 1, I - Statuti dei comuni, 1434-1494",1434,"Cesena",40007,"Cesena",1,1434,NA,NA,NA,NA
"Cesenatico","Cesenatico","https://www.senato.it/w3/Biblioteca/catalogoDegliStatutiMedievali.nsf/de148d287da34e08c1256e4c002f1718/65fd8a3bb58d7d20c1256f9a0047df79?OpenDocument","Cesenatico I 1, I - Statuti dei comuni, 1498",1498,"Cesenatico","Cesenatico","Cesenatico I 1, I - Statuti dei comuni, 1498",1498,"Cesenatico",40008,"Cesenatico",1,1498,NA,NA,NA,NA
"Cetona","Cetona","https://www.senato.it/w3/Biblioteca/catalogoDegliStatutiMedievali.nsf/de148d287da34e08c1256e4c002f1718/dd158aff752fee11c1256f9a0047e1a7?OpenDocument","Cetona I 1, I - Statuti dei comuni, 1418-1739",1418,"Cetona","Cetona","Cetona I 1, I - Statuti dei comuni, 1418-1739",1418,"Cetona",52008,"Cetona",1,1418,NA,NA,NA,NA
"Ceula","Ceula","https://www.senato.it/w3/Biblioteca/catalogoDegliStatutiMedievali.nsf/de148d287da34e08c1256e4c002f1718/08817455abc97cc4c1256fa3005faed5?OpenDocument","Levanto I 1, I - Statuti dei comuni, 1377-1773",1377,"Levanto","Levanto","Levanto I 1, I - Statuti dei comuni, 1377-1773",1377,"Levanto",11017,"Levanto",1,1377,NA,NA,NA,NA
"Ceva","Ceva","https://www.senato.it/w3/Biblioteca/catalogoDegliStatutiMedievali.nsf/de148d287da34e08c1256e4c002f1718/0f7f4cac928efdc7c1256f9a0047e1c8?OpenDocument","Ceva I 1, I - Statuti dei comuni, 1357-1530",1357,"Ceva","Ceva","Ceva I 1, I - Statuti dei comuni, 1357-1530",1357,"Ceva",4066,"Ceva",1,1357,NA,NA,NA,NA
"Charium","Charium","https://www.senato.it/w3/Biblioteca/catalogoDegliStatutiMedievali.nsf/de148d287da34e08c1256e4c002f1718/c5557122721cb63bc1256f9a00491ca8?OpenDocument","Chieri I 1, I - Statuti dei comuni, 1212",1212,"Chieri","Chieri","Chieri I 1, I - Statuti dei comuni, 1212",1212,"Chieri",1078,"Chieri",1,1212,NA,NA,NA,NA
"Cherasco","Cherasco","https://www.senato.it/w3/Biblioteca/catalogoDegliStatutiMedievali.nsf/de148d287da34e08c1256e4c002f1718/1438934a4a548d9ec1256f9a0049175b?OpenDocument","Cherasco I 1, I - Statuti dei comuni, 1289-1642",1289,"Cherasco","Cherasco","Cherasco I 1, I - Statuti dei comuni, 1289-1642",1289,"Cherasco",4067,"Cherasco",1,1289,NA,NA,NA,NA
"Cherium","Cherium","https://www.senato.it/w3/Biblioteca/catalogoDegliStatutiMedievali.nsf/de148d287da34e08c1256e4c002f1718/c5557122721cb63bc1256f9a00491ca8?OpenDocument","Chieri I 1, I - Statuti dei comuni, 1212",1212,"Chieri","Chieri","Chieri I 1, I - Statuti dei comuni, 1212",1212,"Chieri",1078,"Chieri",1,1212,NA,NA,NA,NA
"Chianciano","Chianciano","https://www.senato.it/w3/Biblioteca/catalogoDegliStatutiMedievali.nsf/de148d287da34e08c1256e4c002f1718/b51ef566600a0e3cc1256f9a0049192b?OpenDocument","Chianciano I 1, I - Statuti dei comuni, 1287",1287,"Chianciano Terme","Chianciano Terme","Chianciano I 1, I - Statuti dei comuni, 1287",1287,"Chianciano Terme",52009,"Chianciano Terme",1,1287,NA,NA,NA,NA
"Chianciano Terme","Chianciano Terme","https://www.senato.it/w3/Biblioteca/catalogoDegliStatutiMedievali.nsf/de148d287da34e08c1256e4c002f1718/b51ef566600a0e3cc1256f9a0049192b?OpenDocument","Chianciano I 1, I - Statuti dei comuni, 1287",1287,"Chianciano Terme","Chianciano Terme","Chianciano I 1, I - Statuti dei comuni, 1287",1287,"Chianciano Terme",52009,"Chianciano Terme",1,1287,NA,NA,NA,NA
"Chiari","Chiari","https://www.senato.it/w3/Biblioteca/catalogoDegliStatutiMedievali.nsf/de148d287da34e08c1256e4c002f1718/bd6165eda97bbd3bc1256f9a004919a4?OpenDocument","Chiari I 1, I - Statuti dei comuni, 1429-1440",1429,"Chiari","Chiari","Chiari I 1, I - Statuti dei comuni, 1429-1440",1429,"Chiari",17052,"Chiari",1,1429,NA,NA,NA,NA
"Chiavenna","Chiavenna","https://www.senato.it/w3/Biblioteca/catalogoDegliStatutiMedievali.nsf/de148d287da34e08c1256e4c002f1718/3b1ca1e27f369cefc1256f9a004919be?OpenDocument","Chiavenna I 1, I - Statuti dei comuni, 1311",1311,"Chiavenna","Chiavenna","Chiavenna I 1, I - Statuti dei comuni, 1311",1311,"Chiavenna",14018,"Chiavenna",1,1311,NA,NA,NA,NA
"Chiaverano","Chiaverano","https://www.senato.it/w3/Biblioteca/catalogoDegliStatutiMedievali.nsf/de148d287da34e08c1256e4c002f1718/d70eeea32b2923c0c1256f9a00491c73?OpenDocument","Chiaverano I 1, I - Statuti dei comuni, 1251",1251,"Chiaverano","Chiaverano","Chiaverano I 1, I - Statuti dei comuni, 1251",1251,"Chiaverano",1077,"Chiaverano",1,1251,NA,NA,NA,NA
"Chieri","Chieri","https://www.senato.it/w3/Biblioteca/catalogoDegliStatutiMedievali.nsf/de148d287da34e08c1256e4c002f1718/c5557122721cb63bc1256f9a00491ca8?OpenDocument","Chieri I 1, I - Statuti dei comuni, 1212",1212,"Chieri","Chieri","Chieri I 1, I - Statuti dei comuni, 1212",1212,"Chieri",1078,"Chieri",1,1212,NA,NA,NA,NA
"Chignolo d'Isola","Chignolo d'Isola","https://www.senato.it/w3/Biblioteca/catalogoDegliStatutiMedievali.nsf/de148d287da34e08c1256e4c002f1718/52f1d7fa32f1c3c5c1256f9a00491e9d?OpenDocument","Chignolo d'Isola I 1, I - Statuti dei comuni, 1751",1751,"Chignolo d'Isola","Chignolo d'Isola","Chignolo d'Isola I 1, I - Statuti dei comuni, 1751",1751,"Chignolo d'Isola",16072,"Chignolo d'Isola",1,1751,NA,NA,NA,NA
"Chioggia","Chioggia","https://www.senato.it/w3/Biblioteca/catalogoDegliStatutiMedievali.nsf/de148d287da34e08c1256e4c002f1718/0cd3cfa6ec4a8bb0c1256f9a00491ebb?OpenDocument","Chioggia I 1, I - Statuti dei comuni, 862-1293",1293,"Chioggia","Chioggia","Chioggia I 1, I - Statuti dei comuni, 862-1293",1293,"Chioggia",27008,"Chioggia",1,1293,NA,NA,NA,NA
"Chiuci","Chiuci","https://www.senato.it/w3/Biblioteca/catalogoDegliStatutiMedievali.nsf/de148d287da34e08c1256e4c002f1718/33a239dec3357edac1256f9a00492067?OpenDocument","Chiusi I 1, I - Statuti dei comuni, 1599",1599,"Chiusi","Chiusi","Chiusi I 1, I - Statuti dei comuni, 1599",1599,"Chiusi",52011,"Chiusi",1,1599,NA,NA,NA,NA
"Chiusa di Pesio","Chiusa di Pesio","https://www.senato.it/w3/Biblioteca/catalogoDegliStatutiMedievali.nsf/de148d287da34e08c1256e4c002f1718/5b49df277eaf866bc1256f9a0049202d?OpenDocument","Chiusa di Pesio I 1, I - Statuti dei comuni, 1347-1708",1347,"Chiusa di Pesio","Chiusa di Pesio","Chiusa di Pesio I 1, I - Statuti dei comuni, 1347-1708",1347,"Chiusa di Pesio",4068,"Chiusa di Pesio",1,1347,NA,NA,NA,NA
"Chiusdino","Chiusdino","https://www.senato.it/w3/Biblioteca/catalogoDegliStatutiMedievali.nsf/de148d287da34e08c1256e4c002f1718/c501d3e798bd32a3c1256f9a00492057?OpenDocument","Chiusdino I 1, I - Statuti dei comuni, 1777",1777,"Chiusdino","Chiusdino","Chiusdino I 1, I - Statuti dei comuni, 1777",1777,"Chiusdino",52010,"Chiusdino",1,1777,NA,NA,NA,NA
"Chiusi","Chiusi","https://www.senato.it/w3/Biblioteca/catalogoDegliStatutiMedievali.nsf/de148d287da34e08c1256e4c002f1718/33a239dec3357edac1256f9a00492067?OpenDocument","Chiusi I 1, I - Statuti dei comuni, 1599",1599,"Chiusi","Chiusi","Chiusi I 1, I - Statuti dei comuni, 1599",1599,"Chiusi",52011,"Chiusi",1,1599,NA,NA,NA,NA
"Chiusi di Perugia","Chiusi di Perugia","https://www.senato.it/w3/Biblioteca/catalogoDegliStatutiMedievali.nsf/de148d287da34e08c1256e4c002f1718/0518f6691e49f39bc1256f9a0047d994?OpenDocument","Castiglione del Lago I 1, I - Statuti dei comuni, sec. XIV-XVI",NA,"Castiglione del Lago","Castiglione del Lago","Castiglione del Lago I 1, I - Statuti dei comuni, sec. XIV-XVI",NA,"Castiglione del Lago",54009,"Castiglione del Lago",1,NA,NA,NA,NA,NA
"Chivasso","Chivasso","https://www.senato.it/w3/Biblioteca/catalogoDegliStatutiMedievali.nsf/de148d287da34e08c1256e4c002f1718/cdc05df82de47dc9c1256f9a00492086?OpenDocument","Chivasso I 1, I - Statuti dei comuni, 1235",1235,"Chivasso","Chivasso","Chivasso I 1, I - Statuti dei comuni, 1235",1235,"Chivasso",1082,"Chivasso",1,1235,NA,NA,NA,NA
"Ciglanum","Ciglanum","https://www.senato.it/w3/Biblioteca/catalogoDegliStatutiMedievali.nsf/de148d287da34e08c1256e4c002f1718/8b27441ae00b0d74c1256f9a00492259?OpenDocument","Cigliano I 1, I - Statuti dei comuni, 1379-1520",1379,"Cigliano","Cigliano","Cigliano I 1, I - Statuti dei comuni, 1379-1520",1379,"Cigliano",2042,"Cigliano",1,1379,NA,NA,NA,NA
"Cigliano","Cigliano","https://www.senato.it/w3/Biblioteca/catalogoDegliStatutiMedievali.nsf/de148d287da34e08c1256e4c002f1718/8b27441ae00b0d74c1256f9a00492259?OpenDocument","Cigliano I 1, I - Statuti dei comuni, 1379-1520",1379,"Cigliano","Cigliano","Cigliano I 1, I - Statuti dei comuni, 1379-1520",1379,"Cigliano",2042,"Cigliano",1,1379,NA,NA,NA,NA
"Cillianum","Cillianum","https://www.senato.it/w3/Biblioteca/catalogoDegliStatutiMedievali.nsf/de148d287da34e08c1256e4c002f1718/8b27441ae00b0d74c1256f9a00492259?OpenDocument","Cigliano I 1, I - Statuti dei comuni, 1379-1520",1379,"Cigliano","Cigliano","Cigliano I 1, I - Statuti dei comuni, 1379-1520",1379,"Cigliano",2042,"Cigliano",1,1379,NA,NA,NA,NA
"Cingoli","Cingoli","https://www.senato.it/w3/Biblioteca/catalogoDegliStatutiMedievali.nsf/de148d287da34e08c1256e4c002f1718/8474c74b149facb5c1256f9a00492328?OpenDocument","Cingoli I 1, I - Statuti dei comuni, 1307-1561",1307,"Cingoli","Cingoli","Cingoli I 1, I - Statuti dei comuni, 1307-1561",1307,"Cingoli",43012,"Cingoli",1,1307,NA,NA,NA,NA
"Cingulum","Cingulum","https://www.senato.it/w3/Biblioteca/catalogoDegliStatutiMedievali.nsf/de148d287da34e08c1256e4c002f1718/8474c74b149facb5c1256f9a00492328?OpenDocument","Cingoli I 1, I - Statuti dei comuni, 1307-1561",1307,"Cingoli","Cingoli","Cingoli I 1, I - Statuti dei comuni, 1307-1561",1307,"Cingoli",43012,"Cingoli",1,1307,NA,NA,NA,NA
"Ciprano","Ciprano","https://www.senato.it/w3/Biblioteca/catalogoDegliStatutiMedievali.nsf/de148d287da34e08c1256e4c002f1718/c365cec3e513191ec1256f9a0056d9fa?OpenDocument","Ceprano I 1, I - Statuti dei comuni, 1604",1604,"Ceprano","Ceprano","Ceprano I 1, I - Statuti dei comuni, 1604",1604,"Ceprano",60025,"Ceprano",1,1604,NA,NA,NA,NA
"Cipressa","Cipressa","https://www.senato.it/w3/Biblioteca/catalogoDegliStatutiMedievali.nsf/de148d287da34e08c1256e4c002f1718/9db5ba35f2913d48c1256f9a004924da?OpenDocument","Cipressa I 1, I - Statuti dei comuni, 1277",1277,"Cipressa","Cipressa","Cipressa I 1, I - Statuti dei comuni, 1277",1277,"Cipressa",8021,"Cipressa",1,1277,NA,NA,NA,NA
"Citadella","Citadella","https://www.senato.it/w3/Biblioteca/catalogoDegliStatutiMedievali.nsf/de148d287da34e08c1256e4c002f1718/2f0eae6cc1f669f1c1256f9a004924eb?OpenDocument","Cittadella I 1, I - Statuti dei comuni, 1329-1542",1329,"Cittadella","Cittadella","Cittadella I 1, I - Statuti dei comuni, 1329-1542",1329,"Cittadella",28032,"Cittadella",1,1329,NA,NA,NA,NA
"Citonia","Citonia","https://www.senato.it/w3/Biblioteca/catalogoDegliStatutiMedievali.nsf/de148d287da34e08c1256e4c002f1718/dd158aff752fee11c1256f9a0047e1a7?OpenDocument","Cetona I 1, I - Statuti dei comuni, 1418-1739",1418,"Cetona","Cetona","Cetona I 1, I - Statuti dei comuni, 1418-1739",1418,"Cetona",52008,"Cetona",1,1418,NA,NA,NA,NA
"Cittadella","Cittadella","https://www.senato.it/w3/Biblioteca/catalogoDegliStatutiMedievali.nsf/de148d287da34e08c1256e4c002f1718/2f0eae6cc1f669f1c1256f9a004924eb?OpenDocument","Cittadella I 1, I - Statuti dei comuni, 1329-1542",1329,"Cittadella","Cittadella","Cittadella I 1, I - Statuti dei comuni, 1329-1542",1329,"Cittadella",28032,"Cittadella",1,1329,NA,NA,NA,NA
"Cittaducale","Cittaducale","https://www.senato.it/w3/Biblioteca/catalogoDegliStatutiMedievali.nsf/de148d287da34e08c1256e4c002f1718/01239495767640e4c1256f9a0049258f?OpenDocument","Cittaducale I 1, I - Statuti dei comuni, 1491",1491,"Cittaducale","Cittaducale","Cittaducale I 1, I - Statuti dei comuni, 1491",1491,"Cittaducale",57016,"Cittaducale",1,1491,NA,NA,NA,NA
"Civiasco","Civiasco","https://www.senato.it/w3/Biblioteca/catalogoDegliStatutiMedievali.nsf/de148d287da34e08c1256e4c002f1718/63bee84b5b31027bc1256f9a0054c9b3?OpenDocument","Civiasco I 1, I - Statuti dei comuni, 1676-1815",1676,"Civiasco","Civiasco","Civiasco I 1, I - Statuti dei comuni, 1676-1815",1676,"Civiasco",2043,"Civiasco",1,1676,NA,NA,NA,NA
"Cividale del Friuli","Cividale del Friuli","https://www.senato.it/w3/Biblioteca/catalogoDegliStatutiMedievali.nsf/de148d287da34e08c1256e4c002f1718/88f12a091761a150c1257089002d8580?OpenDocument","Cividale del Friuli I 1 1, I - Statuti dei comuni, 1176-1343",1176,"Cividale del Friuli","Cividale del Friuli","Cividale del Friuli I 1 1, I - Statuti dei comuni, 1176-1343",1176,"Cividale del Friuli",30026,"Cividale del Friuli",1,1176,NA,NA,NA,NA
"Civita Castellana","Civita Castellana","https://www.senato.it/w3/Biblioteca/catalogoDegliStatutiMedievali.nsf/de148d287da34e08c1256e4c002f1718/af3e85a518f74724c1256f9a0054cc04?OpenDocument","Civita Castellana I 1, I - Statuti dei comuni, 1535",1535,"Civita Castellana","Civita Castellana","Civita Castellana I 1, I - Statuti dei comuni, 1535",1535,"Civita Castellana",56021,"Civita Castellana",1,1535,NA,NA,NA,NA
"Civita di Penne","Civita di Penne","https://www.senato.it/w3/Biblioteca/catalogoDegliStatutiMedievali.nsf/de148d287da34e08c1256e4c002f1718/f8721ce71c894e08c1256fa40048f795?OpenDocument","Penne I 1, I - Statuti dei comuni, 1457-1548",1457,"Penne","Penne","Penne I 1, I - Statuti dei comuni, 1457-1548",1457,"Penne",68027,"Penne",1,1457,NA,NA,NA,NA
"Civita Ducale","Civita Ducale","https://www.senato.it/w3/Biblioteca/catalogoDegliStatutiMedievali.nsf/de148d287da34e08c1256e4c002f1718/01239495767640e4c1256f9a0049258f?OpenDocument","Cittaducale I 1, I - Statuti dei comuni, 1491",1491,"Cittaducale","Cittaducale","Cittaducale I 1, I - Statuti dei comuni, 1491",1491,"Cittaducale",57016,"Cittaducale",1,1491,NA,NA,NA,NA
"Civitanova Marche","Civitanova Marche","https://www.senato.it/w3/Biblioteca/catalogoDegliStatutiMedievali.nsf/de148d287da34e08c1256e4c002f1718/e0d854ec62514af0c1256f9a0054ca37?OpenDocument","Civitanova Marche I 1, I - Statuti dei comuni, 1235-1515",1235,"Civitanova Marche","Civitanova Marche","Civitanova Marche I 1, I - Statuti dei comuni, 1235-1515",1235,"Civitanova Marche",43013,"Civitanova Marche",1,1235,NA,NA,NA,NA
"Civitas Austriae","Civitas Austriae","https://www.senato.it/w3/Biblioteca/catalogoDegliStatutiMedievali.nsf/de148d287da34e08c1256e4c002f1718/88f12a091761a150c1257089002d8580?OpenDocument","Cividale del Friuli I 1 1, I - Statuti dei comuni, 1176-1343",1176,"Cividale del Friuli","Cividale del Friuli","Cividale del Friuli I 1 1, I - Statuti dei comuni, 1176-1343",1176,"Cividale del Friuli",30026,"Cividale del Friuli",1,1176,NA,NA,NA,NA
"Civitas Castellana","Civitas Castellana","https://www.senato.it/w3/Biblioteca/catalogoDegliStatutiMedievali.nsf/de148d287da34e08c1256e4c002f1718/af3e85a518f74724c1256f9a0054cc04?OpenDocument","Civita Castellana I 1, I - Statuti dei comuni, 1535",1535,"Civita Castellana","Civita Castellana","Civita Castellana I 1, I - Statuti dei comuni, 1535",1535,"Civita Castellana",56021,"Civita Castellana",1,1535,NA,NA,NA,NA
"Civitas Sancti Angeli Papalis","Civitas Sancti Angeli Papalis","https://www.senato.it/w3/Biblioteca/catalogoDegliStatutiMedievali.nsf/de148d287da34e08c1256e4c002f1718/10c1559fe4fe39d6c1256f9a0047a901?OpenDocument","Cagli I 1, I - Statuti dei comuni, 1589",1589,"Cagli","Cagli","Cagli I 1, I - Statuti dei comuni, 1589",1589,"Cagli",41007,"Cagli",1,1589,NA,NA,NA,NA
"Civitas Vetula","Civitas Vetula","https://www.senato.it/w3/Biblioteca/catalogoDegliStatutiMedievali.nsf/de148d287da34e08c1256e4c002f1718/5f15656dd0cbf82fc1256f9a0054caf5?OpenDocument","Civitavecchia I 1, I - Statuti dei comuni, 1291-1451",1291,"Civitavecchia","Civitavecchia","Civitavecchia I 1, I - Statuti dei comuni, 1291-1451",1291,"Civitavecchia",58032,"Civitavecchia",1,1291,NA,NA,NA,NA
"Civitas Wetana","Civitas Wetana","https://www.senato.it/w3/Biblioteca/catalogoDegliStatutiMedievali.nsf/de148d287da34e08c1256e4c002f1718/07d1ac5f79b61b66c1256fa40048d33c?OpenDocument","Orvieto I 1, I - Statuti dei comuni, 1209-1220",1209,"Orvieto","Orvieto","Orvieto I 1, I - Statuti dei comuni, 1209-1220",1209,"Orvieto",55023,"Orvieto",1,1209,NA,NA,NA,NA
"Civitavecchia","Civitavecchia","https://www.senato.it/w3/Biblioteca/catalogoDegliStatutiMedievali.nsf/de148d287da34e08c1256e4c002f1718/5f15656dd0cbf82fc1256f9a0054caf5?OpenDocument","Civitavecchia I 1, I - Statuti dei comuni, 1291-1451",1291,"Civitavecchia","Civitavecchia","Civitavecchia I 1, I - Statuti dei comuni, 1291-1451",1291,"Civitavecchia",58032,"Civitavecchia",1,1291,NA,NA,NA,NA
"Civitella del Tronto","Civitella del Tronto","https://www.senato.it/w3/Biblioteca/catalogoDegliStatutiMedievali.nsf/de148d287da34e08c1256e4c002f1718/d5c40c51b62e4adcc1256f9a0054cc53?OpenDocument","Civitella del Tronto I 1, I - Statuti dei comuni, 1492",1492,"Civitella del Tronto","Civitella del Tronto","Civitella del Tronto I 1, I - Statuti dei comuni, 1492",1492,"Civitella del Tronto",67017,"Civitella del Tronto",1,1492,NA,NA,NA,NA
"Civitella di Romagna","Civitella di Romagna","https://www.senato.it/w3/Biblioteca/catalogoDegliStatutiMedievali.nsf/de148d287da34e08c1256e4c002f1718/7c9df691024d7fbec1256f9a0054cc6e?OpenDocument","Civitella di Romagna I 1, I - Statuti dei comuni, 1581-1582",1581,"Civitella di Romagna","Civitella di Romagna","Civitella di Romagna I 1, I - Statuti dei comuni, 1581-1582",1581,"Civitella di Romagna",40009,"Civitella di Romagna",1,1581,NA,NA,NA,NA
"Clancianum","Clancianum","https://www.senato.it/w3/Biblioteca/catalogoDegliStatutiMedievali.nsf/de148d287da34e08c1256e4c002f1718/b51ef566600a0e3cc1256f9a0049192b?OpenDocument","Chianciano I 1, I - Statuti dei comuni, 1287",1287,"Chianciano Terme","Chianciano Terme","Chianciano I 1, I - Statuti dei comuni, 1287",1287,"Chianciano Terme",52009,"Chianciano Terme",1,1287,NA,NA,NA,NA
"Clarae","Clarae","https://www.senato.it/w3/Biblioteca/catalogoDegliStatutiMedievali.nsf/de148d287da34e08c1256e4c002f1718/bd6165eda97bbd3bc1256f9a004919a4?OpenDocument","Chiari I 1, I - Statuti dei comuni, 1429-1440",1429,"Chiari","Chiari","Chiari I 1, I - Statuti dei comuni, 1429-1440",1429,"Chiari",17052,"Chiari",1,1429,NA,NA,NA,NA
"Clarascum","Clarascum","https://www.senato.it/w3/Biblioteca/catalogoDegliStatutiMedievali.nsf/de148d287da34e08c1256e4c002f1718/1438934a4a548d9ec1256f9a0049175b?OpenDocument","Cherasco I 1, I - Statuti dei comuni, 1289-1642",1289,"Cherasco","Cherasco","Cherasco I 1, I - Statuti dei comuni, 1289-1642",1289,"Cherasco",4067,"Cherasco",1,1289,NA,NA,NA,NA
"Clavacium","Clavacium","https://www.senato.it/w3/Biblioteca/catalogoDegliStatutiMedievali.nsf/de148d287da34e08c1256e4c002f1718/cdc05df82de47dc9c1256f9a00492086?OpenDocument","Chivasso I 1, I - Statuti dei comuni, 1235",1235,"Chivasso","Chivasso","Chivasso I 1, I - Statuti dei comuni, 1235",1235,"Chivasso",1082,"Chivasso",1,1235,NA,NA,NA,NA
"Clavaranum","Clavaranum","https://www.senato.it/w3/Biblioteca/catalogoDegliStatutiMedievali.nsf/de148d287da34e08c1256e4c002f1718/d70eeea32b2923c0c1256f9a00491c73?OpenDocument","Chiaverano I 1, I - Statuti dei comuni, 1251",1251,"Chiaverano","Chiaverano","Chiaverano I 1, I - Statuti dei comuni, 1251",1251,"Chiaverano",1077,"Chiaverano",1,1251,NA,NA,NA,NA
"Clavassium","Clavassium","https://www.senato.it/w3/Biblioteca/catalogoDegliStatutiMedievali.nsf/de148d287da34e08c1256e4c002f1718/cdc05df82de47dc9c1256f9a00492086?OpenDocument","Chivasso I 1, I - Statuti dei comuni, 1235",1235,"Chivasso","Chivasso","Chivasso I 1, I - Statuti dei comuni, 1235",1235,"Chivasso",1082,"Chivasso",1,1235,NA,NA,NA,NA
"Clavaxium","Clavaxium","https://www.senato.it/w3/Biblioteca/catalogoDegliStatutiMedievali.nsf/de148d287da34e08c1256e4c002f1718/cdc05df82de47dc9c1256f9a00492086?OpenDocument","Chivasso I 1, I - Statuti dei comuni, 1235",1235,"Chivasso","Chivasso","Chivasso I 1, I - Statuti dei comuni, 1235",1235,"Chivasso",1082,"Chivasso",1,1235,NA,NA,NA,NA
"Clavayranum","Clavayranum","https://www.senato.it/w3/Biblioteca/catalogoDegliStatutiMedievali.nsf/de148d287da34e08c1256e4c002f1718/d70eeea32b2923c0c1256f9a00491c73?OpenDocument","Chiaverano I 1, I - Statuti dei comuni, 1251",1251,"Chiaverano","Chiaverano","Chiaverano I 1, I - Statuti dei comuni, 1251",1251,"Chiaverano",1077,"Chiaverano",1,1251,NA,NA,NA,NA
"Clavenna","Clavenna","https://www.senato.it/w3/Biblioteca/catalogoDegliStatutiMedievali.nsf/de148d287da34e08c1256e4c002f1718/3b1ca1e27f369cefc1256f9a004919be?OpenDocument","Chiavenna I 1, I - Statuti dei comuni, 1311",1311,"Chiavenna","Chiavenna","Chiavenna I 1, I - Statuti dei comuni, 1311",1311,"Chiavenna",14018,"Chiavenna",1,1311,NA,NA,NA,NA
"Clodia","Clodia","https://www.senato.it/w3/Biblioteca/catalogoDegliStatutiMedievali.nsf/de148d287da34e08c1256e4c002f1718/0cd3cfa6ec4a8bb0c1256f9a00491ebb?OpenDocument","Chioggia I 1, I - Statuti dei comuni, 862-1293",1293,"Chioggia","Chioggia","Chioggia I 1, I - Statuti dei comuni, 862-1293",1293,"Chioggia",27008,"Chioggia",1,1293,NA,NA,NA,NA
"Cloza","Cloza","https://www.senato.it/w3/Biblioteca/catalogoDegliStatutiMedievali.nsf/de148d287da34e08c1256e4c002f1718/0cd3cfa6ec4a8bb0c1256f9a00491ebb?OpenDocument","Chioggia I 1, I - Statuti dei comuni, 862-1293",1293,"Chioggia","Chioggia","Chioggia I 1, I - Statuti dei comuni, 862-1293",1293,"Chioggia",27008,"Chioggia",1,1293,NA,NA,NA,NA
"Clugia","Clugia","https://www.senato.it/w3/Biblioteca/catalogoDegliStatutiMedievali.nsf/de148d287da34e08c1256e4c002f1718/0cd3cfa6ec4a8bb0c1256f9a00491ebb?OpenDocument","Chioggia I 1, I - Statuti dei comuni, 862-1293",1293,"Chioggia","Chioggia","Chioggia I 1, I - Statuti dei comuni, 862-1293",1293,"Chioggia",27008,"Chioggia",1,1293,NA,NA,NA,NA
"Clusium","Clusium","https://www.senato.it/w3/Biblioteca/catalogoDegliStatutiMedievali.nsf/de148d287da34e08c1256e4c002f1718/33a239dec3357edac1256f9a00492067?OpenDocument","Chiusi I 1, I - Statuti dei comuni, 1599",1599,"Chiusi","Chiusi","Chiusi I 1, I - Statuti dei comuni, 1599",1599,"Chiusi",52011,"Chiusi",1,1599,NA,NA,NA,NA
"Cluxa","Cluxa","https://www.senato.it/w3/Biblioteca/catalogoDegliStatutiMedievali.nsf/de148d287da34e08c1256e4c002f1718/5b49df277eaf866bc1256f9a0049202d?OpenDocument","Chiusa di Pesio I 1, I - Statuti dei comuni, 1347-1708",1347,"Chiusa di Pesio","Chiusa di Pesio","Chiusa di Pesio I 1, I - Statuti dei comuni, 1347-1708",1347,"Chiusa di Pesio",4068,"Chiusa di Pesio",1,1347,NA,NA,NA,NA
"Cocconato","Cocconato","https://www.senato.it/w3/Biblioteca/catalogoDegliStatutiMedievali.nsf/de148d287da34e08c1256e4c002f1718/485314637239162bc1256f9a0054cd39?OpenDocument","Cocconato I 1, I - Statuti dei comuni, 1459",1459,"Cocconato","Cocconato","Cocconato I 1, I - Statuti dei comuni, 1459",1459,"Cocconato",5042,"Cocconato",1,1459,NA,NA,NA,NA
"Codogno","Codogno","https://www.senato.it/w3/Biblioteca/catalogoDegliStatutiMedievali.nsf/de148d287da34e08c1256e4c002f1718/c71820dcf9022febc1256f9a0054cdc2?OpenDocument","Codogno I 1, I - Statuti dei comuni, 1679",1679,"Codogno","Codogno","Codogno I 1, I - Statuti dei comuni, 1679",1679,"Codogno",98019,"Codogno",1,1679,NA,NA,NA,NA
"Cogne","Cogne","https://www.senato.it/w3/Biblioteca/catalogoDegliStatutiMedievali.nsf/de148d287da34e08c1256e4c002f1718/3597124cc26c9f42c1256f9a0054ce07?OpenDocument","Cogne I 1, I - Statuti dei comuni, 1586",1586,"Cogne","Cogne","Cogne I 1, I - Statuti dei comuni, 1586",1586,"Cogne",7021,"Cogne",1,1586,NA,NA,NA,NA
"Cogollo del Cengio","Cogollo del Cengio","https://www.senato.it/w3/Biblioteca/catalogoDegliStatutiMedievali.nsf/de148d287da34e08c1256e4c002f1718/c7f15d6fa8c86276c1256f9a0054ce44?OpenDocument","Cogollo del Cengio I 1, I - Statuti dei comuni, 1772",1772,"Cogollo del Cengio","Cogollo del Cengio","Cogollo del Cengio I 1, I - Statuti dei comuni, 1772",1772,"Cogollo del Cengio",24032,"Cogollo del Cengio",1,1772,NA,NA,NA,NA
"Colle di Val d'Elsa","Colle di Val d'Elsa","https://www.senato.it/w3/Biblioteca/catalogoDegliStatutiMedievali.nsf/de148d287da34e08c1256e4c002f1718/25440369725ebea3c1256f9a0054d1c7?OpenDocument","Colle di Val d'Elsa I 1, I - Statuti dei comuni, 1385-1459",1385,"Colle di Val d'Elsa","Colle di Val d'Elsa","Colle di Val d'Elsa I 1, I - Statuti dei comuni, 1385-1459",1385,"Colle di Val d'Elsa",52012,"Colle di Val d'Elsa",1,1385,NA,NA,NA,NA
"Collevecchio","Collevecchio","https://www.senato.it/w3/Biblioteca/catalogoDegliStatutiMedievali.nsf/de148d287da34e08c1256e4c002f1718/8652198f565c1706c1256f9a0054d1a4?OpenDocument","Collevecchio I 1, I - Statuti dei comuni, 1604",1604,"Collevecchio","Collevecchio","Collevecchio I 1, I - Statuti dei comuni, 1604",1604,"Collevecchio",57021,"Collevecchio",1,1604,NA,NA,NA,NA
"Collis Vallis Else","Collis Vallis Else","https://www.senato.it/w3/Biblioteca/catalogoDegliStatutiMedievali.nsf/de148d287da34e08c1256e4c002f1718/25440369725ebea3c1256f9a0054d1c7?OpenDocument","Colle di Val d'Elsa I 1, I - Statuti dei comuni, 1385-1459",1385,"Colle di Val d'Elsa","Colle di Val d'Elsa","Colle di Val d'Elsa I 1, I - Statuti dei comuni, 1385-1459",1385,"Colle di Val d'Elsa",52012,"Colle di Val d'Elsa",1,1385,NA,NA,NA,NA
"Cologna Veneta","Cologna Veneta","https://www.senato.it/w3/Biblioteca/catalogoDegliStatutiMedievali.nsf/de148d287da34e08c1256e4c002f1718/77cbc9f916ca140dc1256f9a0054d323?OpenDocument","Cologna Veneta I 1, I - Statuti dei comuni, 1406-1658",1406,"Cologna Veneta","Cologna Veneta","Cologna Veneta I 1, I - Statuti dei comuni, 1406-1658",1406,"Cologna Veneta",23027,"Cologna Veneta",1,1406,NA,NA,NA,NA
"Colonia","Colonia","https://www.senato.it/w3/Biblioteca/catalogoDegliStatutiMedievali.nsf/de148d287da34e08c1256e4c002f1718/77cbc9f916ca140dc1256f9a0054d323?OpenDocument","Cologna Veneta I 1, I - Statuti dei comuni, 1406-1658",1406,"Cologna Veneta","Cologna Veneta","Cologna Veneta I 1, I - Statuti dei comuni, 1406-1658",1406,"Cologna Veneta",23027,"Cologna Veneta",1,1406,NA,NA,NA,NA
"Comacchio","Comacchio","https://www.senato.it/w3/Biblioteca/catalogoDegliStatutiMedievali.nsf/de148d287da34e08c1256e4c002f1718/a16bd34d437fce74c1256f9a0054d583?OpenDocument","Comacchio I 1, I - Statuti dei comuni, 1494",1494,"Comacchio","Comacchio","Comacchio I 1, I - Statuti dei comuni, 1494",1494,"Comacchio",38006,"Comacchio",1,1494,NA,NA,NA,NA
"Comachio","Comachio","https://www.senato.it/w3/Biblioteca/catalogoDegliStatutiMedievali.nsf/de148d287da34e08c1256e4c002f1718/a16bd34d437fce74c1256f9a0054d583?OpenDocument","Comacchio I 1, I - Statuti dei comuni, 1494",1494,"Comacchio","Comacchio","Comacchio I 1, I - Statuti dei comuni, 1494",1494,"Comacchio",38006,"Comacchio",1,1494,NA,NA,NA,NA
"Comaclum","Comaclum","https://www.senato.it/w3/Biblioteca/catalogoDegliStatutiMedievali.nsf/de148d287da34e08c1256e4c002f1718/a16bd34d437fce74c1256f9a0054d583?OpenDocument","Comacchio I 1, I - Statuti dei comuni, 1494",1494,"Comacchio","Comacchio","Comacchio I 1, I - Statuti dei comuni, 1494",1494,"Comacchio",38006,"Comacchio",1,1494,NA,NA,NA,NA
"Combaviana","Combaviana","https://www.senato.it/w3/Biblioteca/catalogoDegliStatutiMedievali.nsf/de148d287da34e08c1256e4c002f1718/f3b2f1524a6de2b8c1256f9a0056f09c?OpenDocument","Cumiana I 1, I - Statuti dei comuni, 1429-1431",1429,"Cumiana","Cumiana","Cumiana I 1, I - Statuti dei comuni, 1429-1431",1429,"Cumiana",1097,"Cumiana",1,1429,NA,NA,NA,NA
"Comco","Comco","https://www.senato.it/w3/Biblioteca/catalogoDegliStatutiMedievali.nsf/de148d287da34e08c1256e4c002f1718/46b9e29e7a59ed1cc1256f9a0054de9d?OpenDocument","Conco I 1, I - Statuti dei comuni, 1773-1774",1773,"Conco","Conco","Conco I 1, I - Statuti dei comuni, 1773-1774",1773,"Conco",24033,"Conco",1,1773,NA,NA,NA,NA
"Comelico Inferiore","Comelico Inferiore","https://www.senato.it/w3/Biblioteca/catalogoDegliStatutiMedievali.nsf/de148d287da34e08c1256e4c002f1718/3fa41b3e4578f93ac1256fac00402f63?OpenDocument","Santo Stefano di Cadore I 1, I - Statuti dei comuni, 1444",1444,"Santo Stefano di Cadore","Santo Stefano di Cadore","Santo Stefano di Cadore I 1, I - Statuti dei comuni, 1444",1444,"Santo Stefano di Cadore",25050,"Santo Stefano di Cadore",1,1444,NA,NA,NA,NA
"Comelico Superiore","Comelico Superiore","https://www.senato.it/w3/Biblioteca/catalogoDegliStatutiMedievali.nsf/de148d287da34e08c1256e4c002f1718/8d0263c8a89efcbcc1256f9a0054d731?OpenDocument","Comelico Superiore II3 1, II 3 - Compagnie e consorzi",NA,"Comelico Superiore","Comelico Superiore","Comelico Superiore II3 1, II 3 - Compagnie e consorzi",NA,"Comelico Superiore",25015,"Comelico Superiore",1,NA,NA,NA,NA,NA
"Comessadius","Comessadius","https://www.senato.it/w3/Biblioteca/catalogoDegliStatutiMedievali.nsf/de148d287da34e08c1256e4c002f1718/7816053e91ace5d6c1258c490052ffbe?OpenDocument","Commessaggio I 1, I - Statuti dei comuni, 1483-1766",1483,"Commessaggio","Commessaggio","Commessaggio I 1, I - Statuti dei comuni, 1483-1766",1483,"Commessaggio",20020,"Commessaggio",1,1483,NA,NA,NA,NA
"Comitissa","Comitissa","https://www.senato.it/w3/Biblioteca/catalogoDegliStatutiMedievali.nsf/de148d287da34e08c1256e4c002f1718/3330a9a1dcb79046c1256f9a0054e15a?OpenDocument","Contessa Entellina I 1, I - Statuti dei comuni, 1520",1520,"Contessa Entellina","Contessa Entellina","Contessa Entellina I 1, I - Statuti dei comuni, 1520",1520,"Contessa Entellina",82033,"Contessa Entellina",1,1520,NA,NA,NA,NA
"Commessaggio","Commessaggio","https://www.senato.it/w3/Biblioteca/catalogoDegliStatutiMedievali.nsf/de148d287da34e08c1256e4c002f1718/7816053e91ace5d6c1258c490052ffbe?OpenDocument","Commessaggio I 1, I - Statuti dei comuni, 1483-1766",1483,"Commessaggio","Commessaggio","Commessaggio I 1, I - Statuti dei comuni, 1483-1766",1483,"Commessaggio",20020,"Commessaggio",1,1483,NA,NA,NA,NA
"Como","Como","https://www.senato.it/w3/Biblioteca/catalogoDegliStatutiMedievali.nsf/de148d287da34e08c1256e4c002f1718/77384a17e52a5422c1256f9a0054d742?OpenDocument","Como I 1, I - Statuti dei comuni, 1276-1288",1276,"Como","Como","Como I 1, I - Statuti dei comuni, 1276-1288",1276,"Como",13075,"Como",1,1276,NA,NA,NA,NA
"Compiano","Compiano","https://www.senato.it/w3/Biblioteca/catalogoDegliStatutiMedievali.nsf/de148d287da34e08c1256e4c002f1718/677d86a1d7d16302c1258ba9004ebb65?OpenDocument","Compiano I 1, I - Statuti dei comuni, sec. XV-XVI",NA,"Compiano","Compiano","Compiano I 1, I - Statuti dei comuni, sec. XV-XVI",NA,"Compiano",34011,"Compiano",1,NA,NA,NA,NA,NA
"Comum","Comum","https://www.senato.it/w3/Biblioteca/catalogoDegliStatutiMedievali.nsf/de148d287da34e08c1256e4c002f1718/77384a17e52a5422c1256f9a0054d742?OpenDocument","Como I 1, I - Statuti dei comuni, 1276-1288",1276,"Como","Como","Como I 1, I - Statuti dei comuni, 1276-1288",1276,"Como",13075,"Como",1,1276,NA,NA,NA,NA
"Conco","Conco","https://www.senato.it/w3/Biblioteca/catalogoDegliStatutiMedievali.nsf/de148d287da34e08c1256e4c002f1718/46b9e29e7a59ed1cc1256f9a0054de9d?OpenDocument","Conco I 1, I - Statuti dei comuni, 1773-1774",1773,"Conco","Conco","Conco I 1, I - Statuti dei comuni, 1773-1774",1773,"Conco",24033,"Conco",1,1773,NA,NA,NA,NA
"Concordia Sagittaria","Concordia Sagittaria","https://www.senato.it/w3/Biblioteca/catalogoDegliStatutiMedievali.nsf/de148d287da34e08c1256e4c002f1718/0b07f91e46935721c1256f9a0054dec2?OpenDocument","Concordia Sagittaria I 1, I - Statuti dei comuni, 1337-1369",1337,"Concordia Sagittaria","Concordia Sagittaria","Concordia Sagittaria I 1, I - Statuti dei comuni, 1337-1369",1337,"Concordia Sagittaria",27011,"Concordia Sagittaria",1,1337,NA,NA,NA,NA
"Concordia sulla Secchia","Concordia sulla Secchia","https://www.senato.it/w3/Biblioteca/catalogoDegliStatutiMedievali.nsf/de148d287da34e08c1256e4c002f1718/0f767493a5fbc614c1256f9a0054dfd8?OpenDocument","Concordia Sulla Secchia I 1, I - Statuti dei comuni, 1591-1641",1591,"Concordia sulla Secchia","Concordia sulla Secchia","Concordia Sulla Secchia I 1, I - Statuti dei comuni, 1591-1641",1591,"Concordia sulla Secchia",36010,"Concordia sulla Secchia",1,1591,NA,NA,NA,NA
"Condino","Condino","https://www.senato.it/w3/Biblioteca/catalogoDegliStatutiMedievali.nsf/de148d287da34e08c1256e4c002f1718/f5aae5357f490041c1256f9a0054dfe6?OpenDocument","Condino I 1, I - Statuti dei comuni, 1296-1343",1296,"Condino","Condino","Condino I 1, I - Statuti dei comuni, 1296-1343",1296,"Condino",22066,"Condino",1,1296,NA,NA,NA,NA
"Coneglanum","Coneglanum","https://www.senato.it/w3/Biblioteca/catalogoDegliStatutiMedievali.nsf/de148d287da34e08c1256e4c002f1718/c38e9bca4da0f3fac1256f9a0054dff4?OpenDocument","Conegliano I 1, I - Statuti dei comuni, 1381",1381,"Conegliano","Conegliano","Conegliano I 1, I - Statuti dei comuni, 1381",1381,"Conegliano",26021,"Conegliano",1,1381,NA,NA,NA,NA
"Conegliano","Conegliano","https://www.senato.it/w3/Biblioteca/catalogoDegliStatutiMedievali.nsf/de148d287da34e08c1256e4c002f1718/c38e9bca4da0f3fac1256f9a0054dff4?OpenDocument","Conegliano I 1, I - Statuti dei comuni, 1381",1381,"Conegliano","Conegliano","Conegliano I 1, I - Statuti dei comuni, 1381",1381,"Conegliano",26021,"Conegliano",1,1381,NA,NA,NA,NA
"Conexa","Conexa","https://www.senato.it/w3/Biblioteca/catalogoDegliStatutiMedievali.nsf/de148d287da34e08c1256e4c002f1718/92c77544d91dfe18c1256fa3005eeba3?OpenDocument","Leonessa I 1, I - Statuti dei comuni, 1299-1784",1299,"Leonessa","Leonessa","Leonessa I 1, I - Statuti dei comuni, 1299-1784",1299,"Leonessa",57033,"Leonessa",1,1299,NA,NA,NA,NA
"Connessa","Connessa","https://www.senato.it/w3/Biblioteca/catalogoDegliStatutiMedievali.nsf/de148d287da34e08c1256e4c002f1718/92c77544d91dfe18c1256fa3005eeba3?OpenDocument","Leonessa I 1, I - Statuti dei comuni, 1299-1784",1299,"Leonessa","Leonessa","Leonessa I 1, I - Statuti dei comuni, 1299-1784",1299,"Leonessa",57033,"Leonessa",1,1299,NA,NA,NA,NA
"Conselice","Conselice","https://www.senato.it/w3/Biblioteca/catalogoDegliStatutiMedievali.nsf/de148d287da34e08c1256e4c002f1718/3a81e54924c77337c1256f9a0054e0ea?OpenDocument","Conselice I 1, I - Statuti dei comuni, 1460-1572",1460,"Conselice","Conselice","Conselice I 1, I - Statuti dei comuni, 1460-1572",1460,"Conselice",39008,"Conselice",1,1460,NA,NA,NA,NA
"Conselve","Conselve","https://www.senato.it/w3/Biblioteca/catalogoDegliStatutiMedievali.nsf/de148d287da34e08c1256e4c002f1718/0bc35d1090687c2cc1256f9a0054e0ff?OpenDocument","Conselve I 1, I - Statuti dei comuni, 1458-1642",1458,"Conselve","Conselve","Conselve I 1, I - Statuti dei comuni, 1458-1642",1458,"Conselve",28034,"Conselve",1,1458,NA,NA,NA,NA
"Consylvae","Consylvae","https://www.senato.it/w3/Biblioteca/catalogoDegliStatutiMedievali.nsf/de148d287da34e08c1256e4c002f1718/0bc35d1090687c2cc1256f9a0054e0ff?OpenDocument","Conselve I 1, I - Statuti dei comuni, 1458-1642",1458,"Conselve","Conselve","Conselve I 1, I - Statuti dei comuni, 1458-1642",1458,"Conselve",28034,"Conselve",1,1458,NA,NA,NA,NA
"Contessa Entellina","Contessa Entellina","https://www.senato.it/w3/Biblioteca/catalogoDegliStatutiMedievali.nsf/de148d287da34e08c1256e4c002f1718/3330a9a1dcb79046c1256f9a0054e15a?OpenDocument","Contessa Entellina I 1, I - Statuti dei comuni, 1520",1520,"Contessa Entellina","Contessa Entellina","Contessa Entellina I 1, I - Statuti dei comuni, 1520",1520,"Contessa Entellina",82033,"Contessa Entellina",1,1520,NA,NA,NA,NA
"Cora","Cora","https://www.senato.it/w3/Biblioteca/catalogoDegliStatutiMedievali.nsf/de148d287da34e08c1256e4c002f1718/a791bbfb27a88fddc1256f9a0056dd17?OpenDocument","Cori I 1, I - Statuti dei comuni, 1604",1604,"Cori","Cori","Cori I 1, I - Statuti dei comuni, 1604",1604,"Cori",59006,"Cori",1,1604,NA,NA,NA,NA
"Corato","Corato","https://www.senato.it/w3/Biblioteca/catalogoDegliStatutiMedievali.nsf/de148d287da34e08c1256e4c002f1718/3116167e51071e30c1256f9a0054e1e2?OpenDocument","Corato I 1, I - Statuti dei comuni, 1492",1492,"Corato","Corato","Corato I 1, I - Statuti dei comuni, 1492",1492,"Corato",72020,"Corato",1,1492,NA,NA,NA,NA
"Cordevadum","Cordevadum","https://www.senato.it/w3/Biblioteca/catalogoDegliStatutiMedievali.nsf/de148d287da34e08c1256e4c002f1718/4f0bfa3208827fdfc1256f9a0056dc35?OpenDocument","Cordovado I 1, I - Statuti dei comuni, 1337-1369",1337,"Cordovado","Cordovado","Cordovado I 1, I - Statuti dei comuni, 1337-1369",1337,"Cordovado",93018,"Cordovado",1,1337,NA,NA,NA,NA
"Cordignano","Cordignano","https://www.senato.it/w3/Biblioteca/catalogoDegliStatutiMedievali.nsf/de148d287da34e08c1256e4c002f1718/668ec268827a2e59c1256f9a0056dc16?OpenDocument","Cordignano I 1, I - Statuti dei comuni, 1763",1763,"Cordignano","Cordignano","Cordignano I 1, I - Statuti dei comuni, 1763",1763,"Cordignano",26022,"Cordignano",1,1763,NA,NA,NA,NA
"Cordovado","Cordovado","https://www.senato.it/w3/Biblioteca/catalogoDegliStatutiMedievali.nsf/de148d287da34e08c1256e4c002f1718/4f0bfa3208827fdfc1256f9a0056dc35?OpenDocument","Cordovado I 1, I - Statuti dei comuni, 1337-1369",1337,"Cordovado","Cordovado","Cordovado I 1, I - Statuti dei comuni, 1337-1369",1337,"Cordovado",93018,"Cordovado",1,1337,NA,NA,NA,NA
"Cordovadum","Cordovadum","https://www.senato.it/w3/Biblioteca/catalogoDegliStatutiMedievali.nsf/de148d287da34e08c1256e4c002f1718/4f0bfa3208827fdfc1256f9a0056dc35?OpenDocument","Cordovado I 1, I - Statuti dei comuni, 1337-1369",1337,"Cordovado","Cordovado","Cordovado I 1, I - Statuti dei comuni, 1337-1369",1337,"Cordovado",93018,"Cordovado",1,1337,NA,NA,NA,NA
"Coreno Ausonio","Coreno Ausonio","https://www.senato.it/w3/Biblioteca/catalogoDegliStatutiMedievali.nsf/de148d287da34e08c1256e4c002f1718/aa2924289d4a30f0c1256f9a0056dcc5?OpenDocument","Coreno Ausonio I 1, I - Statuti dei comuni, 1482-1762",1482,"Coreno Ausonio","Coreno Ausonio","Coreno Ausonio I 1, I - Statuti dei comuni, 1482-1762",1482,"Coreno Ausonio",60030,"Coreno Ausonio",1,1482,NA,NA,NA,NA
"Cori","Cori","https://www.senato.it/w3/Biblioteca/catalogoDegliStatutiMedievali.nsf/de148d287da34e08c1256e4c002f1718/a791bbfb27a88fddc1256f9a0056dd17?OpenDocument","Cori I 1, I - Statuti dei comuni, 1604",1604,"Cori","Cori","Cori I 1, I - Statuti dei comuni, 1604",1604,"Cori",59006,"Cori",1,1604,NA,NA,NA,NA
"Corileo","Corileo","https://www.senato.it/w3/Biblioteca/catalogoDegliStatutiMedievali.nsf/de148d287da34e08c1256e4c002f1718/a38975e0fbea19c2c1256f9a0056de7d?OpenDocument","Corleone I 1, I - Statuti dei comuni, 1336",1336,"Corleone","Corleone","Corleone I 1, I - Statuti dei comuni, 1336",1336,"Corleone",82034,"Corleone",1,1336,NA,NA,NA,NA
"Corilio","Corilio","https://www.senato.it/w3/Biblioteca/catalogoDegliStatutiMedievali.nsf/de148d287da34e08c1256e4c002f1718/a38975e0fbea19c2c1256f9a0056de7d?OpenDocument","Corleone I 1, I - Statuti dei comuni, 1336",1336,"Corleone","Corleone","Corleone I 1, I - Statuti dei comuni, 1336",1336,"Corleone",82034,"Corleone",1,1336,NA,NA,NA,NA
"Corinaldo","Corinaldo","https://www.senato.it/w3/Biblioteca/catalogoDegliStatutiMedievali.nsf/de148d287da34e08c1256e4c002f1718/e205d36a9b05e5bfc1256f9a0056dded?OpenDocument","Corinaldo I 1, I - Statuti dei comuni, 1572-1573",1572,"Corinaldo","Corinaldo","Corinaldo I 1, I - Statuti dei comuni, 1572-1573",1572,"Corinaldo",42015,"Corinaldo",1,1572,NA,NA,NA,NA
"Corinaltum","Corinaltum","https://www.senato.it/w3/Biblioteca/catalogoDegliStatutiMedievali.nsf/de148d287da34e08c1256e4c002f1718/e205d36a9b05e5bfc1256f9a0056dded?OpenDocument","Corinaldo I 1, I - Statuti dei comuni, 1572-1573",1572,"Corinaldo","Corinaldo","Corinaldo I 1, I - Statuti dei comuni, 1572-1573",1572,"Corinaldo",42015,"Corinaldo",1,1572,NA,NA,NA,NA
"Corleone","Corleone","https://www.senato.it/w3/Biblioteca/catalogoDegliStatutiMedievali.nsf/de148d287da34e08c1256e4c002f1718/a38975e0fbea19c2c1256f9a0056de7d?OpenDocument","Corleone I 1, I - Statuti dei comuni, 1336",1336,"Corleone","Corleone","Corleone I 1, I - Statuti dei comuni, 1336",1336,"Corleone",82034,"Corleone",1,1336,NA,NA,NA,NA
"Corleto Monforte","Corleto Monforte","https://www.senato.it/w3/Biblioteca/catalogoDegliStatutiMedievali.nsf/de148d287da34e08c1256e4c002f1718/0827349d63ffb868c1256f9a0056df32?OpenDocument","Corleto Monforte I 1, I - Statuti dei comuni, 1172-1189",1172,"Corleto Monforte","Corleto Monforte","Corleto Monforte I 1, I - Statuti dei comuni, 1172-1189",1172,"Corleto Monforte",65048,"Corleto Monforte",1,1172,NA,NA,NA,NA
"Cormons","Cormons","https://www.senato.it/w3/Biblioteca/catalogoDegliStatutiMedievali.nsf/de148d287da34e08c1256e4c002f1718/e86ba0fc6288def1c1256f9a0056df60?OpenDocument","Cormons I 1, I - Statuti dei comuni, 1453-1720",1453,"Cormons","Cormons","Cormons I 1, I - Statuti dei comuni, 1453-1720",1453,"Cormons",31002,"Cormons",1,1453,NA,NA,NA,NA
"Cormonum","Cormonum","https://www.senato.it/w3/Biblioteca/catalogoDegliStatutiMedievali.nsf/de148d287da34e08c1256e4c002f1718/e86ba0fc6288def1c1256f9a0056df60?OpenDocument","Cormons I 1, I - Statuti dei comuni, 1453-1720",1453,"Cormons","Cormons","Cormons I 1, I - Statuti dei comuni, 1453-1720",1453,"Cormons",31002,"Cormons",1,1453,NA,NA,NA,NA
"Cormorinum","Cormorinum","https://www.senato.it/w3/Biblioteca/catalogoDegliStatutiMedievali.nsf/de148d287da34e08c1256e4c002f1718/d00f30f12cbf3a18c1256f9a0056e9b8?OpenDocument","Cremolino I 1, I - Statuti dei comuni, 1306-1483",1306,"Cremolino","Cremolino","Cremolino I 1, I - Statuti dei comuni, 1306-1483",1306,"Cremolino",6063,"Cremolino",1,1306,NA,NA,NA,NA
"Cornedo Vicentino","Cornedo Vicentino","https://www.senato.it/w3/Biblioteca/catalogoDegliStatutiMedievali.nsf/de148d287da34e08c1256e4c002f1718/da2201bf30c156e6c1256f9a0056df76?OpenDocument","Cornedo Vicentino I 1, I - Statuti dei comuni, 1796",1796,"Cornedo Vicentino","Cornedo Vicentino","Cornedo Vicentino I 1, I - Statuti dei comuni, 1796",1796,"Cornedo Vicentino",24034,"Cornedo Vicentino",1,1796,NA,NA,NA,NA
"Corneto","Corneto","https://www.senato.it/w3/Biblioteca/catalogoDegliStatutiMedievali.nsf/de148d287da34e08c1256e4c002f1718/0827349d63ffb868c1256f9a0056df32?OpenDocument","Corleto Monforte I 1, I - Statuti dei comuni, 1172-1189",1172,"Corleto Monforte","Corleto Monforte","Corleto Monforte I 1, I - Statuti dei comuni, 1172-1189",1172,"Corleto Monforte",65048,"Corleto Monforte",1,1172,NA,NA,NA,NA
"Corneto Tarquinia","Corneto Tarquinia","https://www.senato.it/w3/Biblioteca/catalogoDegliStatutiMedievali.nsf/de148d287da34e08c1256e4c002f1718/81f3990a037b04e1c1256f3b004d207e?OpenDocument","Tarquinia I 1, I - Statuti dei comuni, 1545",1545,"Tarquinia","Tarquinia","Tarquinia I 1, I - Statuti dei comuni, 1545",1545,"Tarquinia",56050,"Tarquinia",1,1545,NA,NA,NA,NA
"Cornetum","Cornetum","https://www.senato.it/w3/Biblioteca/catalogoDegliStatutiMedievali.nsf/de148d287da34e08c1256e4c002f1718/81f3990a037b04e1c1256f3b004d207e?OpenDocument","Tarquinia I 1, I - Statuti dei comuni, 1545",1545,"Tarquinia","Tarquinia","Tarquinia I 1, I - Statuti dei comuni, 1545",1545,"Tarquinia",56050,"Tarquinia",1,1545,NA,NA,NA,NA
"Corniglio","Corniglio","https://www.senato.it/w3/Biblioteca/catalogoDegliStatutiMedievali.nsf/de148d287da34e08c1256e4c002f1718/8527c5b053cffedbc1256f9a0056df88?OpenDocument","Corniglio I 1, I - Statuti dei comuni, 1353",1353,"Corniglio","Corniglio","Corniglio I 1, I - Statuti dei comuni, 1353",1353,"Corniglio",34012,"Corniglio",1,1353,NA,NA,NA,NA
"Cornilium","Cornilium","https://www.senato.it/w3/Biblioteca/catalogoDegliStatutiMedievali.nsf/de148d287da34e08c1256e4c002f1718/8527c5b053cffedbc1256f9a0056df88?OpenDocument","Corniglio I 1, I - Statuti dei comuni, 1353",1353,"Corniglio","Corniglio","Corniglio I 1, I - Statuti dei comuni, 1353",1353,"Corniglio",34012,"Corniglio",1,1353,NA,NA,NA,NA
"Cornitum","Cornitum","https://www.senato.it/w3/Biblioteca/catalogoDegliStatutiMedievali.nsf/de148d287da34e08c1256e4c002f1718/0827349d63ffb868c1256f9a0056df32?OpenDocument","Corleto Monforte I 1, I - Statuti dei comuni, 1172-1189",1172,"Corleto Monforte","Corleto Monforte","Corleto Monforte I 1, I - Statuti dei comuni, 1172-1189",1172,"Corleto Monforte",65048,"Corleto Monforte",1,1172,NA,NA,NA,NA
"Correggio","Correggio","https://www.senato.it/w3/Biblioteca/catalogoDegliStatutiMedievali.nsf/de148d287da34e08c1256e4c002f1718/070d29a84e37ac24c1256f9a0056dfd3?OpenDocument","Correggio I 1, I - Statuti dei comuni, 1519-1619",1519,"Correggio","Correggio","Correggio I 1, I - Statuti dei comuni, 1519-1619",1519,"Correggio",35020,"Correggio",1,1519,NA,NA,NA,NA
"Corridonia","Corridonia","https://www.senato.it/w3/Biblioteca/catalogoDegliStatutiMedievali.nsf/de148d287da34e08c1256e4c002f1718/9b0d67e565860cbcc1256f9a0056e1f2?OpenDocument","Corridonia I 1, I - Statuti dei comuni, 1219-1340",1219,"Corridonia","Corridonia","Corridonia I 1, I - Statuti dei comuni, 1219-1340",1219,"Corridonia",43015,"Corridonia",1,1219,NA,NA,NA,NA
"Corriggia","Corriggia","https://www.senato.it/w3/Biblioteca/catalogoDegliStatutiMedievali.nsf/de148d287da34e08c1256e4c002f1718/070d29a84e37ac24c1256f9a0056dfd3?OpenDocument","Correggio I 1, I - Statuti dei comuni, 1519-1619",1519,"Correggio","Correggio","Correggio I 1, I - Statuti dei comuni, 1519-1619",1519,"Correggio",35020,"Correggio",1,1519,NA,NA,NA,NA
"Corsena","Corsena","https://www.senato.it/w3/Biblioteca/catalogoDegliStatutiMedievali.nsf/de148d287da34e08c1256e4c002f1718/880bba53230c74d0c1256f9a004066a0?OpenDocument","Bagni Di Lucca I 1, I - Statuti dei comuni, 1612",1612,"Bagni di Lucca","Bagni di Lucca","Bagni Di Lucca I 1, I - Statuti dei comuni, 1612",1612,"Bagni di Lucca",46002,"Bagni di Lucca",1,1612,NA,NA,NA,NA
"Corsignano","Corsignano","https://www.senato.it/w3/Biblioteca/catalogoDegliStatutiMedievali.nsf/de148d287da34e08c1256e4c002f1718/66655ef2636aad50c1256fa400490bd4?OpenDocument","Pienza I 1, I - Statuti dei comuni, 1564",1564,"Pienza","Pienza","Pienza I 1, I - Statuti dei comuni, 1564",1564,"Pienza",52021,"Pienza",1,1564,NA,NA,NA,NA
"Cortanserum","Cortanserum","https://www.senato.it/w3/Biblioteca/catalogoDegliStatutiMedievali.nsf/de148d287da34e08c1256e4c002f1718/060a6e5173f7cccac1256f9a0056e3ba?OpenDocument","Cortanze I 1, I - Statuti dei comuni, 1357",1357,"Cortanze","Cortanze","Cortanze I 1, I - Statuti dei comuni, 1357",1357,"Cortanze",5046,"Cortanze",1,1357,NA,NA,NA,NA
"Cortanze","Cortanze","https://www.senato.it/w3/Biblioteca/catalogoDegliStatutiMedievali.nsf/de148d287da34e08c1256e4c002f1718/060a6e5173f7cccac1256f9a0056e3ba?OpenDocument","Cortanze I 1, I - Statuti dei comuni, 1357",1357,"Cortanze","Cortanze","Cortanze I 1, I - Statuti dei comuni, 1357",1357,"Cortanze",5046,"Cortanze",1,1357,NA,NA,NA,NA
"Cortona","Cortona","https://www.senato.it/w3/Biblioteca/catalogoDegliStatutiMedievali.nsf/de148d287da34e08c1256e4c002f1718/92543d4d1f55961bc1256f9a0056e4bc?OpenDocument","Cortona I 1, I - Statuti dei comuni, 1325",1325,"Cortona","Cortona","Cortona I 1, I - Statuti dei comuni, 1325",1325,"Cortona",51017,"Cortona",1,1325,NA,NA,NA,NA
"Corvaia (Seravezza)","Corvaia (Seravezza)","https://www.senato.it/w3/Biblioteca/catalogoDegliStatutiMedievali.nsf/de148d287da34e08c1256e4c002f1718/6bf11062079bb2aec1256f9a0056e4fd?OpenDocument","Corvaia I 1, I - Statuti dei comuni, 1484",1484,"Corvara","Corvara","Corvaia I 1, I - Statuti dei comuni, 1484",1484,"Corvara",68016,"Corvara",1,1484,NA,NA,NA,NA
"Corvara","Corvara","https://www.senato.it/w3/Biblioteca/catalogoDegliStatutiMedievali.nsf/de148d287da34e08c1256e4c002f1718/6bf11062079bb2aec1256f9a0056e4fd?OpenDocument","Corvaia I 1, I - Statuti dei comuni, 1484",1484,"Corvara","Corvara","Corvaia I 1, I - Statuti dei comuni, 1484",1484,"Corvara",68016,"Corvara",1,1484,NA,NA,NA,NA
"Cosenza","Cosenza","https://www.senato.it/w3/Biblioteca/catalogoDegliStatutiMedievali.nsf/de148d287da34e08c1256e4c002f1718/0f2f65cd68c75406c1256f9a0056e579?OpenDocument","Cosenza I 1, I - Statuti dei comuni, 1333-1557",1333,"Cosenza","Cosenza","Cosenza I 1, I - Statuti dei comuni, 1333-1557",1333,"Cosenza",78045,"Cosenza",1,1333,NA,NA,NA,NA
"Cosio Valtellino","Cosio Valtellino","https://www.senato.it/w3/Biblioteca/catalogoDegliStatutiMedievali.nsf/de148d287da34e08c1256e4c002f1718/38fcd8c5d2471968c1256f9a0056e5d3?OpenDocument","Cosio Valtellino I 1, I - Statuti dei comuni, 1613",1613,"Cosio Valtellino","Cosio Valtellino","Cosio Valtellino I 1, I - Statuti dei comuni, 1613",1613,"Cosio Valtellino",14024,"Cosio Valtellino",1,1613,NA,NA,NA,NA
"Costa de Curte de Bolpino","Costa de Curte de Bolpino","https://www.senato.it/w3/Biblioteca/catalogoDegliStatutiMedievali.nsf/de148d287da34e08c1256e4c002f1718/b245454027c3db5cc1256f9a0056e5e3?OpenDocument","Costa Volpino I 1, I - Statuti dei comuni, 1486-1595",1486,"Costa Volpino","Costa Volpino","Costa Volpino I 1, I - Statuti dei comuni, 1486-1595",1486,"Costa Volpino",16086,"Costa Volpino",1,1486,NA,NA,NA,NA
"Costa Volpino","Costa Volpino","https://www.senato.it/w3/Biblioteca/catalogoDegliStatutiMedievali.nsf/de148d287da34e08c1256e4c002f1718/b245454027c3db5cc1256f9a0056e5e3?OpenDocument","Costa Volpino I 1, I - Statuti dei comuni, 1486-1595",1486,"Costa Volpino","Costa Volpino","Costa Volpino I 1, I - Statuti dei comuni, 1486-1595",1486,"Costa Volpino",16086,"Costa Volpino",1,1486,NA,NA,NA,NA
"Cotignola","Cotignola","https://www.senato.it/w3/Biblioteca/catalogoDegliStatutiMedievali.nsf/de148d287da34e08c1256e4c002f1718/888c2a7c0878ab44c1256f9a0056e698?OpenDocument","Cotignola I 1, I - Statuti dei comuni, 1411",1411,"Cotignola","Cotignola","Cotignola I 1, I - Statuti dei comuni, 1411",1411,"Cotignola",39009,"Cotignola",1,1411,NA,NA,NA,NA
"Cotrone","Cotrone","https://www.senato.it/w3/Biblioteca/catalogoDegliStatutiMedievali.nsf/de148d287da34e08c1256e4c002f1718/d92edfc9beeba90ec1256f9a0056f06a?OpenDocument","Crotone I 1, I - Statuti dei comuni, 1491",1491,"Crotone","Crotone","Crotone I 1, I - Statuti dei comuni, 1491",1491,"Crotone",101010,"Crotone",1,1491,NA,NA,NA,NA
"Cottanello","Cottanello","https://www.senato.it/w3/Biblioteca/catalogoDegliStatutiMedievali.nsf/de148d287da34e08c1256e4c002f1718/8bab889a0914b79ec1256f9a0056e812?OpenDocument","Cottanello I 1, I - Statuti dei comuni, 1604",1604,"Cottanello","Cottanello","Cottanello I 1, I - Statuti dei comuni, 1604",1604,"Cottanello",57026,"Cottanello",1,1604,NA,NA,NA,NA
"Cottignola","Cottignola","https://www.senato.it/w3/Biblioteca/catalogoDegliStatutiMedievali.nsf/de148d287da34e08c1256e4c002f1718/888c2a7c0878ab44c1256f9a0056e698?OpenDocument","Cotignola I 1, I - Statuti dei comuni, 1411",1411,"Cotignola","Cotignola","Cotignola I 1, I - Statuti dei comuni, 1411",1411,"Cotignola",39009,"Cotignola",1,1411,NA,NA,NA,NA
"Craveggia","Craveggia","https://www.senato.it/w3/Biblioteca/catalogoDegliStatutiMedievali.nsf/de148d287da34e08c1256e4c002f1718/46166733dc0e9ecfc1256f9a0056e833?OpenDocument","Craveggia I 1, I - Statuti dei comuni, 1605-1703",1605,"Craveggia","Craveggia","Craveggia I 1, I - Statuti dei comuni, 1605-1703",1605,"Craveggia",103024,"Craveggia",1,1605,NA,NA,NA,NA
"Cravetia","Cravetia","https://www.senato.it/w3/Biblioteca/catalogoDegliStatutiMedievali.nsf/de148d287da34e08c1256e4c002f1718/46166733dc0e9ecfc1256f9a0056e833?OpenDocument","Craveggia I 1, I - Statuti dei comuni, 1605-1703",1605,"Craveggia","Craveggia","Craveggia I 1, I - Statuti dei comuni, 1605-1703",1605,"Craveggia",103024,"Craveggia",1,1605,NA,NA,NA,NA
"Creazzo","Creazzo","https://www.senato.it/w3/Biblioteca/catalogoDegliStatutiMedievali.nsf/de148d287da34e08c1256e4c002f1718/f3fcec1086792d89c1256f9a0056e849?OpenDocument","Creazzo I 1, I - Statuti dei comuni, 1544",1544,"Creazzo","Creazzo","Creazzo I 1, I - Statuti dei comuni, 1544",1544,"Creazzo",24036,"Creazzo",1,1544,NA,NA,NA,NA
"Credatium","Credatium","https://www.senato.it/w3/Biblioteca/catalogoDegliStatutiMedievali.nsf/de148d287da34e08c1256e4c002f1718/f3fcec1086792d89c1256f9a0056e849?OpenDocument","Creazzo I 1, I - Statuti dei comuni, 1544",1544,"Creazzo","Creazzo","Creazzo I 1, I - Statuti dei comuni, 1544",1544,"Creazzo",24036,"Creazzo",1,1544,NA,NA,NA,NA
"Crema","Crema","https://www.senato.it/w3/Biblioteca/catalogoDegliStatutiMedievali.nsf/de148d287da34e08c1256e4c002f1718/3daa9b44df221ac4c1256f9a0056e85a?OpenDocument","Crema I 1, I - Statuti dei comuni, 1417-1667",1417,"Crema","Crema","Crema I 1, I - Statuti dei comuni, 1417-1667",1417,"Crema",19035,"Crema",1,1417,NA,NA,NA,NA
"Cremella","Cremella","https://www.senato.it/w3/Biblioteca/catalogoDegliStatutiMedievali.nsf/de148d287da34e08c1256e4c002f1718/a734a4c3473397c0c1256f9a0056e9a4?OpenDocument","Cremella I 1, I - Statuti dei comuni, 1232-1262",1232,"Cremella","Cremella","Cremella I 1, I - Statuti dei comuni, 1232-1262",1232,"Cremella",97028,"Cremella",1,1232,NA,NA,NA,NA
"Cremma","Cremma","https://www.senato.it/w3/Biblioteca/catalogoDegliStatutiMedievali.nsf/de148d287da34e08c1256e4c002f1718/3daa9b44df221ac4c1256f9a0056e85a?OpenDocument","Crema I 1, I - Statuti dei comuni, 1417-1667",1417,"Crema","Crema","Crema I 1, I - Statuti dei comuni, 1417-1667",1417,"Crema",19035,"Crema",1,1417,NA,NA,NA,NA
"Cremolino","Cremolino","https://www.senato.it/w3/Biblioteca/catalogoDegliStatutiMedievali.nsf/de148d287da34e08c1256e4c002f1718/d00f30f12cbf3a18c1256f9a0056e9b8?OpenDocument","Cremolino I 1, I - Statuti dei comuni, 1306-1483",1306,"Cremolino","Cremolino","Cremolino I 1, I - Statuti dei comuni, 1306-1483",1306,"Cremolino",6063,"Cremolino",1,1306,NA,NA,NA,NA
"Cremolinum","Cremolinum","https://www.senato.it/w3/Biblioteca/catalogoDegliStatutiMedievali.nsf/de148d287da34e08c1256e4c002f1718/d00f30f12cbf3a18c1256f9a0056e9b8?OpenDocument","Cremolino I 1, I - Statuti dei comuni, 1306-1483",1306,"Cremolino","Cremolino","Cremolino I 1, I - Statuti dei comuni, 1306-1483",1306,"Cremolino",6063,"Cremolino",1,1306,NA,NA,NA,NA
"Cremona","Cremona","https://www.senato.it/w3/Biblioteca/catalogoDegliStatutiMedievali.nsf/de148d287da34e08c1256e4c002f1718/183424ca033511c9c1256f9a0056ea9c?OpenDocument","Cremona I 1, I - Statuti dei comuni, 1239-1244",1239,"Cremona","Cremona","Cremona I 1, I - Statuti dei comuni, 1239-1244",1239,"Cremona",19036,"Cremona",1,1239,NA,NA,NA,NA
"Crepacorium","Crepacorium","https://www.senato.it/w3/Biblioteca/catalogoDegliStatutiMedievali.nsf/de148d287da34e08c1256e4c002f1718/5b3539b3788f936cc1256f9a0056efbe?OpenDocument","Crevacuore I 1, I - Statuti dei comuni, 1582-1583",1582,"Crevacuore","Crevacuore","Crevacuore I 1, I - Statuti dei comuni, 1582-1583",1582,"Crevacuore",96021,"Crevacuore",1,1582,NA,NA,NA,NA
"Crescentino","Crescentino","https://www.senato.it/w3/Biblioteca/catalogoDegliStatutiMedievali.nsf/de148d287da34e08c1256e4c002f1718/9a84d4cd80239b51c1256f9a0056efad?OpenDocument","Crescentino I 1, I - Statuti dei comuni, 1242-1529",1242,"Crescentino","Crescentino","Crescentino I 1, I - Statuti dei comuni, 1242-1529",1242,"Crescentino",2049,"Crescentino",1,1242,NA,NA,NA,NA
"Crevacuore","Crevacuore","https://www.senato.it/w3/Biblioteca/catalogoDegliStatutiMedievali.nsf/de148d287da34e08c1256e4c002f1718/5b3539b3788f936cc1256f9a0056efbe?OpenDocument","Crevacuore I 1, I - Statuti dei comuni, 1582-1583",1582,"Crevacuore","Crevacuore","Crevacuore I 1, I - Statuti dei comuni, 1582-1583",1582,"Crevacuore",96021,"Crevacuore",1,1582,NA,NA,NA,NA
"Crevalcore","Crevalcore","https://www.senato.it/w3/Biblioteca/catalogoDegliStatutiMedievali.nsf/de148d287da34e08c1256e4c002f1718/d10dacf80e9113f9c1256f9a0056f021?OpenDocument","Crevalcore I 1, I - Statuti dei comuni, 1450",1450,"Crevalcore","Crevalcore","Crevalcore I 1, I - Statuti dei comuni, 1450",1450,"Crevalcore",37024,"Crevalcore",1,1450,NA,NA,NA,NA
"Crevalcorium","Crevalcorium","https://www.senato.it/w3/Biblioteca/catalogoDegliStatutiMedievali.nsf/de148d287da34e08c1256e4c002f1718/d10dacf80e9113f9c1256f9a0056f021?OpenDocument","Crevalcore I 1, I - Statuti dei comuni, 1450",1450,"Crevalcore","Crevalcore","Crevalcore I 1, I - Statuti dei comuni, 1450",1450,"Crevalcore",37024,"Crevalcore",1,1450,NA,NA,NA,NA
"Crotone","Crotone","https://www.senato.it/w3/Biblioteca/catalogoDegliStatutiMedievali.nsf/de148d287da34e08c1256e4c002f1718/d92edfc9beeba90ec1256f9a0056f06a?OpenDocument","Crotone I 1, I - Statuti dei comuni, 1491",1491,"Crotone","Crotone","Crotone I 1, I - Statuti dei comuni, 1491",1491,"Crotone",101010,"Crotone",1,1491,NA,NA,NA,NA
"Cumae","Cumae","https://www.senato.it/w3/Biblioteca/catalogoDegliStatutiMedievali.nsf/de148d287da34e08c1256e4c002f1718/77384a17e52a5422c1256f9a0054d742?OpenDocument","Como I 1, I - Statuti dei comuni, 1276-1288",1276,"Como","Como","Como I 1, I - Statuti dei comuni, 1276-1288",1276,"Como",13075,"Como",1,1276,NA,NA,NA,NA
"Cumiana","Cumiana","https://www.senato.it/w3/Biblioteca/catalogoDegliStatutiMedievali.nsf/de148d287da34e08c1256e4c002f1718/f3b2f1524a6de2b8c1256f9a0056f09c?OpenDocument","Cumiana I 1, I - Statuti dei comuni, 1429-1431",1429,"Cumiana","Cumiana","Cumiana I 1, I - Statuti dei comuni, 1429-1431",1429,"Cumiana",1097,"Cumiana",1,1429,NA,NA,NA,NA
"Cuneo","Cuneo","https://www.senato.it/w3/Biblioteca/catalogoDegliStatutiMedievali.nsf/de148d287da34e08c1256e4c002f1718/0e567900f6ba5df3c1256f9a0056f119?OpenDocument","Cuneo I 1, I - Statuti dei comuni, 1259-1306",1259,"Cuneo","Cuneo","Cuneo I 1, I - Statuti dei comuni, 1259-1306",1259,"Cuneo",4078,"Cuneo",1,1259,NA,NA,NA,NA
"Cuneum","Cuneum","https://www.senato.it/w3/Biblioteca/catalogoDegliStatutiMedievali.nsf/de148d287da34e08c1256e4c002f1718/0e567900f6ba5df3c1256f9a0056f119?OpenDocument","Cuneo I 1, I - Statuti dei comuni, 1259-1306",1259,"Cuneo","Cuneo","Cuneo I 1, I - Statuti dei comuni, 1259-1306",1259,"Cuneo",4078,"Cuneo",1,1259,NA,NA,NA,NA
"Curia Matarella","Curia Matarella","https://www.senato.it/w3/Biblioteca/catalogoDegliStatutiMedievali.nsf/de148d287da34e08c1256e4c002f1718/93906bf02cb69685c1256f9a0056f8cd?OpenDocument","Domodossola I 1, I - Statuti dei comuni, 1297",1297,"Domodossola","Domodossola","Domodossola I 1, I - Statuti dei comuni, 1297",1297,"Domodossola",103028,"Domodossola",1,1297,NA,NA,NA,NA
"Curtantia","Curtantia","https://www.senato.it/w3/Biblioteca/catalogoDegliStatutiMedievali.nsf/de148d287da34e08c1256e4c002f1718/060a6e5173f7cccac1256f9a0056e3ba?OpenDocument","Cortanze I 1, I - Statuti dei comuni, 1357",1357,"Cortanze","Cortanze","Cortanze I 1, I - Statuti dei comuni, 1357",1357,"Cortanze",5046,"Cortanze",1,1357,NA,NA,NA,NA
"Cusentia","Cusentia","https://www.senato.it/w3/Biblioteca/catalogoDegliStatutiMedievali.nsf/de148d287da34e08c1256e4c002f1718/0f2f65cd68c75406c1256f9a0056e579?OpenDocument","Cosenza I 1, I - Statuti dei comuni, 1333-1557",1333,"Cosenza","Cosenza","Cosenza I 1, I - Statuti dei comuni, 1333-1557",1333,"Cosenza",78045,"Cosenza",1,1333,NA,NA,NA,NA
"Cutignola","Cutignola","https://www.senato.it/w3/Biblioteca/catalogoDegliStatutiMedievali.nsf/de148d287da34e08c1256e4c002f1718/888c2a7c0878ab44c1256f9a0056e698?OpenDocument","Cotignola I 1, I - Statuti dei comuni, 1411",1411,"Cotignola","Cotignola","Cotignola I 1, I - Statuti dei comuni, 1411",1411,"Cotignola",39009,"Cotignola",1,1411,NA,NA,NA,NA
"Daone","Daone","https://www.senato.it/w3/Biblioteca/catalogoDegliStatutiMedievali.nsf/de148d287da34e08c1256e4c002f1718/b94e61fcd219b2aac1256f9a0056f557?OpenDocument","Daone I 1, I - Statuti dei comuni, 1307",1307,"Daone","Daone","Daone I 1, I - Statuti dei comuni, 1307",1307,"Daone",22072,"Daone",1,1307,NA,NA,NA,NA
"Delebio","Delebio","https://www.senato.it/w3/Biblioteca/catalogoDegliStatutiMedievali.nsf/de148d287da34e08c1256e4c002f1718/7da944c57c7c9641c1256f9a0056f59c?OpenDocument","Delebio I 1, I - Statuti dei comuni, 1204",1204,"Delebio","Delebio","Delebio I 1, I - Statuti dei comuni, 1204",1204,"Delebio",14026,"Delebio",1,1204,NA,NA,NA,NA
"Derthona","Derthona","https://www.senato.it/w3/Biblioteca/catalogoDegliStatutiMedievali.nsf/de148d287da34e08c1256e4c002f1718/e072254115dead11c1256f3b004d2c47?OpenDocument","Tortona I 1, I - Statuti dei comuni, 1327-1573",1327,"Tortona","Tortona","Tortona I 1, I - Statuti dei comuni, 1327-1573",1327,"Tortona",6174,"Tortona",1,1327,NA,NA,NA,NA
"Deruta","Deruta","https://www.senato.it/w3/Biblioteca/catalogoDegliStatutiMedievali.nsf/de148d287da34e08c1256e4c002f1718/3b4e61de2d993b50c1256f9a0056f5c9?OpenDocument","Deruta I 1, I - Statuti dei comuni, 1465",1465,"Deruta","Deruta","Deruta I 1, I - Statuti dei comuni, 1465",1465,"Deruta",54017,"Deruta",1,1465,NA,NA,NA,NA
"Dervio","Dervio","https://www.senato.it/w3/Biblioteca/catalogoDegliStatutiMedievali.nsf/de148d287da34e08c1256e4c002f1718/b098bc8218f53a70c1256f9a0056f5e1?OpenDocument","Dervio I 1, I - Statuti dei comuni, 1384-1452",1384,"Dervio","Dervio","Dervio I 1, I - Statuti dei comuni, 1384-1452",1384,"Dervio",97030,"Dervio",1,1384,NA,NA,NA,NA
"Dervium","Dervium","https://www.senato.it/w3/Biblioteca/catalogoDegliStatutiMedievali.nsf/de148d287da34e08c1256e4c002f1718/b098bc8218f53a70c1256f9a0056f5e1?OpenDocument","Dervio I 1, I - Statuti dei comuni, 1384-1452",1384,"Dervio","Dervio","Dervio I 1, I - Statuti dei comuni, 1384-1452",1384,"Dervio",97030,"Dervio",1,1384,NA,NA,NA,NA
"Desenzano del Garda","Desenzano del Garda","https://www.senato.it/w3/Biblioteca/catalogoDegliStatutiMedievali.nsf/de148d287da34e08c1256e4c002f1718/47d02ae84580f193c1256f9a0056f6ec?OpenDocument","Desenzano del Garda I 1, I - Statuti dei comuni, 1739-1743",1739,"Desenzano del Garda","Desenzano del Garda","Desenzano del Garda I 1, I - Statuti dei comuni, 1739-1743",1739,"Desenzano del Garda",17067,"Desenzano del Garda",1,1739,NA,NA,NA,NA
"Dianium","Dianium","https://www.senato.it/w3/Biblioteca/catalogoDegliStatutiMedievali.nsf/de148d287da34e08c1256e4c002f1718/ecea025b67fb8a05c1256f9a0056f6ff?OpenDocument","Diano I 1, I - Statuti dei comuni, 1172-1177",1172,"Diano Arentino","Diano Arentino","Diano I 1, I - Statuti dei comuni, 1172-1177",1172,"Diano Arentino",8025,"Diano Arentino",1,1172,NA,NA,NA,NA
"Dianium","Dianium","https://www.senato.it/w3/Biblioteca/catalogoDegliStatutiMedievali.nsf/de148d287da34e08c1256e4c002f1718/ecea025b67fb8a05c1256f9a0056f6ff?OpenDocument","Diano I 1, I - Statuti dei comuni, 1172-1177",1172,"Diano Castello","Diano Castello","Diano I 1, I - Statuti dei comuni, 1172-1177",1172,"Diano Arentino",8025,"Diano Arentino",1,1172,NA,NA,NA,NA
"Dianium","Dianium","https://www.senato.it/w3/Biblioteca/catalogoDegliStatutiMedievali.nsf/de148d287da34e08c1256e4c002f1718/ecea025b67fb8a05c1256f9a0056f6ff?OpenDocument","Diano I 1, I - Statuti dei comuni, 1172-1177",1172,"Diano Marina","Diano Marina","Diano I 1, I - Statuti dei comuni, 1172-1177",1172,"Diano Arentino",8025,"Diano Arentino",1,1172,NA,NA,NA,NA
"Dianium","Dianium","https://www.senato.it/w3/Biblioteca/catalogoDegliStatutiMedievali.nsf/de148d287da34e08c1256e4c002f1718/ecea025b67fb8a05c1256f9a0056f6ff?OpenDocument","Diano I 1, I - Statuti dei comuni, 1172-1177",1172,"Diano San Pietro","Diano San Pietro","Diano I 1, I - Statuti dei comuni, 1172-1177",1172,"Diano Arentino",8025,"Diano Arentino",1,1172,NA,NA,NA,NA
"Diano Arentino","Diano Arentino","https://www.senato.it/w3/Biblioteca/catalogoDegliStatutiMedievali.nsf/de148d287da34e08c1256e4c002f1718/ecea025b67fb8a05c1256f9a0056f6ff?OpenDocument","Diano I 1, I - Statuti dei comuni, 1172-1177",1172,"Diano Arentino","Diano Arentino","Diano I 1, I - Statuti dei comuni, 1172-1177",1172,"Diano Arentino",8025,"Diano Arentino",1,1172,NA,NA,NA,NA
"Diano Arentino","Diano Arentino","https://www.senato.it/w3/Biblioteca/catalogoDegliStatutiMedievali.nsf/de148d287da34e08c1256e4c002f1718/ecea025b67fb8a05c1256f9a0056f6ff?OpenDocument","Diano I 1, I - Statuti dei comuni, 1172-1177",1172,"Diano Castello","Diano Castello","Diano I 1, I - Statuti dei comuni, 1172-1177",1172,"Diano Arentino",8025,"Diano Arentino",1,1172,NA,NA,NA,NA
"Diano Arentino","Diano Arentino","https://www.senato.it/w3/Biblioteca/catalogoDegliStatutiMedievali.nsf/de148d287da34e08c1256e4c002f1718/ecea025b67fb8a05c1256f9a0056f6ff?OpenDocument","Diano I 1, I - Statuti dei comuni, 1172-1177",1172,"Diano Marina","Diano Marina","Diano I 1, I - Statuti dei comuni, 1172-1177",1172,"Diano Arentino",8025,"Diano Arentino",1,1172,NA,NA,NA,NA
"Diano Arentino","Diano Arentino","https://www.senato.it/w3/Biblioteca/catalogoDegliStatutiMedievali.nsf/de148d287da34e08c1256e4c002f1718/ecea025b67fb8a05c1256f9a0056f6ff?OpenDocument","Diano I 1, I - Statuti dei comuni, 1172-1177",1172,"Diano San Pietro","Diano San Pietro","Diano I 1, I - Statuti dei comuni, 1172-1177",1172,"Diano Arentino",8025,"Diano Arentino",1,1172,NA,NA,NA,NA
"Diano Castello","Diano Castello","https://www.senato.it/w3/Biblioteca/catalogoDegliStatutiMedievali.nsf/de148d287da34e08c1256e4c002f1718/ecea025b67fb8a05c1256f9a0056f6ff?OpenDocument","Diano I 1, I - Statuti dei comuni, 1172-1177",1172,"Diano Arentino","Diano Arentino","Diano I 1, I - Statuti dei comuni, 1172-1177",1172,"Diano Arentino",8025,"Diano Arentino",1,1172,NA,NA,NA,NA
"Diano Castello","Diano Castello","https://www.senato.it/w3/Biblioteca/catalogoDegliStatutiMedievali.nsf/de148d287da34e08c1256e4c002f1718/ecea025b67fb8a05c1256f9a0056f6ff?OpenDocument","Diano I 1, I - Statuti dei comuni, 1172-1177",1172,"Diano Castello","Diano Castello","Diano I 1, I - Statuti dei comuni, 1172-1177",1172,"Diano Arentino",8025,"Diano Arentino",1,1172,NA,NA,NA,NA
"Diano Castello","Diano Castello","https://www.senato.it/w3/Biblioteca/catalogoDegliStatutiMedievali.nsf/de148d287da34e08c1256e4c002f1718/ecea025b67fb8a05c1256f9a0056f6ff?OpenDocument","Diano I 1, I - Statuti dei comuni, 1172-1177",1172,"Diano Marina","Diano Marina","Diano I 1, I - Statuti dei comuni, 1172-1177",1172,"Diano Arentino",8025,"Diano Arentino",1,1172,NA,NA,NA,NA
"Diano Castello","Diano Castello","https://www.senato.it/w3/Biblioteca/catalogoDegliStatutiMedievali.nsf/de148d287da34e08c1256e4c002f1718/ecea025b67fb8a05c1256f9a0056f6ff?OpenDocument","Diano I 1, I - Statuti dei comuni, 1172-1177",1172,"Diano San Pietro","Diano San Pietro","Diano I 1, I - Statuti dei comuni, 1172-1177",1172,"Diano Arentino",8025,"Diano Arentino",1,1172,NA,NA,NA,NA
"Diano del Vallo","Diano del Vallo","https://www.senato.it/w3/Biblioteca/catalogoDegliStatutiMedievali.nsf/de148d287da34e08c1256e4c002f1718/7b25bc45b317a8fac1256f3b004d2176?OpenDocument","Teggiano I 1, I - Statuti dei comuni, sec. XVI-XVII",NA,"Teggiano","Teggiano","Teggiano I 1, I - Statuti dei comuni, sec. XVI-XVII",NA,"Teggiano",65146,"Teggiano",1,NA,NA,NA,NA,NA
"Diano Marina","Diano Marina","https://www.senato.it/w3/Biblioteca/catalogoDegliStatutiMedievali.nsf/de148d287da34e08c1256e4c002f1718/ecea025b67fb8a05c1256f9a0056f6ff?OpenDocument","Diano I 1, I - Statuti dei comuni, 1172-1177",1172,"Diano Arentino","Diano Arentino","Diano I 1, I - Statuti dei comuni, 1172-1177",1172,"Diano Arentino",8025,"Diano Arentino",1,1172,NA,NA,NA,NA
"Diano Marina","Diano Marina","https://www.senato.it/w3/Biblioteca/catalogoDegliStatutiMedievali.nsf/de148d287da34e08c1256e4c002f1718/ecea025b67fb8a05c1256f9a0056f6ff?OpenDocument","Diano I 1, I - Statuti dei comuni, 1172-1177",1172,"Diano Castello","Diano Castello","Diano I 1, I - Statuti dei comuni, 1172-1177",1172,"Diano Arentino",8025,"Diano Arentino",1,1172,NA,NA,NA,NA
"Diano Marina","Diano Marina","https://www.senato.it/w3/Biblioteca/catalogoDegliStatutiMedievali.nsf/de148d287da34e08c1256e4c002f1718/ecea025b67fb8a05c1256f9a0056f6ff?OpenDocument","Diano I 1, I - Statuti dei comuni, 1172-1177",1172,"Diano Marina","Diano Marina","Diano I 1, I - Statuti dei comuni, 1172-1177",1172,"Diano Arentino",8025,"Diano Arentino",1,1172,NA,NA,NA,NA
"Diano Marina","Diano Marina","https://www.senato.it/w3/Biblioteca/catalogoDegliStatutiMedievali.nsf/de148d287da34e08c1256e4c002f1718/ecea025b67fb8a05c1256f9a0056f6ff?OpenDocument","Diano I 1, I - Statuti dei comuni, 1172-1177",1172,"Diano San Pietro","Diano San Pietro","Diano I 1, I - Statuti dei comuni, 1172-1177",1172,"Diano Arentino",8025,"Diano Arentino",1,1172,NA,NA,NA,NA
"Diano San Pietro","Diano San Pietro","https://www.senato.it/w3/Biblioteca/catalogoDegliStatutiMedievali.nsf/de148d287da34e08c1256e4c002f1718/ecea025b67fb8a05c1256f9a0056f6ff?OpenDocument","Diano I 1, I - Statuti dei comuni, 1172-1177",1172,"Diano Arentino","Diano Arentino","Diano I 1, I - Statuti dei comuni, 1172-1177",1172,"Diano Arentino",8025,"Diano Arentino",1,1172,NA,NA,NA,NA
"Diano San Pietro","Diano San Pietro","https://www.senato.it/w3/Biblioteca/catalogoDegliStatutiMedievali.nsf/de148d287da34e08c1256e4c002f1718/ecea025b67fb8a05c1256f9a0056f6ff?OpenDocument","Diano I 1, I - Statuti dei comuni, 1172-1177",1172,"Diano Castello","Diano Castello","Diano I 1, I - Statuti dei comuni, 1172-1177",1172,"Diano Arentino",8025,"Diano Arentino",1,1172,NA,NA,NA,NA
"Diano San Pietro","Diano San Pietro","https://www.senato.it/w3/Biblioteca/catalogoDegliStatutiMedievali.nsf/de148d287da34e08c1256e4c002f1718/ecea025b67fb8a05c1256f9a0056f6ff?OpenDocument","Diano I 1, I - Statuti dei comuni, 1172-1177",1172,"Diano Marina","Diano Marina","Diano I 1, I - Statuti dei comuni, 1172-1177",1172,"Diano Arentino",8025,"Diano Arentino",1,1172,NA,NA,NA,NA
"Diano San Pietro","Diano San Pietro","https://www.senato.it/w3/Biblioteca/catalogoDegliStatutiMedievali.nsf/de148d287da34e08c1256e4c002f1718/ecea025b67fb8a05c1256f9a0056f6ff?OpenDocument","Diano I 1, I - Statuti dei comuni, 1172-1177",1172,"Diano San Pietro","Diano San Pietro","Diano I 1, I - Statuti dei comuni, 1172-1177",1172,"Diano Arentino",8025,"Diano Arentino",1,1172,NA,NA,NA,NA
"Diano (Valle)","Diano (Valle)","https://www.senato.it/w3/Biblioteca/catalogoDegliStatutiMedievali.nsf/de148d287da34e08c1256e4c002f1718/ecea025b67fb8a05c1256f9a0056f6ff?OpenDocument","Diano I 1, I - Statuti dei comuni, 1172-1177",1172,"Diano Arentino","Diano Arentino","Diano I 1, I - Statuti dei comuni, 1172-1177",1172,"Diano Arentino",8025,"Diano Arentino",1,1172,NA,NA,NA,NA
"Diano (Valle)","Diano (Valle)","https://www.senato.it/w3/Biblioteca/catalogoDegliStatutiMedievali.nsf/de148d287da34e08c1256e4c002f1718/ecea025b67fb8a05c1256f9a0056f6ff?OpenDocument","Diano I 1, I - Statuti dei comuni, 1172-1177",1172,"Diano Castello","Diano Castello","Diano I 1, I - Statuti dei comuni, 1172-1177",1172,"Diano Arentino",8025,"Diano Arentino",1,1172,NA,NA,NA,NA
"Diano (Valle)","Diano (Valle)","https://www.senato.it/w3/Biblioteca/catalogoDegliStatutiMedievali.nsf/de148d287da34e08c1256e4c002f1718/ecea025b67fb8a05c1256f9a0056f6ff?OpenDocument","Diano I 1, I - Statuti dei comuni, 1172-1177",1172,"Diano Marina","Diano Marina","Diano I 1, I - Statuti dei comuni, 1172-1177",1172,"Diano Arentino",8025,"Diano Arentino",1,1172,NA,NA,NA,NA
"Diano (Valle)","Diano (Valle)","https://www.senato.it/w3/Biblioteca/catalogoDegliStatutiMedievali.nsf/de148d287da34e08c1256e4c002f1718/ecea025b67fb8a05c1256f9a0056f6ff?OpenDocument","Diano I 1, I - Statuti dei comuni, 1172-1177",1172,"Diano San Pietro","Diano San Pietro","Diano I 1, I - Statuti dei comuni, 1172-1177",1172,"Diano Arentino",8025,"Diano Arentino",1,1172,NA,NA,NA,NA
"Dianum","Dianum","https://www.senato.it/w3/Biblioteca/catalogoDegliStatutiMedievali.nsf/de148d287da34e08c1256e4c002f1718/ecea025b67fb8a05c1256f9a0056f6ff?OpenDocument","Diano I 1, I - Statuti dei comuni, 1172-1177",1172,"Diano Arentino","Diano Arentino","Diano I 1, I - Statuti dei comuni, 1172-1177",1172,"Diano Arentino",8025,"Diano Arentino",1,1172,NA,NA,NA,NA
"Dianum","Dianum","https://www.senato.it/w3/Biblioteca/catalogoDegliStatutiMedievali.nsf/de148d287da34e08c1256e4c002f1718/ecea025b67fb8a05c1256f9a0056f6ff?OpenDocument","Diano I 1, I - Statuti dei comuni, 1172-1177",1172,"Diano Castello","Diano Castello","Diano I 1, I - Statuti dei comuni, 1172-1177",1172,"Diano Arentino",8025,"Diano Arentino",1,1172,NA,NA,NA,NA
"Dianum","Dianum","https://www.senato.it/w3/Biblioteca/catalogoDegliStatutiMedievali.nsf/de148d287da34e08c1256e4c002f1718/ecea025b67fb8a05c1256f9a0056f6ff?OpenDocument","Diano I 1, I - Statuti dei comuni, 1172-1177",1172,"Diano Marina","Diano Marina","Diano I 1, I - Statuti dei comuni, 1172-1177",1172,"Diano Arentino",8025,"Diano Arentino",1,1172,NA,NA,NA,NA
"Dianum","Dianum","https://www.senato.it/w3/Biblioteca/catalogoDegliStatutiMedievali.nsf/de148d287da34e08c1256e4c002f1718/ecea025b67fb8a05c1256f9a0056f6ff?OpenDocument","Diano I 1, I - Statuti dei comuni, 1172-1177",1172,"Diano San Pietro","Diano San Pietro","Diano I 1, I - Statuti dei comuni, 1172-1177",1172,"Diano Arentino",8025,"Diano Arentino",1,1172,NA,NA,NA,NA
"Dirutum","Dirutum","https://www.senato.it/w3/Biblioteca/catalogoDegliStatutiMedievali.nsf/de148d287da34e08c1256e4c002f1718/3b4e61de2d993b50c1256f9a0056f5c9?OpenDocument","Deruta I 1, I - Statuti dei comuni, 1465",1465,"Deruta","Deruta","Deruta I 1, I - Statuti dei comuni, 1465",1465,"Deruta",54017,"Deruta",1,1465,NA,NA,NA,NA
"Dolceacqua","Dolceacqua","https://www.senato.it/w3/Biblioteca/catalogoDegliStatutiMedievali.nsf/de148d287da34e08c1256e4c002f1718/7084bda62693fac9c1256f9a0056f8a9?OpenDocument","Dolceacqua I 1, I - Statuti dei comuni, 1523",1523,"Dolceacqua","Dolceacqua","Dolceacqua I 1, I - Statuti dei comuni, 1523",1523,"Dolceacqua",8029,"Dolceacqua",1,1523,NA,NA,NA,NA
"Domodossola","Domodossola","https://www.senato.it/w3/Biblioteca/catalogoDegliStatutiMedievali.nsf/de148d287da34e08c1256e4c002f1718/93906bf02cb69685c1256f9a0056f8cd?OpenDocument","Domodossola I 1, I - Statuti dei comuni, 1297",1297,"Domodossola","Domodossola","Domodossola I 1, I - Statuti dei comuni, 1297",1297,"Domodossola",103028,"Domodossola",1,1297,NA,NA,NA,NA
"Domus","Domus","https://www.senato.it/w3/Biblioteca/catalogoDegliStatutiMedievali.nsf/de148d287da34e08c1256e4c002f1718/93906bf02cb69685c1256f9a0056f8cd?OpenDocument","Domodossola I 1, I - Statuti dei comuni, 1297",1297,"Domodossola","Domodossola","Domodossola I 1, I - Statuti dei comuni, 1297",1297,"Domodossola",103028,"Domodossola",1,1297,NA,NA,NA,NA
"Domus Ossula","Domus Ossula","https://www.senato.it/w3/Biblioteca/catalogoDegliStatutiMedievali.nsf/de148d287da34e08c1256e4c002f1718/93906bf02cb69685c1256f9a0056f8cd?OpenDocument","Domodossola I 1, I - Statuti dei comuni, 1297",1297,"Domodossola","Domodossola","Domodossola I 1, I - Statuti dei comuni, 1297",1297,"Domodossola",103028,"Domodossola",1,1297,NA,NA,NA,NA
"Dovadola","Dovadola","https://www.senato.it/w3/Biblioteca/catalogoDegliStatutiMedievali.nsf/de148d287da34e08c1256e4c002f1718/e2787ef8b7a78d9cc1256f9a0056fc78?OpenDocument","Dovadola I 1, I - Statuti dei comuni, 1480",1480,"Dovadola","Dovadola","Dovadola I 1, I - Statuti dei comuni, 1480",1480,"Dovadola",40011,"Dovadola",1,1480,NA,NA,NA,NA
"Dozza","Dozza","https://www.senato.it/w3/Biblioteca/catalogoDegliStatutiMedievali.nsf/de148d287da34e08c1256e4c002f1718/45eb113a5887a911c1256f9a0056fdc2?OpenDocument","Dozza I 1, I - Statuti dei comuni, 1604",1604,"Dozza","Dozza","Dozza I 1, I - Statuti dei comuni, 1604",1604,"Dozza",37025,"Dozza",1,1604,NA,NA,NA,NA
"Dulcisaqua","Dulcisaqua","https://www.senato.it/w3/Biblioteca/catalogoDegliStatutiMedievali.nsf/de148d287da34e08c1256e4c002f1718/7084bda62693fac9c1256f9a0056f8a9?OpenDocument","Dolceacqua I 1, I - Statuti dei comuni, 1523",1523,"Dolceacqua","Dolceacqua","Dolceacqua I 1, I - Statuti dei comuni, 1523",1523,"Dolceacqua",8029,"Dolceacqua",1,1523,NA,NA,NA,NA
"Durantis","Durantis","https://www.senato.it/w3/Biblioteca/catalogoDegliStatutiMedievali.nsf/de148d287da34e08c1256e4c002f1718/57f5d6ec5f35564ac1256f3b004d397e?OpenDocument","Urbania I 1, I - Statuti dei comuni, 1595",1595,"Urbania","Urbania","Urbania I 1, I - Statuti dei comuni, 1595",1595,"Urbania",41066,"Urbania",1,1595,NA,NA,NA,NA
"Ecclesiae","Ecclesiae","https://www.senato.it/w3/Biblioteca/catalogoDegliStatutiMedievali.nsf/de148d287da34e08c1256e4c002f1718/24a0358d04657bbbc1256fa2005a518a?OpenDocument","Iglesias I 1, I - Statuti dei comuni, 1327-1684",1327,"Iglesias","Iglesias","Iglesias I 1, I - Statuti dei comuni, 1327-1684",1327,"Iglesias",107009,"Iglesias",1,1327,NA,NA,NA,NA
"Enna","Enna","https://www.senato.it/w3/Biblioteca/catalogoDegliStatutiMedievali.nsf/de148d287da34e08c1256e4c002f1718/5b5dd161ce0f2747c1256f9a0056fea1?OpenDocument","Enna I 1, I - Statuti dei comuni, 1392-1456",1392,"Enna","Enna","Enna I 1, I - Statuti dei comuni, 1392-1456",1392,"Enna",86009,"Enna",1,1392,NA,NA,NA,NA
"Eporedia","Eporedia","https://www.senato.it/w3/Biblioteca/catalogoDegliStatutiMedievali.nsf/de148d287da34e08c1256e4c002f1718/ba1a1b0456b6966dc1256fa2005a56bd?OpenDocument","Ivrea I 1, I - Statuti dei comuni, 1213-1229",1213,"Ivrea","Ivrea","Ivrea I 1, I - Statuti dei comuni, 1213-1229",1213,"Ivrea",1125,"Ivrea",1,1213,NA,NA,NA,NA
"Erice","Erice","https://www.senato.it/w3/Biblioteca/catalogoDegliStatutiMedievali.nsf/de148d287da34e08c1256e4c002f1718/22281e28ab54a501c1256f9a0056fee1?OpenDocument","Erice I 1, I - Statuti dei comuni, 1241",1241,"Erice","Erice","Erice I 1, I - Statuti dei comuni, 1241",1241,"Erice",81008,"Erice",1,1241,NA,NA,NA,NA
"Esanatoglia","Esanatoglia","https://www.senato.it/w3/Biblioteca/catalogoDegliStatutiMedievali.nsf/de148d287da34e08c1256e4c002f1718/3f786232cbb9a29bc1256f9a0056fef3?OpenDocument","Esanatoglia I 1, I - Statuti dei comuni, 1324-1328",1324,"Esanatoglia","Esanatoglia","Esanatoglia I 1, I - Statuti dei comuni, 1324-1328",1324,"Esanatoglia",43016,"Esanatoglia",1,1324,NA,NA,NA,NA
"Eseno","Eseno","https://www.senato.it/w3/Biblioteca/catalogoDegliStatutiMedievali.nsf/de148d287da34e08c1256e4c002f1718/997c0fce257e2242c1256f9a0056ff7c?OpenDocument","Esine I 1, I - Statuti dei comuni, 1596-1800",1596,"Esine","Esine","Esine I 1, I - Statuti dei comuni, 1596-1800",1596,"Esine",17070,"Esine",1,1596,NA,NA,NA,NA
"Esine","Esine","https://www.senato.it/w3/Biblioteca/catalogoDegliStatutiMedievali.nsf/de148d287da34e08c1256e4c002f1718/997c0fce257e2242c1256f9a0056ff7c?OpenDocument","Esine I 1, I - Statuti dei comuni, 1596-1800",1596,"Esine","Esine","Esine I 1, I - Statuti dei comuni, 1596-1800",1596,"Esine",17070,"Esine",1,1596,NA,NA,NA,NA
"Esium","Esium","https://www.senato.it/w3/Biblioteca/catalogoDegliStatutiMedievali.nsf/de148d287da34e08c1256e4c002f1718/d0e0e9857f6a98c7c1256fa2005a50eb?OpenDocument","Iesi I 1, I - Statuti dei comuni, 1499",1499,"Jesi","Jesi","Iesi I 1, I - Statuti dei comuni, 1499",1499,"Jesi",42021,"Jesi",1,1499,NA,NA,NA,NA
"Este","Este","https://www.senato.it/w3/Biblioteca/catalogoDegliStatutiMedievali.nsf/de148d287da34e08c1256e4c002f1718/2d4b1d7bfe91ecccc1256f9a0056ffb6?OpenDocument","Este I 1, I - Statuti dei comuni, 1318-1617",1318,"Este","Este","Este I 1, I - Statuti dei comuni, 1318-1617",1318,"Este",28037,"Este",1,1318,NA,NA,NA,NA
"Eugubium","Eugubium","https://www.senato.it/w3/Biblioteca/catalogoDegliStatutiMedievali.nsf/de148d287da34e08c1256e4c002f1718/fdc4a6a0497db419c1256fa2005a4f74?OpenDocument","Gubbio I 1, I - Statuti dei comuni, 1253-1287",1253,"Gubbio","Gubbio","Gubbio I 1, I - Statuti dei comuni, 1253-1287",1253,"Gubbio",54024,"Gubbio",1,1253,NA,NA,NA,NA
"Eumenia","Eumenia","https://www.senato.it/w3/Biblioteca/catalogoDegliStatutiMedievali.nsf/de148d287da34e08c1256e4c002f1718/24a004015f21547cc1256fa40048ce73?OpenDocument","Omegna I 1, I - Statuti dei comuni, 1384",1384,"Omegna","Omegna","Omegna I 1, I - Statuti dei comuni, 1384",1384,"Omegna",103050,"Omegna",1,1384,NA,NA,NA,NA
"Exium","Exium","https://www.senato.it/w3/Biblioteca/catalogoDegliStatutiMedievali.nsf/de148d287da34e08c1256e4c002f1718/d0e0e9857f6a98c7c1256fa2005a50eb?OpenDocument","Iesi I 1, I - Statuti dei comuni, 1499",1499,"Jesi","Jesi","Iesi I 1, I - Statuti dei comuni, 1499",1499,"Jesi",42021,"Jesi",1,1499,NA,NA,NA,NA
"Fabriano","Fabriano","https://www.senato.it/w3/Biblioteca/catalogoDegliStatutiMedievali.nsf/de148d287da34e08c1256e4c002f1718/fe58d13e88702154c1256fa3005c5767?OpenDocument","Fabriano I 1, I - Statuti dei comuni, 1211-1259",1211,"Fabriano","Fabriano","Fabriano I 1, I - Statuti dei comuni, 1211-1259",1211,"Fabriano",42017,"Fabriano",1,1211,NA,NA,NA,NA
"Fabrianum","Fabrianum","https://www.senato.it/w3/Biblioteca/catalogoDegliStatutiMedievali.nsf/de148d287da34e08c1256e4c002f1718/fe58d13e88702154c1256fa3005c5767?OpenDocument","Fabriano I 1, I - Statuti dei comuni, 1211-1259",1211,"Fabriano","Fabriano","Fabriano I 1, I - Statuti dei comuni, 1211-1259",1211,"Fabriano",42017,"Fabriano",1,1211,NA,NA,NA,NA
"Fabrica","Fabrica","https://www.senato.it/w3/Biblioteca/catalogoDegliStatutiMedievali.nsf/de148d287da34e08c1256e4c002f1718/e0ca5c2ee6a6c8e0c1256fa20059fc3c?OpenDocument","Favria I 1, I - Statuti dei comuni, 1472",1472,"Favria","Favria","Favria I 1, I - Statuti dei comuni, 1472",1472,"Favria",1101,"Favria",1,1472,NA,NA,NA,NA
"Faedis","Faedis","https://www.senato.it/w3/Biblioteca/catalogoDegliStatutiMedievali.nsf/de148d287da34e08c1256e4c002f1718/23bfea5518dbcc11c1256fa20059f565?OpenDocument","Faedis I 1, I - Statuti dei comuni, 1326",1326,"Faedis","Faedis","Faedis I 1, I - Statuti dei comuni, 1326",1326,"Faedis",30036,"Faedis",1,1326,NA,NA,NA,NA
"Faenza","Faenza","https://www.senato.it/w3/Biblioteca/catalogoDegliStatutiMedievali.nsf/de148d287da34e08c1256e4c002f1718/18983ad08195b9e3c1256fa20059f5c9?OpenDocument","Faenza I 1, I - Statuti dei comuni, 1410-1414",1410,"Faenza","Faenza","Faenza I 1, I - Statuti dei comuni, 1410-1414",1410,"Faenza",39010,"Faenza",1,1410,NA,NA,NA,NA
"Fagagna","Fagagna","https://www.senato.it/w3/Biblioteca/catalogoDegliStatutiMedievali.nsf/de148d287da34e08c1256e4c002f1718/c9adc4181f5ee3f5c1256fa20059f8de?OpenDocument","Fagagna I 1, I - Statuti dei comuni, 1698",1698,"Fagagna","Fagagna","Fagagna I 1, I - Statuti dei comuni, 1698",1698,"Fagagna",30037,"Fagagna",1,1698,NA,NA,NA,NA
"Faganea","Faganea","https://www.senato.it/w3/Biblioteca/catalogoDegliStatutiMedievali.nsf/de148d287da34e08c1256e4c002f1718/c9adc4181f5ee3f5c1256fa20059f8de?OpenDocument","Fagagna I 1, I - Statuti dei comuni, 1698",1698,"Fagagna","Fagagna","Fagagna I 1, I - Statuti dei comuni, 1698",1698,"Fagagna",30037,"Fagagna",1,1698,NA,NA,NA,NA
"Fagedis","Fagedis","https://www.senato.it/w3/Biblioteca/catalogoDegliStatutiMedievali.nsf/de148d287da34e08c1256e4c002f1718/23bfea5518dbcc11c1256fa20059f565?OpenDocument","Faedis I 1, I - Statuti dei comuni, 1326",1326,"Faedis","Faedis","Faedis I 1, I - Statuti dei comuni, 1326",1326,"Faedis",30036,"Faedis",1,1326,NA,NA,NA,NA
"Falerium","Falerium","https://www.senato.it/w3/Biblioteca/catalogoDegliStatutiMedievali.nsf/de148d287da34e08c1256e4c002f1718/af3e85a518f74724c1256f9a0054cc04?OpenDocument","Civita Castellana I 1, I - Statuti dei comuni, 1535",1535,"Civita Castellana","Civita Castellana","Civita Castellana I 1, I - Statuti dei comuni, 1535",1535,"Civita Castellana",56021,"Civita Castellana",1,1535,NA,NA,NA,NA
"Famulasca","Famulasca","https://www.senato.it/w3/Biblioteca/catalogoDegliStatutiMedievali.nsf/de148d287da34e08c1256e4c002f1718/5b49df277eaf866bc1256f9a0049202d?OpenDocument","Chiusa di Pesio I 1, I - Statuti dei comuni, 1347-1708",1347,"Chiusa di Pesio","Chiusa di Pesio","Chiusa di Pesio I 1, I - Statuti dei comuni, 1347-1708",1347,"Chiusa di Pesio",4068,"Chiusa di Pesio",1,1347,NA,NA,NA,NA
"Fanano","Fanano","https://www.senato.it/w3/Biblioteca/catalogoDegliStatutiMedievali.nsf/de148d287da34e08c1256e4c002f1718/940b3a2f12c5618ec1256fa20059f9e1?OpenDocument","Fanano I 1, I - Statuti dei comuni, 1578-1580",1578,"Fanano","Fanano","Fanano I 1, I - Statuti dei comuni, 1578-1580",1578,"Fanano",36011,"Fanano",1,1578,NA,NA,NA,NA
"Fano","Fano","https://www.senato.it/w3/Biblioteca/catalogoDegliStatutiMedievali.nsf/de148d287da34e08c1256e4c002f1718/773e682ce9e6e43fc1256fa20059f9ef?OpenDocument","Fano I 1, I - Statuti dei comuni, 1367-1463",1367,"Fano","Fano","Fano I 1, I - Statuti dei comuni, 1367-1463",1367,"Fano",41013,"Fano",1,1367,NA,NA,NA,NA
"Fanum","Fanum","https://www.senato.it/w3/Biblioteca/catalogoDegliStatutiMedievali.nsf/de148d287da34e08c1256e4c002f1718/773e682ce9e6e43fc1256fa20059f9ef?OpenDocument","Fano I 1, I - Statuti dei comuni, 1367-1463",1367,"Fano","Fano","Fano I 1, I - Statuti dei comuni, 1367-1463",1367,"Fano",41013,"Fano",1,1367,NA,NA,NA,NA
"Faria","Faria","https://www.senato.it/w3/Biblioteca/catalogoDegliStatutiMedievali.nsf/de148d287da34e08c1256e4c002f1718/c3d95a5e30b4f163c1256fa3005eee01?OpenDocument","Lesina I 1, I - Statuti dei comuni, 1331-1643",1331,"Lesina","Lesina","Lesina I 1, I - Statuti dei comuni, 1331-1643",1331,"Lesina",71027,"Lesina",1,1331,NA,NA,NA,NA
"Farnese","Farnese","https://www.senato.it/w3/Biblioteca/catalogoDegliStatutiMedievali.nsf/de148d287da34e08c1256e4c002f1718/dff87b85e21ac8a1c1256fa20059fb6d?OpenDocument","Farnese I 1, I - Statuti dei comuni, 1559-1679",1559,"Farnese","Farnese","Farnese I 1, I - Statuti dei comuni, 1559-1679",1559,"Farnese",56026,"Farnese",1,1559,NA,NA,NA,NA
"Faventia","Faventia","https://www.senato.it/w3/Biblioteca/catalogoDegliStatutiMedievali.nsf/de148d287da34e08c1256e4c002f1718/18983ad08195b9e3c1256fa20059f5c9?OpenDocument","Faenza I 1, I - Statuti dei comuni, 1410-1414",1410,"Faenza","Faenza","Faenza I 1, I - Statuti dei comuni, 1410-1414",1410,"Faenza",39010,"Faenza",1,1410,NA,NA,NA,NA
"Favignana","Favignana","https://www.senato.it/w3/Biblioteca/catalogoDegliStatutiMedievali.nsf/de148d287da34e08c1256e4c002f1718/90c62b0621cf75bdc1256fa20059fc22?OpenDocument","Favignana II2 1, II 2 - Confraternite",NA,"Favignana","Favignana","Favignana II2 1, II 2 - Confraternite",NA,"Favignana",81009,"Favignana",1,NA,NA,NA,NA,NA
"Favria","Favria","https://www.senato.it/w3/Biblioteca/catalogoDegliStatutiMedievali.nsf/de148d287da34e08c1256e4c002f1718/e0ca5c2ee6a6c8e0c1256fa20059fc3c?OpenDocument","Favria I 1, I - Statuti dei comuni, 1472",1472,"Favria","Favria","Favria I 1, I - Statuti dei comuni, 1472",1472,"Favria",1101,"Favria",1,1472,NA,NA,NA,NA
"Felectum","Felectum","https://www.senato.it/w3/Biblioteca/catalogoDegliStatutiMedievali.nsf/de148d287da34e08c1256e4c002f1718/d66a4fd263e78767c1256fa20059fc55?OpenDocument","Feletto I 1, I - Statuti dei comuni, 1455-1658",1455,"Feletto","Feletto","Feletto I 1, I - Statuti dei comuni, 1455-1658",1455,"Feletto",1102,"Feletto",1,1455,NA,NA,NA,NA
"Feletto","Feletto","https://www.senato.it/w3/Biblioteca/catalogoDegliStatutiMedievali.nsf/de148d287da34e08c1256e4c002f1718/d66a4fd263e78767c1256fa20059fc55?OpenDocument","Feletto I 1, I - Statuti dei comuni, 1455-1658",1455,"Feletto","Feletto","Feletto I 1, I - Statuti dei comuni, 1455-1658",1455,"Feletto",1102,"Feletto",1,1455,NA,NA,NA,NA
"Felletum","Felletum","https://www.senato.it/w3/Biblioteca/catalogoDegliStatutiMedievali.nsf/de148d287da34e08c1256e4c002f1718/d66a4fd263e78767c1256fa20059fc55?OpenDocument","Feletto I 1, I - Statuti dei comuni, 1455-1658",1455,"Feletto","Feletto","Feletto I 1, I - Statuti dei comuni, 1455-1658",1455,"Feletto",1102,"Feletto",1,1455,NA,NA,NA,NA
"Feltre","Feltre","https://www.senato.it/w3/Biblioteca/catalogoDegliStatutiMedievali.nsf/de148d287da34e08c1256e4c002f1718/65f7da0dc4daddb8c1256fa20059fc73?OpenDocument","Feltre I 1, I - Statuti dei comuni, sec. XV",NA,"Feltre","Feltre","Feltre I 1, I - Statuti dei comuni, sec. XV",NA,"Feltre",25021,"Feltre",1,NA,NA,NA,NA,NA
"Feltria","Feltria","https://www.senato.it/w3/Biblioteca/catalogoDegliStatutiMedievali.nsf/de148d287da34e08c1256e4c002f1718/65f7da0dc4daddb8c1256fa20059fc73?OpenDocument","Feltre I 1, I - Statuti dei comuni, sec. XV",NA,"Feltre","Feltre","Feltre I 1, I - Statuti dei comuni, sec. XV",NA,"Feltre",25021,"Feltre",1,NA,NA,NA,NA,NA
"Ferentillo","Ferentillo","https://www.senato.it/w3/Biblioteca/catalogoDegliStatutiMedievali.nsf/de148d287da34e08c1256e4c002f1718/4a5c1cebe62aadd3c1256fa20059fd19?OpenDocument","Ferentillo I 1, I - Statuti dei comuni, 1792",1792,"Ferentillo","Ferentillo","Ferentillo I 1, I - Statuti dei comuni, 1792",1792,"Ferentillo",55012,"Ferentillo",1,1792,NA,NA,NA,NA
"Ferentino","Ferentino","https://www.senato.it/w3/Biblioteca/catalogoDegliStatutiMedievali.nsf/de148d287da34e08c1256e4c002f1718/20644371e4a397b4c1256fa20059fd2c?OpenDocument","Ferentino I 1, I - Statuti dei comuni, sec. XIII-1791",1791,"Ferentino","Ferentino","Ferentino I 1, I - Statuti dei comuni, sec. XIII-1791",1791,"Ferentino",60033,"Ferentino",1,1791,NA,NA,NA,NA
"Ferentinum","Ferentinum","https://www.senato.it/w3/Biblioteca/catalogoDegliStatutiMedievali.nsf/de148d287da34e08c1256e4c002f1718/20644371e4a397b4c1256fa20059fd2c?OpenDocument","Ferentino I 1, I - Statuti dei comuni, sec. XIII-1791",1791,"Ferentino","Ferentino","Ferentino I 1, I - Statuti dei comuni, sec. XIII-1791",1791,"Ferentino",60033,"Ferentino",1,1791,NA,NA,NA,NA
"Fermo","Fermo","https://www.senato.it/w3/Biblioteca/catalogoDegliStatutiMedievali.nsf/de148d287da34e08c1256e4c002f1718/fd5692f9a24f19b1c1256fa20059fde1?OpenDocument","Fermo I 1, I - Statuti dei comuni, 1177-1746",1177,"Fermo","Fermo","Fermo I 1, I - Statuti dei comuni, 1177-1746",1177,"Fermo",109006,"Fermo",1,1177,NA,NA,NA,NA
"Ferrandina","Ferrandina","https://www.senato.it/w3/Biblioteca/catalogoDegliStatutiMedievali.nsf/de148d287da34e08c1256e4c002f1718/3277cc1e81dae492c1256fa20059ff10?OpenDocument","Ferrandina I 1, I - Statuti dei comuni, 1768",1768,"Ferrandina","Ferrandina","Ferrandina I 1, I - Statuti dei comuni, 1768",1768,"Ferrandina",77008,"Ferrandina",1,1768,NA,NA,NA,NA
"Ferrara","Ferrara","https://www.senato.it/w3/Biblioteca/catalogoDegliStatutiMedievali.nsf/de148d287da34e08c1256e4c002f1718/39a123711700f382c1256fa20059ff59?OpenDocument","Ferrara I 1, I - Statuti dei comuni, 1164-1195",1164,"Ferrara","Ferrara","Ferrara I 1, I - Statuti dei comuni, 1164-1195",1164,"Ferrara",38008,"Ferrara",1,1164,NA,NA,NA,NA
"Ferraria","Ferraria","https://www.senato.it/w3/Biblioteca/catalogoDegliStatutiMedievali.nsf/de148d287da34e08c1256e4c002f1718/39a123711700f382c1256fa20059ff59?OpenDocument","Ferrara I 1, I - Statuti dei comuni, 1164-1195",1164,"Ferrara","Ferrara","Ferrara I 1, I - Statuti dei comuni, 1164-1195",1164,"Ferrara",38008,"Ferrara",1,1164,NA,NA,NA,NA
"Fiano Romano","Fiano Romano","https://www.senato.it/w3/Biblioteca/catalogoDegliStatutiMedievali.nsf/de148d287da34e08c1256e4c002f1718/f9d415f8ee150ee8c1256fa2005a0599?OpenDocument","Fiano Romano I 1, I - Statuti dei comuni, 1468-1744",1468,"Fiano Romano","Fiano Romano","Fiano Romano I 1, I - Statuti dei comuni, 1468-1744",1468,"Fiano Romano",58036,"Fiano Romano",1,1468,NA,NA,NA,NA
"Fiastra","Fiastra","https://www.senato.it/w3/Biblioteca/catalogoDegliStatutiMedievali.nsf/de148d287da34e08c1256e4c002f1718/23e98475b4e45348c1256fa2005a05bd?OpenDocument","Fiastra I 1, I - Statuti dei comuni, 1523-1546",1523,"Fiastra","Fiastra","Fiastra I 1, I - Statuti dei comuni, 1523-1546",1523,"Fiastra",43017,"Fiastra",1,1523,NA,NA,NA,NA
"Fidenza","Fidenza","https://www.senato.it/w3/Biblioteca/catalogoDegliStatutiMedievali.nsf/de148d287da34e08c1256e4c002f1718/3161e5639a264114c1256fa2005a0652?OpenDocument","Fidenza I 1, I - Statuti dei comuni, 1391-1425",1391,"Fidenza","Fidenza","Fidenza I 1, I - Statuti dei comuni, 1391-1425",1391,"Fidenza",34014,"Fidenza",1,1391,NA,NA,NA,NA
"Filettino","Filettino","https://www.senato.it/w3/Biblioteca/catalogoDegliStatutiMedievali.nsf/de148d287da34e08c1256e4c002f1718/e55032d736fedad7c1256fa2005a0705?OpenDocument","Filettino I 1, I - Statuti dei comuni, 1604",1604,"Filettino","Filettino","Filettino I 1, I - Statuti dei comuni, 1604",1604,"Filettino",60034,"Filettino",1,1604,NA,NA,NA,NA
"Filottrano","Filottrano","https://www.senato.it/w3/Biblioteca/catalogoDegliStatutiMedievali.nsf/de148d287da34e08c1256e4c002f1718/681c6b44061f28abc1256fa2005a0766?OpenDocument","Filottrano I 1, I - Statuti dei comuni, 1460-1530",1460,"Filottrano","Filottrano","Filottrano I 1, I - Statuti dei comuni, 1460-1530",1460,"Filottrano",42019,"Filottrano",1,1460,NA,NA,NA,NA
"Finale Ligure","Finale Ligure","https://www.senato.it/w3/Biblioteca/catalogoDegliStatutiMedievali.nsf/de148d287da34e08c1256e4c002f1718/772f7b595577a88fc1256fa2005a07bc?OpenDocument","Finale Ligure I 1, I - Statuti dei comuni, 1311-1636",1311,"Finale Ligure","Finale Ligure","Finale Ligure I 1, I - Statuti dei comuni, 1311-1636",1311,"Finale Ligure",9029,"Finale Ligure",1,1311,NA,NA,NA,NA
"Finarium","Finarium","https://www.senato.it/w3/Biblioteca/catalogoDegliStatutiMedievali.nsf/de148d287da34e08c1256e4c002f1718/772f7b595577a88fc1256fa2005a07bc?OpenDocument","Finale Ligure I 1, I - Statuti dei comuni, 1311-1636",1311,"Finale Ligure","Finale Ligure","Finale Ligure I 1, I - Statuti dei comuni, 1311-1636",1311,"Finale Ligure",9029,"Finale Ligure",1,1311,NA,NA,NA,NA
"Firenze","Firenze","https://www.senato.it/w3/Biblioteca/catalogoDegliStatutiMedievali.nsf/de148d287da34e08c1256e4c002f1718/5330aeb36fdf21dac1256fa2005a0865?OpenDocument","Firenze I 1, I - Statuti dei comuni, 1180-1737",1180,"Firenze","Firenze","Firenze I 1, I - Statuti dei comuni, 1180-1737",1180,"Firenze",48017,"Firenze",1,1180,NA,NA,NA,NA
"Firmum","Firmum","https://www.senato.it/w3/Biblioteca/catalogoDegliStatutiMedievali.nsf/de148d287da34e08c1256e4c002f1718/fd5692f9a24f19b1c1256fa20059fde1?OpenDocument","Fermo I 1, I - Statuti dei comuni, 1177-1746",1177,"Fermo","Fermo","Fermo I 1, I - Statuti dei comuni, 1177-1746",1177,"Fermo",109006,"Fermo",1,1177,NA,NA,NA,NA
"Fiuggi","Fiuggi","https://www.senato.it/w3/Biblioteca/catalogoDegliStatutiMedievali.nsf/de148d287da34e08c1256e4c002f1718/f561b6d201ec92f6c1256fa2005a1d42?OpenDocument","Fiuggi I 1, I - Statuti dei comuni, 1421",1421,"Fiuggi","Fiuggi","Fiuggi I 1, I - Statuti dei comuni, 1421",1421,"Fiuggi",60035,"Fiuggi",1,1421,NA,NA,NA,NA
"Fiumalbo","Fiumalbo","https://www.senato.it/w3/Biblioteca/catalogoDegliStatutiMedievali.nsf/de148d287da34e08c1256e4c002f1718/49dfbd88f0ef7a0fc1256fa2005a1e3d?OpenDocument","Fiumalbo I 1, I - Statuti dei comuni",NA,"Fiumalbo","Fiumalbo","Fiumalbo I 1, I - Statuti dei comuni",NA,"Fiumalbo",36014,"Fiumalbo",1,NA,NA,NA,NA,NA
"Fivizzano","Fivizzano","https://www.senato.it/w3/Biblioteca/catalogoDegliStatutiMedievali.nsf/de148d287da34e08c1256e4c002f1718/ed65337e45a58fc9c1256fa2005a1e79?OpenDocument","Fivizzano I 1, I - Statuti dei comuni, 1480-1581",1480,"Fivizzano","Fivizzano","Fivizzano I 1, I - Statuti dei comuni, 1480-1581",1480,"Fivizzano",45007,"Fivizzano",1,1480,NA,NA,NA,NA
"Flastra","Flastra","https://www.senato.it/w3/Biblioteca/catalogoDegliStatutiMedievali.nsf/de148d287da34e08c1256e4c002f1718/23e98475b4e45348c1256fa2005a05bd?OpenDocument","Fiastra I 1, I - Statuti dei comuni, 1523-1546",1523,"Fiastra","Fiastra","Fiastra I 1, I - Statuti dei comuni, 1523-1546",1523,"Fiastra",43017,"Fiastra",1,1523,NA,NA,NA,NA
"Flavianum","Flavianum","https://www.senato.it/w3/Biblioteca/catalogoDegliStatutiMedievali.nsf/de148d287da34e08c1256e4c002f1718/f9d415f8ee150ee8c1256fa2005a0599?OpenDocument","Fiano Romano I 1, I - Statuti dei comuni, 1468-1744",1468,"Fiano Romano","Fiano Romano","Fiano Romano I 1, I - Statuti dei comuni, 1468-1744",1468,"Fiano Romano",58036,"Fiano Romano",1,1468,NA,NA,NA,NA
"Florentia","Florentia","https://www.senato.it/w3/Biblioteca/catalogoDegliStatutiMedievali.nsf/de148d287da34e08c1256e4c002f1718/5330aeb36fdf21dac1256fa2005a0865?OpenDocument","Firenze I 1, I - Statuti dei comuni, 1180-1737",1180,"Firenze","Firenze","Firenze I 1, I - Statuti dei comuni, 1180-1737",1180,"Firenze",48017,"Firenze",1,1180,NA,NA,NA,NA
"Foggia","Foggia","https://www.senato.it/w3/Biblioteca/catalogoDegliStatutiMedievali.nsf/de148d287da34e08c1256e4c002f1718/e6a678888aa2cb41c1256fa2005a1efd?OpenDocument","Foggia I 1, I - Statuti dei comuni, 1747",1747,"Foggia","Foggia","Foggia I 1, I - Statuti dei comuni, 1747",1747,"Foggia",71024,"Foggia",1,1747,NA,NA,NA,NA
"Foglitium","Foglitium","https://www.senato.it/w3/Biblioteca/catalogoDegliStatutiMedievali.nsf/de148d287da34e08c1256e4c002f1718/f109c994742b66c4c1256fa3005c5f9d?OpenDocument","Foglizzo I 1, I - Statuti dei comuni, 1387-1589",1387,"Foglizzo","Foglizzo","Foglizzo I 1, I - Statuti dei comuni, 1387-1589",1387,"Foglizzo",1106,"Foglizzo",1,1387,NA,NA,NA,NA
"Foglizzo","Foglizzo","https://www.senato.it/w3/Biblioteca/catalogoDegliStatutiMedievali.nsf/de148d287da34e08c1256e4c002f1718/f109c994742b66c4c1256fa3005c5f9d?OpenDocument","Foglizzo I 1, I - Statuti dei comuni, 1387-1589",1387,"Foglizzo","Foglizzo","Foglizzo I 1, I - Statuti dei comuni, 1387-1589",1387,"Foglizzo",1106,"Foglizzo",1,1387,NA,NA,NA,NA
"Foiano della Chiana","Foiano della Chiana","https://www.senato.it/w3/Biblioteca/catalogoDegliStatutiMedievali.nsf/de148d287da34e08c1256e4c002f1718/a80087ce5ddf8e09c1256fa2005a1f39?OpenDocument","Foiano della Chiana I 1, I - Statuti dei comuni, 1383",1383,"Foiano della Chiana","Foiano della Chiana","Foiano della Chiana I 1, I - Statuti dei comuni, 1383",1383,"Foiano della Chiana",51018,"Foiano della Chiana",1,1383,NA,NA,NA,NA
"Foligno","Foligno","https://www.senato.it/w3/Biblioteca/catalogoDegliStatutiMedievali.nsf/de148d287da34e08c1256e4c002f1718/8d7391112d3a950ac1256fa2005a1fac?OpenDocument","Foligno I 1, I - Statuti dei comuni, 1311-1567",1311,"Foligno","Foligno","Foligno I 1, I - Statuti dei comuni, 1311-1567",1311,"Foligno",54018,"Foligno",1,1311,NA,NA,NA,NA
"Folitium","Folitium","https://www.senato.it/w3/Biblioteca/catalogoDegliStatutiMedievali.nsf/de148d287da34e08c1256e4c002f1718/f109c994742b66c4c1256fa3005c5f9d?OpenDocument","Foglizzo I 1, I - Statuti dei comuni, 1387-1589",1387,"Foglizzo","Foglizzo","Foglizzo I 1, I - Statuti dei comuni, 1387-1589",1387,"Foglizzo",1106,"Foglizzo",1,1387,NA,NA,NA,NA
"Follicium","Follicium","https://www.senato.it/w3/Biblioteca/catalogoDegliStatutiMedievali.nsf/de148d287da34e08c1256e4c002f1718/f109c994742b66c4c1256fa3005c5f9d?OpenDocument","Foglizzo I 1, I - Statuti dei comuni, 1387-1589",1387,"Foglizzo","Foglizzo","Foglizzo I 1, I - Statuti dei comuni, 1387-1589",1387,"Foglizzo",1106,"Foglizzo",1,1387,NA,NA,NA,NA
"Fondi","Fondi","https://www.senato.it/w3/Biblioteca/catalogoDegliStatutiMedievali.nsf/de148d287da34e08c1256e4c002f1718/b645f8ed07f742c8c1256fa2005a20d8?OpenDocument","Fondi I 1, I - Statuti dei comuni, 1474-1539",1474,"Fondi","Fondi","Fondi I 1, I - Statuti dei comuni, 1474-1539",1474,"Fondi",59007,"Fondi",1,1474,NA,NA,NA,NA
"Fontana","Fontana","https://www.senato.it/w3/Biblioteca/catalogoDegliStatutiMedievali.nsf/de148d287da34e08c1256e4c002f1718/7c77ab993e6a2bf2c1256fa2005a223b?OpenDocument","Fontanelice I 1, I - Statuti dei comuni, 1735",1735,"Fontanelice","Fontanelice","Fontanelice I 1, I - Statuti dei comuni, 1735",1735,"Fontanelice",37026,"Fontanelice",1,1735,NA,NA,NA,NA
"Fontanelice","Fontanelice","https://www.senato.it/w3/Biblioteca/catalogoDegliStatutiMedievali.nsf/de148d287da34e08c1256e4c002f1718/7c77ab993e6a2bf2c1256fa2005a223b?OpenDocument","Fontanelice I 1, I - Statuti dei comuni, 1735",1735,"Fontanelice","Fontanelice","Fontanelice I 1, I - Statuti dei comuni, 1735",1735,"Fontanelice",37026,"Fontanelice",1,1735,NA,NA,NA,NA
"Forlimpopoli","Forlimpopoli","https://www.senato.it/w3/Biblioteca/catalogoDegliStatutiMedievali.nsf/de148d287da34e08c1256e4c002f1718/a4e45d1c0a55985ac1256fa3005c6002?OpenDocument","Forlimpopoli I 1, I - Statuti dei comuni, 1443-1536",1443,"Forlimpopoli","Forlimpopoli","Forlimpopoli I 1, I - Statuti dei comuni, 1443-1536",1443,"Forlimpopoli",40013,"Forlimpopoli",1,1443,NA,NA,NA,NA
"Formatia","Formatia","https://www.senato.it/w3/Biblioteca/catalogoDegliStatutiMedievali.nsf/de148d287da34e08c1256e4c002f1718/6614d6583cc16ceec1256fa2005a240b?OpenDocument","Formazza I 1, I - Statuti dei comuni, 1486-1759",1486,"Formazza","Formazza","Formazza I 1, I - Statuti dei comuni, 1486-1759",1486,"Formazza",103031,"Formazza",1,1486,NA,NA,NA,NA
"Formazza","Formazza","https://www.senato.it/w3/Biblioteca/catalogoDegliStatutiMedievali.nsf/de148d287da34e08c1256e4c002f1718/6614d6583cc16ceec1256fa2005a240b?OpenDocument","Formazza I 1, I - Statuti dei comuni, 1486-1759",1486,"Formazza","Formazza","Formazza I 1, I - Statuti dei comuni, 1486-1759",1486,"Formazza",103031,"Formazza",1,1486,NA,NA,NA,NA
"Formello","Formello","https://www.senato.it/w3/Biblioteca/catalogoDegliStatutiMedievali.nsf/de148d287da34e08c1256e4c002f1718/9ceb18aad26f20c9c1256fa2005a2435?OpenDocument","Formello I 1, I - Statuti dei comuni, 1728",1728,"Formello","Formello","Formello I 1, I - Statuti dei comuni, 1728",1728,"Formello",58038,"Formello",1,1728,NA,NA,NA,NA
"Forojulium","Forojulium","https://www.senato.it/w3/Biblioteca/catalogoDegliStatutiMedievali.nsf/de148d287da34e08c1256e4c002f1718/88f12a091761a150c1257089002d8580?OpenDocument","Cividale del Friuli I 1 1, I - Statuti dei comuni, 1176-1343",1176,"Cividale del Friuli","Cividale del Friuli","Cividale del Friuli I 1 1, I - Statuti dei comuni, 1176-1343",1176,"Cividale del Friuli",30026,"Cividale del Friuli",1,1176,NA,NA,NA,NA
"Fortinopolis","Fortinopolis","https://www.senato.it/w3/Biblioteca/catalogoDegliStatutiMedievali.nsf/de148d287da34e08c1256e4c002f1718/eaf1a0fc31a64133c1256fa30060238b?OpenDocument","Montefortino I 1, I - Statuti dei comuni, 1565-1746",1565,"Montefortino","Montefortino","Montefortino I 1, I - Statuti dei comuni, 1565-1746",1565,"Montefortino",109015,"Montefortino",1,1565,NA,NA,NA,NA
"Forum Julii","Forum Julii","https://www.senato.it/w3/Biblioteca/catalogoDegliStatutiMedievali.nsf/de148d287da34e08c1256e4c002f1718/88f12a091761a150c1257089002d8580?OpenDocument","Cividale del Friuli I 1 1, I - Statuti dei comuni, 1176-1343",1176,"Cividale del Friuli","Cividale del Friuli","Cividale del Friuli I 1 1, I - Statuti dei comuni, 1176-1343",1176,"Cividale del Friuli",30026,"Cividale del Friuli",1,1176,NA,NA,NA,NA
"Forumpompilii","Forumpompilii","https://www.senato.it/w3/Biblioteca/catalogoDegliStatutiMedievali.nsf/de148d287da34e08c1256e4c002f1718/a4e45d1c0a55985ac1256fa3005c6002?OpenDocument","Forlimpopoli I 1, I - Statuti dei comuni, 1443-1536",1443,"Forlimpopoli","Forlimpopoli","Forlimpopoli I 1, I - Statuti dei comuni, 1443-1536",1443,"Forlimpopoli",40013,"Forlimpopoli",1,1443,NA,NA,NA,NA
"Forumpopilii","Forumpopilii","https://www.senato.it/w3/Biblioteca/catalogoDegliStatutiMedievali.nsf/de148d287da34e08c1256e4c002f1718/a4e45d1c0a55985ac1256fa3005c6002?OpenDocument","Forlimpopoli I 1, I - Statuti dei comuni, 1443-1536",1443,"Forlimpopoli","Forlimpopoli","Forlimpopoli I 1, I - Statuti dei comuni, 1443-1536",1443,"Forlimpopoli",40013,"Forlimpopoli",1,1443,NA,NA,NA,NA
"Forumsempronii","Forumsempronii","https://www.senato.it/w3/Biblioteca/catalogoDegliStatutiMedievali.nsf/de148d287da34e08c1256e4c002f1718/701a086d10707d8cc1256fa2005a257d?OpenDocument","Fossombrone I 1, I - Statuti dei comuni, 1504",1504,"Fossombrone","Fossombrone","Fossombrone I 1, I - Statuti dei comuni, 1504",1504,"Fossombrone",41015,"Fossombrone",1,1504,NA,NA,NA,NA
"Fossalta di Portogruaro","Fossalta di Portogruaro","https://www.senato.it/w3/Biblioteca/catalogoDegliStatutiMedievali.nsf/de148d287da34e08c1256e4c002f1718/2a5a5a39aada886dc1256fa2005a2467?OpenDocument","Fossalta di Portogruaro I 1, I - Statuti dei comuni, 1337-1369",1337,"Fossalta di Portogruaro","Fossalta di Portogruaro","Fossalta di Portogruaro I 1, I - Statuti dei comuni, 1337-1369",1337,"Fossalta di Portogruaro",27016,"Fossalta di Portogruaro",1,1337,NA,NA,NA,NA
"Fossano","Fossano","https://www.senato.it/w3/Biblioteca/catalogoDegliStatutiMedievali.nsf/de148d287da34e08c1256e4c002f1718/dccf86644e9b9042c1256fa2005a24af?OpenDocument","Fossano I 1, I - Statuti dei comuni, 1290-1292",1290,"Fossano","Fossano","Fossano I 1, I - Statuti dei comuni, 1290-1292",1290,"Fossano",4089,"Fossano",1,1290,NA,NA,NA,NA
"Fossanum","Fossanum","https://www.senato.it/w3/Biblioteca/catalogoDegliStatutiMedievali.nsf/de148d287da34e08c1256e4c002f1718/dccf86644e9b9042c1256fa2005a24af?OpenDocument","Fossano I 1, I - Statuti dei comuni, 1290-1292",1290,"Fossano","Fossano","Fossano I 1, I - Statuti dei comuni, 1290-1292",1290,"Fossano",4089,"Fossano",1,1290,NA,NA,NA,NA
"Fossombrone","Fossombrone","https://www.senato.it/w3/Biblioteca/catalogoDegliStatutiMedievali.nsf/de148d287da34e08c1256e4c002f1718/701a086d10707d8cc1256fa2005a257d?OpenDocument","Fossombrone I 1, I - Statuti dei comuni, 1504",1504,"Fossombrone","Fossombrone","Fossombrone I 1, I - Statuti dei comuni, 1504",1504,"Fossombrone",41015,"Fossombrone",1,1504,NA,NA,NA,NA
"Foxanum","Foxanum","https://www.senato.it/w3/Biblioteca/catalogoDegliStatutiMedievali.nsf/de148d287da34e08c1256e4c002f1718/dccf86644e9b9042c1256fa2005a24af?OpenDocument","Fossano I 1, I - Statuti dei comuni, 1290-1292",1290,"Fossano","Fossano","Fossano I 1, I - Statuti dei comuni, 1290-1292",1290,"Fossano",4089,"Fossano",1,1290,NA,NA,NA,NA
"Foza","Foza","https://www.senato.it/w3/Biblioteca/catalogoDegliStatutiMedievali.nsf/de148d287da34e08c1256e4c002f1718/b0b4b9038080c355c1256fa2005a2607?OpenDocument","Foza I 1, I - Statuti dei comuni, 1796",1796,"Foza","Foza","Foza I 1, I - Statuti dei comuni, 1796",1796,"Foza",24041,"Foza",1,1796,NA,NA,NA,NA
"Frascati","Frascati","https://www.senato.it/w3/Biblioteca/catalogoDegliStatutiMedievali.nsf/de148d287da34e08c1256e4c002f1718/65d930c9c8c29a73c1256fa2005a2615?OpenDocument","Frascati II1 1, II 1 - Corporazioni",NA,"Frascati","Frascati","Frascati II1 1, II 1 - Corporazioni",NA,"Frascati",58039,"Frascati",1,NA,NA,NA,NA,NA
"Fratta","Fratta","https://www.senato.it/w3/Biblioteca/catalogoDegliStatutiMedievali.nsf/de148d287da34e08c1256e4c002f1718/eed7fe71f5ee309cc1256f3b004d3970?OpenDocument","Umbertide I 1, I - Statuti dei comuni, 1362-1521",1362,"Umbertide","Umbertide","Umbertide I 1, I - Statuti dei comuni, 1362-1521",1362,"Umbertide",54056,"Umbertide",1,1362,NA,NA,NA,NA
"Fratta delli figliuoli di Uberto","Fratta delli figliuoli di Uberto","https://www.senato.it/w3/Biblioteca/catalogoDegliStatutiMedievali.nsf/de148d287da34e08c1256e4c002f1718/eed7fe71f5ee309cc1256f3b004d3970?OpenDocument","Umbertide I 1, I - Statuti dei comuni, 1362-1521",1362,"Umbertide","Umbertide","Umbertide I 1, I - Statuti dei comuni, 1362-1521",1362,"Umbertide",54056,"Umbertide",1,1362,NA,NA,NA,NA
"Fregnanum","Fregnanum","https://www.senato.it/w3/Biblioteca/catalogoDegliStatutiMedievali.nsf/de148d287da34e08c1256e4c002f1718/eceb760b1ed12a76c1256fa2005a2660?OpenDocument","Frignano I 1, I - Statuti dei comuni, 1337-1347",1337,"Frignano","Frignano","Frignano I 1, I - Statuti dei comuni, 1337-1347",1337,"Frignano",61037,"Frignano",1,1337,NA,NA,NA,NA
"Frignano","Frignano","https://www.senato.it/w3/Biblioteca/catalogoDegliStatutiMedievali.nsf/de148d287da34e08c1256e4c002f1718/eceb760b1ed12a76c1256fa2005a2660?OpenDocument","Frignano I 1, I - Statuti dei comuni, 1337-1347",1337,"Frignano","Frignano","Frignano I 1, I - Statuti dei comuni, 1337-1347",1337,"Frignano",61037,"Frignano",1,1337,NA,NA,NA,NA
"Frinianum","Frinianum","https://www.senato.it/w3/Biblioteca/catalogoDegliStatutiMedievali.nsf/de148d287da34e08c1256e4c002f1718/eceb760b1ed12a76c1256fa2005a2660?OpenDocument","Frignano I 1, I - Statuti dei comuni, 1337-1347",1337,"Frignano","Frignano","Frignano I 1, I - Statuti dei comuni, 1337-1347",1337,"Frignano",61037,"Frignano",1,1337,NA,NA,NA,NA
"Frizolana","Frizolana","https://www.senato.it/w3/Biblioteca/catalogoDegliStatutiMedievali.nsf/de148d287da34e08c1256e4c002f1718/8f0289abd03fa36ec1256f9a004275e3?OpenDocument","Bosco Chiesanuova I 1, I - Statuti dei comuni, 1175-1216",1175,"Bosco Chiesanuova","Bosco Chiesanuova","Bosco Chiesanuova I 1, I - Statuti dei comuni, 1175-1216",1175,"Bosco Chiesanuova",23011,"Bosco Chiesanuova",1,1175,NA,NA,NA,NA
"Frizzolana","Frizzolana","https://www.senato.it/w3/Biblioteca/catalogoDegliStatutiMedievali.nsf/de148d287da34e08c1256e4c002f1718/8f0289abd03fa36ec1256f9a004275e3?OpenDocument","Bosco Chiesanuova I 1, I - Statuti dei comuni, 1175-1216",1175,"Bosco Chiesanuova","Bosco Chiesanuova","Bosco Chiesanuova I 1, I - Statuti dei comuni, 1175-1216",1175,"Bosco Chiesanuova",23011,"Bosco Chiesanuova",1,1175,NA,NA,NA,NA
"Front","Front","https://www.senato.it/w3/Biblioteca/catalogoDegliStatutiMedievali.nsf/de148d287da34e08c1256e4c002f1718/262994979f20d153c1256fa2005a2bc1?OpenDocument","Front I 1, I - Statuti dei comuni, 1589",1589,"Front","Front","Front I 1, I - Statuti dei comuni, 1589",1589,"Front",1109,"Front",1,1589,NA,NA,NA,NA
"Frosinone","Frosinone","https://www.senato.it/w3/Biblioteca/catalogoDegliStatutiMedievali.nsf/de148d287da34e08c1256e4c002f1718/40dd5f1a014c6446c1256fa2005a2bd0?OpenDocument","Frosinone I 1, I - Statuti dei comuni, 1604",1604,"Frosinone","Frosinone","Frosinone I 1, I - Statuti dei comuni, 1604",1604,"Frosinone",60038,"Frosinone",1,1604,NA,NA,NA,NA
"Frugarolo","Frugarolo","https://www.senato.it/w3/Biblioteca/catalogoDegliStatutiMedievali.nsf/de148d287da34e08c1256e4c002f1718/a38c027204b2d409c1256fa2005a2bf4?OpenDocument","Frugarolo I 1, I - Statuti dei comuni, 1731",1731,"Frugarolo","Frugarolo","Frugarolo I 1, I - Statuti dei comuni, 1731",1731,"Frugarolo",6075,"Frugarolo",1,1731,NA,NA,NA,NA
"Fruttuaria (Abbazia)","Fruttuaria (Abbazia)","https://www.senato.it/w3/Biblioteca/catalogoDegliStatutiMedievali.nsf/de148d287da34e08c1256e4c002f1718/87254b27b68927a0c1256fac004022de?OpenDocument","San Benigno Canavese I 1, I - Statuti dei comuni, 1318",1318,"San Benigno Canavese","San Benigno Canavese","San Benigno Canavese I 1, I - Statuti dei comuni, 1318",1318,"San Benigno Canavese",1236,"San Benigno Canavese",1,1318,NA,NA,NA,NA
"Fucecchio","Fucecchio","https://www.senato.it/w3/Biblioteca/catalogoDegliStatutiMedievali.nsf/de148d287da34e08c1256e4c002f1718/6f57ee5e7e9acb98c1256fa2005a2c02?OpenDocument","Fucecchio I 1, I - Statuti dei comuni, 1592-1606",1592,"Fucecchio","Fucecchio","Fucecchio I 1, I - Statuti dei comuni, 1592-1606",1592,"Fucecchio",48019,"Fucecchio",1,1592,NA,NA,NA,NA
"Fulgineum","Fulgineum","https://www.senato.it/w3/Biblioteca/catalogoDegliStatutiMedievali.nsf/de148d287da34e08c1256e4c002f1718/8d7391112d3a950ac1256fa2005a1fac?OpenDocument","Foligno I 1, I - Statuti dei comuni, 1311-1567",1311,"Foligno","Foligno","Foligno I 1, I - Statuti dei comuni, 1311-1567",1311,"Foligno",54018,"Foligno",1,1311,NA,NA,NA,NA
"Fulginia","Fulginia","https://www.senato.it/w3/Biblioteca/catalogoDegliStatutiMedievali.nsf/de148d287da34e08c1256e4c002f1718/8d7391112d3a950ac1256fa2005a1fac?OpenDocument","Foligno I 1, I - Statuti dei comuni, 1311-1567",1311,"Foligno","Foligno","Foligno I 1, I - Statuti dei comuni, 1311-1567",1311,"Foligno",54018,"Foligno",1,1311,NA,NA,NA,NA
"Fuligno","Fuligno","https://www.senato.it/w3/Biblioteca/catalogoDegliStatutiMedievali.nsf/de148d287da34e08c1256e4c002f1718/8d7391112d3a950ac1256fa2005a1fac?OpenDocument","Foligno I 1, I - Statuti dei comuni, 1311-1567",1311,"Foligno","Foligno","Foligno I 1, I - Statuti dei comuni, 1311-1567",1311,"Foligno",54018,"Foligno",1,1311,NA,NA,NA,NA
"Fumo","Fumo","https://www.senato.it/w3/Biblioteca/catalogoDegliStatutiMedievali.nsf/de148d287da34e08c1256e4c002f1718/488d5f444e636225c1256fa2005a2c13?OpenDocument","Fumone I 1, I - Statuti dei comuni, 1536-1547",1536,"Fumone","Fumone","Fumone I 1, I - Statuti dei comuni, 1536-1547",1536,"Fumone",60039,"Fumone",1,1536,NA,NA,NA,NA
"Fumone","Fumone","https://www.senato.it/w3/Biblioteca/catalogoDegliStatutiMedievali.nsf/de148d287da34e08c1256e4c002f1718/488d5f444e636225c1256fa2005a2c13?OpenDocument","Fumone I 1, I - Statuti dei comuni, 1536-1547",1536,"Fumone","Fumone","Fumone I 1, I - Statuti dei comuni, 1536-1547",1536,"Fumone",60039,"Fumone",1,1536,NA,NA,NA,NA
"Fundi","Fundi","https://www.senato.it/w3/Biblioteca/catalogoDegliStatutiMedievali.nsf/de148d287da34e08c1256e4c002f1718/b645f8ed07f742c8c1256fa2005a20d8?OpenDocument","Fondi I 1, I - Statuti dei comuni, 1474-1539",1474,"Fondi","Fondi","Fondi I 1, I - Statuti dei comuni, 1474-1539",1474,"Fondi",59007,"Fondi",1,1474,NA,NA,NA,NA
"Fuscaldo","Fuscaldo","https://www.senato.it/w3/Biblioteca/catalogoDegliStatutiMedievali.nsf/de148d287da34e08c1256e4c002f1718/3b2fdbb05fe9f79bc1256fa2005a2c4c?OpenDocument","Fuscaldo I 1, I - Statuti dei comuni, 1491",1491,"Fuscaldo","Fuscaldo","Fuscaldo I 1, I - Statuti dei comuni, 1491",1491,"Fuscaldo",78058,"Fuscaldo",1,1491,NA,NA,NA,NA
"Fusignano","Fusignano","https://www.senato.it/w3/Biblioteca/catalogoDegliStatutiMedievali.nsf/de148d287da34e08c1256e4c002f1718/2f1b6815c751578cc1256fa3005c617f?OpenDocument","Fusignano I 1, I - Statuti dei comuni, 1514-1598",1514,"Fusignano","Fusignano","Fusignano I 1, I - Statuti dei comuni, 1514-1598",1514,"Fusignano",39011,"Fusignano",1,1514,NA,NA,NA,NA
"Fusignanum","Fusignanum","https://www.senato.it/w3/Biblioteca/catalogoDegliStatutiMedievali.nsf/de148d287da34e08c1256e4c002f1718/2f1b6815c751578cc1256fa3005c617f?OpenDocument","Fusignano I 1, I - Statuti dei comuni, 1514-1598",1514,"Fusignano","Fusignano","Fusignano I 1, I - Statuti dei comuni, 1514-1598",1514,"Fusignano",39011,"Fusignano",1,1514,NA,NA,NA,NA
"Fuyanum","Fuyanum","https://www.senato.it/w3/Biblioteca/catalogoDegliStatutiMedievali.nsf/de148d287da34e08c1256e4c002f1718/a80087ce5ddf8e09c1256fa2005a1f39?OpenDocument","Foiano della Chiana I 1, I - Statuti dei comuni, 1383",1383,"Foiano della Chiana","Foiano della Chiana","Foiano della Chiana I 1, I - Statuti dei comuni, 1383",1383,"Foiano della Chiana",51018,"Foiano della Chiana",1,1383,NA,NA,NA,NA
"Gaeta","Gaeta","https://www.senato.it/w3/Biblioteca/catalogoDegliStatutiMedievali.nsf/de148d287da34e08c1256e4c002f1718/3e81b6f8b3aa9359c1256fa2005a2c6b?OpenDocument","Gaeta I 1, I - Statuti dei comuni, 1187-1704",1187,"Gaeta","Gaeta","Gaeta I 1, I - Statuti dei comuni, 1187-1704",1187,"Gaeta",59009,"Gaeta",1,1187,NA,NA,NA,NA
"Gagliano del Capo","Gagliano del Capo","https://www.senato.it/w3/Biblioteca/catalogoDegliStatutiMedievali.nsf/de148d287da34e08c1256e4c002f1718/9cfa71a6a9385cb6c1256fa2005a2d94?OpenDocument","Gagliano del Capo I 1, I - Statuti dei comuni, 1491-1493",1491,"Gagliano del Capo","Gagliano del Capo","Gagliano del Capo I 1, I - Statuti dei comuni, 1491-1493",1491,"Gagliano del Capo",75028,"Gagliano del Capo",1,1491,NA,NA,NA,NA
"Gagliate","Gagliate","https://www.senato.it/w3/Biblioteca/catalogoDegliStatutiMedievali.nsf/de148d287da34e08c1256e4c002f1718/8195c57899110e3ec1256fa2005a2ed2?OpenDocument","Galliate I 1, I - Statuti dei comuni, 1396-1516",1396,"Galliate","Galliate","Galliate I 1, I - Statuti dei comuni, 1396-1516",1396,"Galliate",3068,"Galliate",1,1396,NA,NA,NA,NA
"Gaiole in Chianti","Gaiole in Chianti","https://www.senato.it/w3/Biblioteca/catalogoDegliStatutiMedievali.nsf/de148d287da34e08c1256e4c002f1718/adc433c60959b64ac1256fa2005a2dea?OpenDocument","Gaiole in Chianti I 1, I - Statuti dei comuni, 1498-1549",1498,"Gaiole in Chianti","Gaiole in Chianti","Gaiole in Chianti I 1, I - Statuti dei comuni, 1498-1549",1498,"Gaiole in Chianti",52013,"Gaiole in Chianti",1,1498,NA,NA,NA,NA
"Gaiuole","Gaiuole","https://www.senato.it/w3/Biblioteca/catalogoDegliStatutiMedievali.nsf/de148d287da34e08c1256e4c002f1718/adc433c60959b64ac1256fa2005a2dea?OpenDocument","Gaiole in Chianti I 1, I - Statuti dei comuni, 1498-1549",1498,"Gaiole in Chianti","Gaiole in Chianti","Gaiole in Chianti I 1, I - Statuti dei comuni, 1498-1549",1498,"Gaiole in Chianti",52013,"Gaiole in Chianti",1,1498,NA,NA,NA,NA
"Galeata","Galeata","https://www.senato.it/w3/Biblioteca/catalogoDegliStatutiMedievali.nsf/de148d287da34e08c1256e4c002f1718/eaf59406e66279e4c1256fa2005a2e86?OpenDocument","Galeata I 1, I - Statuti dei comuni, 1411",1411,"Galeata","Galeata","Galeata I 1, I - Statuti dei comuni, 1411",1411,"Galeata",40014,"Galeata",1,1411,NA,NA,NA,NA
"Gallese","Gallese","https://www.senato.it/w3/Biblioteca/catalogoDegliStatutiMedievali.nsf/de148d287da34e08c1256e4c002f1718/41a74eabdaa19140c1256fa2005a2e92?OpenDocument","Gallese I 1, I - Statuti dei comuni, 1575-1576",1575,"Gallese","Gallese","Gallese I 1, I - Statuti dei comuni, 1575-1576",1575,"Gallese",56027,"Gallese",1,1575,NA,NA,NA,NA
"Gallesium","Gallesium","https://www.senato.it/w3/Biblioteca/catalogoDegliStatutiMedievali.nsf/de148d287da34e08c1256e4c002f1718/41a74eabdaa19140c1256fa2005a2e92?OpenDocument","Gallese I 1, I - Statuti dei comuni, 1575-1576",1575,"Gallese","Gallese","Gallese I 1, I - Statuti dei comuni, 1575-1576",1575,"Gallese",56027,"Gallese",1,1575,NA,NA,NA,NA
"Galliate","Galliate","https://www.senato.it/w3/Biblioteca/catalogoDegliStatutiMedievali.nsf/de148d287da34e08c1256e4c002f1718/8195c57899110e3ec1256fa2005a2ed2?OpenDocument","Galliate I 1, I - Statuti dei comuni, 1396-1516",1396,"Galliate","Galliate","Galliate I 1, I - Statuti dei comuni, 1396-1516",1396,"Galliate",3068,"Galliate",1,1396,NA,NA,NA,NA
"Galliatum","Galliatum","https://www.senato.it/w3/Biblioteca/catalogoDegliStatutiMedievali.nsf/de148d287da34e08c1256e4c002f1718/8195c57899110e3ec1256fa2005a2ed2?OpenDocument","Galliate I 1, I - Statuti dei comuni, 1396-1516",1396,"Galliate","Galliate","Galliate I 1, I - Statuti dei comuni, 1396-1516",1396,"Galliate",3068,"Galliate",1,1396,NA,NA,NA,NA
"Gamalero","Gamalero","https://www.senato.it/w3/Biblioteca/catalogoDegliStatutiMedievali.nsf/de148d287da34e08c1256e4c002f1718/49a0de5dd518df83c1256fa2005a2f09?OpenDocument","Gamalero I 1, I - Statuti dei comuni, 1748",1748,"Gamalero","Gamalero","Gamalero I 1, I - Statuti dei comuni, 1748",1748,"Gamalero",6078,"Gamalero",1,1748,NA,NA,NA,NA
"Gambassi Terme","Gambassi Terme","https://www.senato.it/w3/Biblioteca/catalogoDegliStatutiMedievali.nsf/de148d287da34e08c1256e4c002f1718/1646a27109d3f7edc1256fa2005a2f17?OpenDocument","Gambassi Terme I 1, I - Statuti dei comuni, 1322-1387",1322,"Gambassi Terme","Gambassi Terme","Gambassi Terme I 1, I - Statuti dei comuni, 1322-1387",1322,"Gambassi Terme",48020,"Gambassi Terme",1,1322,NA,NA,NA,NA
"Gambaxum","Gambaxum","https://www.senato.it/w3/Biblioteca/catalogoDegliStatutiMedievali.nsf/de148d287da34e08c1256e4c002f1718/1646a27109d3f7edc1256fa2005a2f17?OpenDocument","Gambassi Terme I 1, I - Statuti dei comuni, 1322-1387",1322,"Gambassi Terme","Gambassi Terme","Gambassi Terme I 1, I - Statuti dei comuni, 1322-1387",1322,"Gambassi Terme",48020,"Gambassi Terme",1,1322,NA,NA,NA,NA
"Gandino","Gandino","https://www.senato.it/w3/Biblioteca/catalogoDegliStatutiMedievali.nsf/de148d287da34e08c1256e4c002f1718/8d6d4f0bce64f986c1256fa2005a2f4f?OpenDocument","Gandino I 1, I - Statuti dei comuni, 1435-1634",1435,"Gandino","Gandino","Gandino I 1, I - Statuti dei comuni, 1435-1634",1435,"Gandino",16108,"Gandino",1,1435,NA,NA,NA,NA
"Gandinum","Gandinum","https://www.senato.it/w3/Biblioteca/catalogoDegliStatutiMedievali.nsf/de148d287da34e08c1256e4c002f1718/8d6d4f0bce64f986c1256fa2005a2f4f?OpenDocument","Gandino I 1, I - Statuti dei comuni, 1435-1634",1435,"Gandino","Gandino","Gandino I 1, I - Statuti dei comuni, 1435-1634",1435,"Gandino",16108,"Gandino",1,1435,NA,NA,NA,NA
"Gangalandi","Gangalandi","https://www.senato.it/w3/Biblioteca/catalogoDegliStatutiMedievali.nsf/de148d287da34e08c1256e4c002f1718/165d17abd4e279cac1256fa3005ee614?OpenDocument","Lastra a Signa I 1, I - Statuti dei comuni, 1562-1759",1562,"Lastra a Signa","Lastra a Signa","Lastra a Signa I 1, I - Statuti dei comuni, 1562-1759",1562,"Lastra a Signa",48024,"Lastra a Signa",1,1562,NA,NA,NA,NA
"Ganzaria","Ganzaria","https://www.senato.it/w3/Biblioteca/catalogoDegliStatutiMedievali.nsf/de148d287da34e08c1256e4c002f1718/0ac0c1f8f4ebce15c1256fac004029ef?OpenDocument","San Michele di Ganzaria I 1, I - Statuti dei comuni, 1534",1534,"San Michele di Ganzaria","San Michele di Ganzaria","San Michele di Ganzaria I 1, I - Statuti dei comuni, 1534",1534,"San Michele di Ganzaria",87043,"San Michele di Ganzaria",1,1534,NA,NA,NA,NA
"Ganzeria","Ganzeria","https://www.senato.it/w3/Biblioteca/catalogoDegliStatutiMedievali.nsf/de148d287da34e08c1256e4c002f1718/0ac0c1f8f4ebce15c1256fac004029ef?OpenDocument","San Michele di Ganzaria I 1, I - Statuti dei comuni, 1534",1534,"San Michele di Ganzaria","San Michele di Ganzaria","San Michele di Ganzaria I 1, I - Statuti dei comuni, 1534",1534,"San Michele di Ganzaria",87043,"San Michele di Ganzaria",1,1534,NA,NA,NA,NA
"Gardone Val Trompia","Gardone Val Trompia","https://www.senato.it/w3/Biblioteca/catalogoDegliStatutiMedievali.nsf/de148d287da34e08c1256e4c002f1718/e8bf042cf5a4f764c1256fa2005a3034?OpenDocument","Gardone Val Trompia II1 1, II 1 - Corporazioni",NA,"Gardone Val Trompia","Gardone Val Trompia","Gardone Val Trompia II1 1, II 1 - Corporazioni",NA,"Gardone Val Trompia",17075,"Gardone Val Trompia",1,NA,NA,NA,NA,NA
"Garessio","Garessio","https://www.senato.it/w3/Biblioteca/catalogoDegliStatutiMedievali.nsf/de148d287da34e08c1256e4c002f1718/af9f8f73853aadbbc1256fa2005a304d?OpenDocument","Garessio I 1, I - Statuti dei comuni, 1278-1459",1278,"Garessio","Garessio","Garessio I 1, I - Statuti dei comuni, 1278-1459",1278,"Garessio",4095,"Garessio",1,1278,NA,NA,NA,NA
"Garexium","Garexium","https://www.senato.it/w3/Biblioteca/catalogoDegliStatutiMedievali.nsf/de148d287da34e08c1256e4c002f1718/af9f8f73853aadbbc1256fa2005a304d?OpenDocument","Garessio I 1, I - Statuti dei comuni, 1278-1459",1278,"Garessio","Garessio","Garessio I 1, I - Statuti dei comuni, 1278-1459",1278,"Garessio",4095,"Garessio",1,1278,NA,NA,NA,NA
"Gassino Torinese","Gassino Torinese","https://www.senato.it/w3/Biblioteca/catalogoDegliStatutiMedievali.nsf/de148d287da34e08c1256e4c002f1718/66a007a36d195c6ac1256fa2005a30bf?OpenDocument","Gassino Torinese I 1, I - Statuti dei comuni, 1296-1307",1296,"Gassino Torinese","Gassino Torinese","Gassino Torinese I 1, I - Statuti dei comuni, 1296-1307",1296,"Gassino Torinese",1112,"Gassino Torinese",1,1296,NA,NA,NA,NA
"Gaudianum","Gaudianum","https://www.senato.it/w3/Biblioteca/catalogoDegliStatutiMedievali.nsf/de148d287da34e08c1256e4c002f1718/2f971f217ab13e8fc1256fa2005a49e3?OpenDocument","Gozzano I 1, I - Statuti dei comuni, 1345-1420",1345,"Gozzano","Gozzano","Gozzano I 1, I - Statuti dei comuni, 1345-1420",1345,"Gozzano",3076,"Gozzano",1,1345,NA,NA,NA,NA
"Gavardo","Gavardo","https://www.senato.it/w3/Biblioteca/catalogoDegliStatutiMedievali.nsf/de148d287da34e08c1256e4c002f1718/760634d56ef40085c1256fa2005a30ce?OpenDocument","Gavardo I 1, I - Statuti dei comuni, 1404-1744",1404,"Gavardo","Gavardo","Gavardo I 1, I - Statuti dei comuni, 1404-1744",1404,"Gavardo",17077,"Gavardo",1,1404,NA,NA,NA,NA
"Gavi","Gavi","https://www.senato.it/w3/Biblioteca/catalogoDegliStatutiMedievali.nsf/de148d287da34e08c1256e4c002f1718/5b6e14aba3a4ea99c1256fa2005a30e7?OpenDocument","Gavi I 1, I - Statuti dei comuni, sec. XIII",NA,"Gavi","Gavi","Gavi I 1, I - Statuti dei comuni, sec. XIII",NA,"Gavi",6081,"Gavi",1,NA,NA,NA,NA,NA
"Gavignano","Gavignano","https://www.senato.it/w3/Biblioteca/catalogoDegliStatutiMedievali.nsf/de148d287da34e08c1256e4c002f1718/c91871e79694fee8c1256fa2005a313c?OpenDocument","Gavignano I 1, I - Statuti dei comuni, 1804",1804,"Gavignano","Gavignano","Gavignano I 1, I - Statuti dei comuni, 1804",1804,"Gavignano",58041,"Gavignano",1,1804,NA,NA,NA,NA
"Gavium","Gavium","https://www.senato.it/w3/Biblioteca/catalogoDegliStatutiMedievali.nsf/de148d287da34e08c1256e4c002f1718/5b6e14aba3a4ea99c1256fa2005a30e7?OpenDocument","Gavi I 1, I - Statuti dei comuni, sec. XIII",NA,"Gavi","Gavi","Gavi I 1, I - Statuti dei comuni, sec. XIII",NA,"Gavi",6081,"Gavi",1,NA,NA,NA,NA,NA
"Gazuolum","Gazuolum","https://www.senato.it/w3/Biblioteca/catalogoDegliStatutiMedievali.nsf/de148d287da34e08c1256e4c002f1718/be133ac8a805b382c1256fa2005a314e?OpenDocument","Gazzuolo I 1, I - Statuti dei comuni, 1483-1580",1483,"Gazzuolo","Gazzuolo","Gazzuolo I 1, I - Statuti dei comuni, 1483-1580",1483,"Gazzuolo",20025,"Gazzuolo",1,1483,NA,NA,NA,NA
"Gazzuolo","Gazzuolo","https://www.senato.it/w3/Biblioteca/catalogoDegliStatutiMedievali.nsf/de148d287da34e08c1256e4c002f1718/be133ac8a805b382c1256fa2005a314e?OpenDocument","Gazzuolo I 1, I - Statuti dei comuni, 1483-1580",1483,"Gazzuolo","Gazzuolo","Gazzuolo I 1, I - Statuti dei comuni, 1483-1580",1483,"Gazzuolo",20025,"Gazzuolo",1,1483,NA,NA,NA,NA
"Gela","Gela","https://www.senato.it/w3/Biblioteca/catalogoDegliStatutiMedievali.nsf/de148d287da34e08c1256e4c002f1718/48cdcd00e5b4d8cec1256fa2005a31d9?OpenDocument","Gela I 1, I - Statuti dei comuni, sec. XIV",NA,"Gela","Gela","Gela I 1, I - Statuti dei comuni, sec. XIV",NA,"Gela",85007,"Gela",1,NA,NA,NA,NA,NA
"Gemona del Friuli","Gemona del Friuli","https://www.senato.it/w3/Biblioteca/catalogoDegliStatutiMedievali.nsf/de148d287da34e08c1256e4c002f1718/bbc3b0cdb298837dc1256fa2005a31ee?OpenDocument","Gemona del Friuli I 1, I - Statuti dei comuni, 1381-1615",1381,"Gemona del Friuli","Gemona del Friuli","Gemona del Friuli I 1, I - Statuti dei comuni, 1381-1615",1381,"Gemona del Friuli",30043,"Gemona del Friuli",1,1381,NA,NA,NA,NA
"Genazzano","Genazzano","https://www.senato.it/w3/Biblioteca/catalogoDegliStatutiMedievali.nsf/de148d287da34e08c1256e4c002f1718/3e68eeebc40cd028c1256fa2005a3403?OpenDocument","Genazzano I 1, I - Statuti dei comuni, 1277",1277,"Genazzano","Genazzano","Genazzano I 1, I - Statuti dei comuni, 1277",1277,"Genazzano",58042,"Genazzano",1,1277,NA,NA,NA,NA
"Genestra","Genestra","https://www.senato.it/w3/Biblioteca/catalogoDegliStatutiMedievali.nsf/de148d287da34e08c1256e4c002f1718/69dcec5d6da9c75dc1256fa2005a480e?OpenDocument","Ginestra degli Schiavoni I 1, I - Statuti dei comuni, 1492",1492,"Ginestra degli Schiavoni","Ginestra degli Schiavoni","Ginestra degli Schiavoni I 1, I - Statuti dei comuni, 1492",1492,"Ginestra degli Schiavoni",62036,"Ginestra degli Schiavoni",1,1492,NA,NA,NA,NA
"Genezanum","Genezanum","https://www.senato.it/w3/Biblioteca/catalogoDegliStatutiMedievali.nsf/de148d287da34e08c1256e4c002f1718/3e68eeebc40cd028c1256fa2005a3403?OpenDocument","Genazzano I 1, I - Statuti dei comuni, 1277",1277,"Genazzano","Genazzano","Genazzano I 1, I - Statuti dei comuni, 1277",1277,"Genazzano",58042,"Genazzano",1,1277,NA,NA,NA,NA
"Genoa","Genoa","https://www.senato.it/w3/Biblioteca/catalogoDegliStatutiMedievali.nsf/de148d287da34e08c1256e4c002f1718/c6316ee8431c6cffc1256fa2005a34f3?OpenDocument","Genova I 1, I - Statuti dei comuni, 958-1056",1056,"Genova","Genova","Genova I 1, I - Statuti dei comuni, 958-1056",1056,"Genova",10025,"Genova",1,1056,NA,NA,NA,NA
"Genova","Genova","https://www.senato.it/w3/Biblioteca/catalogoDegliStatutiMedievali.nsf/de148d287da34e08c1256e4c002f1718/c6316ee8431c6cffc1256fa2005a34f3?OpenDocument","Genova I 1, I - Statuti dei comuni, 958-1056",1056,"Genova","Genova","Genova I 1, I - Statuti dei comuni, 958-1056",1056,"Genova",10025,"Genova",1,1056,NA,NA,NA,NA
"Genua","Genua","https://www.senato.it/w3/Biblioteca/catalogoDegliStatutiMedievali.nsf/de148d287da34e08c1256e4c002f1718/c6316ee8431c6cffc1256fa2005a34f3?OpenDocument","Genova I 1, I - Statuti dei comuni, 958-1056",1056,"Genova","Genova","Genova I 1, I - Statuti dei comuni, 958-1056",1056,"Genova",10025,"Genova",1,1056,NA,NA,NA,NA
"Genzano di Roma","Genzano di Roma","https://www.senato.it/w3/Biblioteca/catalogoDegliStatutiMedievali.nsf/de148d287da34e08c1256e4c002f1718/59eca615bd08ef99c1256fa2005a4719?OpenDocument","Genzano di Roma I 1, I - Statuti dei comuni, 1399",1399,"Genzano di Roma","Genzano di Roma","Genzano di Roma I 1, I - Statuti dei comuni, 1399",1399,"Genzano di Roma",58043,"Genzano di Roma",1,1399,NA,NA,NA,NA
"Ghedi","Ghedi","https://www.senato.it/w3/Biblioteca/catalogoDegliStatutiMedievali.nsf/de148d287da34e08c1256e4c002f1718/1a2384f04a61d125c1256fa2005a4762?OpenDocument","Ghedi I 1, I - Statuti dei comuni, 1406-1744",1406,"Ghedi","Ghedi","Ghedi I 1, I - Statuti dei comuni, 1406-1744",1406,"Ghedi",17078,"Ghedi",1,1406,NA,NA,NA,NA
"Gheme","Gheme","https://www.senato.it/w3/Biblioteca/catalogoDegliStatutiMedievali.nsf/de148d287da34e08c1256e4c002f1718/778ae3e3901124d4c1256fa2005a4787?OpenDocument","Ghemme I 1, I - Statuti dei comuni, 1614",1614,"Ghemme","Ghemme","Ghemme I 1, I - Statuti dei comuni, 1614",1614,"Ghemme",3073,"Ghemme",1,1614,NA,NA,NA,NA
"Ghemme","Ghemme","https://www.senato.it/w3/Biblioteca/catalogoDegliStatutiMedievali.nsf/de148d287da34e08c1256e4c002f1718/778ae3e3901124d4c1256fa2005a4787?OpenDocument","Ghemme I 1, I - Statuti dei comuni, 1614",1614,"Ghemme","Ghemme","Ghemme I 1, I - Statuti dei comuni, 1614",1614,"Ghemme",3073,"Ghemme",1,1614,NA,NA,NA,NA
"Giaveno","Giaveno","https://www.senato.it/w3/Biblioteca/catalogoDegliStatutiMedievali.nsf/de148d287da34e08c1256e4c002f1718/332aab50af27ad54c1256fa2005a47b6?OpenDocument","Giaveno I 1, I - Statuti dei comuni, 1454-1456",1454,"Giaveno","Giaveno","Giaveno I 1, I - Statuti dei comuni, 1454-1456",1454,"Giaveno",1115,"Giaveno",1,1454,NA,NA,NA,NA
"Giglio","Giglio","https://www.senato.it/w3/Biblioteca/catalogoDegliStatutiMedievali.nsf/de148d287da34e08c1256e4c002f1718/cf05ecf9ecd42cbfc1256fa2005a54b8?OpenDocument","Isola del Giglio I 1, I - Statuti dei comuni, 1561",1561,"Isola del Giglio","Isola del Giglio","Isola del Giglio I 1, I - Statuti dei comuni, 1561",1561,"Isola del Giglio",53012,"Isola del Giglio",1,1561,NA,NA,NA,NA
"Gimigliano","Gimigliano","https://www.senato.it/w3/Biblioteca/catalogoDegliStatutiMedievali.nsf/de148d287da34e08c1256e4c002f1718/d8cec06c38140ac6c125708b0045b8eb?OpenDocument","Gimigliano I 1, I - Statuti dei comuni, 1563-1578",1563,"Gimigliano","Gimigliano","Gimigliano I 1, I - Statuti dei comuni, 1563-1578",1563,"Gimigliano",79058,"Gimigliano",1,1563,NA,NA,NA,NA
"Ginestra degli Schiavoni","Ginestra degli Schiavoni","https://www.senato.it/w3/Biblioteca/catalogoDegliStatutiMedievali.nsf/de148d287da34e08c1256e4c002f1718/69dcec5d6da9c75dc1256fa2005a480e?OpenDocument","Ginestra degli Schiavoni I 1, I - Statuti dei comuni, 1492",1492,"Ginestra degli Schiavoni","Ginestra degli Schiavoni","Ginestra degli Schiavoni I 1, I - Statuti dei comuni, 1492",1492,"Ginestra degli Schiavoni",62036,"Ginestra degli Schiavoni",1,1492,NA,NA,NA,NA
"Gioiosa Guardia","Gioiosa Guardia","https://www.senato.it/w3/Biblioteca/catalogoDegliStatutiMedievali.nsf/de148d287da34e08c1256e4c002f1718/63431a2af0f31e43c1256fa3005c64ba?OpenDocument","Gioiosa Marea I 1, I - Statuti dei comuni, 1398",1398,"Gioiosa Marea","Gioiosa Marea","Gioiosa Marea I 1, I - Statuti dei comuni, 1398",1398,"Gioiosa Marea",83033,"Gioiosa Marea",1,1398,NA,NA,NA,NA
"Gioiosa Marea","Gioiosa Marea","https://www.senato.it/w3/Biblioteca/catalogoDegliStatutiMedievali.nsf/de148d287da34e08c1256e4c002f1718/63431a2af0f31e43c1256fa3005c64ba?OpenDocument","Gioiosa Marea I 1, I - Statuti dei comuni, 1398",1398,"Gioiosa Marea","Gioiosa Marea","Gioiosa Marea I 1, I - Statuti dei comuni, 1398",1398,"Gioiosa Marea",83033,"Gioiosa Marea",1,1398,NA,NA,NA,NA
"Giove","Giove","https://www.senato.it/w3/Biblioteca/catalogoDegliStatutiMedievali.nsf/de148d287da34e08c1256e4c002f1718/fdeb9178bd1f5e7ec1256fa2005a4828?OpenDocument","Giove I 1, I - Statuti dei comuni, 1557-1735",1557,"Giove","Giove","Giove I 1, I - Statuti dei comuni, 1557-1735",1557,"Giove",55014,"Giove",1,1557,NA,NA,NA,NA
"Giovenazzo","Giovenazzo","https://www.senato.it/w3/Biblioteca/catalogoDegliStatutiMedievali.nsf/de148d287da34e08c1256e4c002f1718/3ed80cc07a191182c1256fa2005a4875?OpenDocument","Giovinazzo I 1, I - Statuti dei comuni, 1584",1584,"Giovinazzo","Giovinazzo","Giovinazzo I 1, I - Statuti dei comuni, 1584",1584,"Giovinazzo",72022,"Giovinazzo",1,1584,NA,NA,NA,NA
"Giovinazzo","Giovinazzo","https://www.senato.it/w3/Biblioteca/catalogoDegliStatutiMedievali.nsf/de148d287da34e08c1256e4c002f1718/3ed80cc07a191182c1256fa2005a4875?OpenDocument","Giovinazzo I 1, I - Statuti dei comuni, 1584",1584,"Giovinazzo","Giovinazzo","Giovinazzo I 1, I - Statuti dei comuni, 1584",1584,"Giovinazzo",72022,"Giovinazzo",1,1584,NA,NA,NA,NA
"Girgenti","Girgenti","https://www.senato.it/w3/Biblioteca/catalogoDegliStatutiMedievali.nsf/de148d287da34e08c1256e4c002f1718/ebc0375c468d5df0c1256f9a00404e3e?OpenDocument","Agrigento I 1, I - Statuti dei comuni, 1093-1304",1093,"Agrigento","Agrigento","Agrigento I 1, I - Statuti dei comuni, 1093-1304",1093,"Agrigento",84001,"Agrigento",1,1093,NA,NA,NA,NA
"Glemona","Glemona","https://www.senato.it/w3/Biblioteca/catalogoDegliStatutiMedievali.nsf/de148d287da34e08c1256e4c002f1718/bbc3b0cdb298837dc1256fa2005a31ee?OpenDocument","Gemona del Friuli I 1, I - Statuti dei comuni, 1381-1615",1381,"Gemona del Friuli","Gemona del Friuli","Gemona del Friuli I 1, I - Statuti dei comuni, 1381-1615",1381,"Gemona del Friuli",30043,"Gemona del Friuli",1,1381,NA,NA,NA,NA
"Gobissa","Gobissa","https://www.senato.it/w3/Biblioteca/catalogoDegliStatutiMedievali.nsf/de148d287da34e08c1256e4c002f1718/92c77544d91dfe18c1256fa3005eeba3?OpenDocument","Leonessa I 1, I - Statuti dei comuni, 1299-1784",1299,"Leonessa","Leonessa","Leonessa I 1, I - Statuti dei comuni, 1299-1784",1299,"Leonessa",57033,"Leonessa",1,1299,NA,NA,NA,NA
"Gonessa","Gonessa","https://www.senato.it/w3/Biblioteca/catalogoDegliStatutiMedievali.nsf/de148d287da34e08c1256e4c002f1718/92c77544d91dfe18c1256fa3005eeba3?OpenDocument","Leonessa I 1, I - Statuti dei comuni, 1299-1784",1299,"Leonessa","Leonessa","Leonessa I 1, I - Statuti dei comuni, 1299-1784",1299,"Leonessa",57033,"Leonessa",1,1299,NA,NA,NA,NA
"Gonexa","Gonexa","https://www.senato.it/w3/Biblioteca/catalogoDegliStatutiMedievali.nsf/de148d287da34e08c1256e4c002f1718/92c77544d91dfe18c1256fa3005eeba3?OpenDocument","Leonessa I 1, I - Statuti dei comuni, 1299-1784",1299,"Leonessa","Leonessa","Leonessa I 1, I - Statuti dei comuni, 1299-1784",1299,"Leonessa",57033,"Leonessa",1,1299,NA,NA,NA,NA
"Gonissa","Gonissa","https://www.senato.it/w3/Biblioteca/catalogoDegliStatutiMedievali.nsf/de148d287da34e08c1256e4c002f1718/92c77544d91dfe18c1256fa3005eeba3?OpenDocument","Leonessa I 1, I - Statuti dei comuni, 1299-1784",1299,"Leonessa","Leonessa","Leonessa I 1, I - Statuti dei comuni, 1299-1784",1299,"Leonessa",57033,"Leonessa",1,1299,NA,NA,NA,NA
"Gorgnardum","Gorgnardum","https://www.senato.it/w3/Biblioteca/catalogoDegliStatutiMedievali.nsf/de148d287da34e08c1256e4c002f1718/3367cd04468cd4afc1256fa2005a4bca?OpenDocument","Grognardo I 1, I - Statuti dei comuni, 1327",1327,"Grognardo","Grognardo","Grognardo I 1, I - Statuti dei comuni, 1327",1327,"Grognardo",6084,"Grognardo",1,1327,NA,NA,NA,NA
"Goritia","Goritia","https://www.senato.it/w3/Biblioteca/catalogoDegliStatutiMedievali.nsf/de148d287da34e08c1256e4c002f1718/9526e7814ef49919c1256fa2005a4938?OpenDocument","Gorizia I 1, I - Statuti dei comuni, 1365",1365,"Gorizia","Gorizia","Gorizia I 1, I - Statuti dei comuni, 1365",1365,"Gorizia",31007,"Gorizia",1,1365,NA,NA,NA,NA
"Gorizia","Gorizia","https://www.senato.it/w3/Biblioteca/catalogoDegliStatutiMedievali.nsf/de148d287da34e08c1256e4c002f1718/9526e7814ef49919c1256fa2005a4938?OpenDocument","Gorizia I 1, I - Statuti dei comuni, 1365",1365,"Gorizia","Gorizia","Gorizia I 1, I - Statuti dei comuni, 1365",1365,"Gorizia",31007,"Gorizia",1,1365,NA,NA,NA,NA
"Govi","Govi","https://www.senato.it/w3/Biblioteca/catalogoDegliStatutiMedievali.nsf/de148d287da34e08c1256e4c002f1718/fdeb9178bd1f5e7ec1256fa2005a4828?OpenDocument","Giove I 1, I - Statuti dei comuni, 1557-1735",1557,"Giove","Giove","Giove I 1, I - Statuti dei comuni, 1557-1735",1557,"Giove",55014,"Giove",1,1557,NA,NA,NA,NA
"Gozzano","Gozzano","https://www.senato.it/w3/Biblioteca/catalogoDegliStatutiMedievali.nsf/de148d287da34e08c1256e4c002f1718/2f971f217ab13e8fc1256fa2005a49e3?OpenDocument","Gozzano I 1, I - Statuti dei comuni, 1345-1420",1345,"Gozzano","Gozzano","Gozzano I 1, I - Statuti dei comuni, 1345-1420",1345,"Gozzano",3076,"Gozzano",1,1345,NA,NA,NA,NA
"Grabadona","Grabadona","https://www.senato.it/w3/Biblioteca/catalogoDegliStatutiMedievali.nsf/de148d287da34e08c1256e4c002f1718/106ca403f7244bb6c1256fa2005a4b28?OpenDocument","Gravedona I 1, I - Statuti dei comuni, 1403-1526",1403,"Gravedona","Gravedona","Gravedona I 1, I - Statuti dei comuni, 1403-1526",1403,"Gravedona",13112,"Gravedona",1,1403,NA,NA,NA,NA
"Grabedona","Grabedona","https://www.senato.it/w3/Biblioteca/catalogoDegliStatutiMedievali.nsf/de148d287da34e08c1256e4c002f1718/106ca403f7244bb6c1256fa2005a4b28?OpenDocument","Gravedona I 1, I - Statuti dei comuni, 1403-1526",1403,"Gravedona","Gravedona","Gravedona I 1, I - Statuti dei comuni, 1403-1526",1403,"Gravedona",13112,"Gravedona",1,1403,NA,NA,NA,NA
"Gradara","Gradara","https://www.senato.it/w3/Biblioteca/catalogoDegliStatutiMedievali.nsf/de148d287da34e08c1256e4c002f1718/df2b259d7d3c1669c1256fa2005a49fc?OpenDocument","Gradara I 1, I - Statuti dei comuni, 1363-1552",1363,"Gradara","Gradara","Gradara I 1, I - Statuti dei comuni, 1363-1552",1363,"Gradara",41020,"Gradara",1,1363,NA,NA,NA,NA
"Gradaria","Gradaria","https://www.senato.it/w3/Biblioteca/catalogoDegliStatutiMedievali.nsf/de148d287da34e08c1256e4c002f1718/df2b259d7d3c1669c1256fa2005a49fc?OpenDocument","Gradara I 1, I - Statuti dei comuni, 1363-1552",1363,"Gradara","Gradara","Gradara I 1, I - Statuti dei comuni, 1363-1552",1363,"Gradara",41020,"Gradara",1,1363,NA,NA,NA,NA
"Gradisca d'Isonzo","Gradisca d'Isonzo","https://www.senato.it/w3/Biblioteca/catalogoDegliStatutiMedievali.nsf/de148d287da34e08c1256e4c002f1718/de0918f82a4c142fc1256fa2005a4a2a?OpenDocument","Gradisca d'Isonzo I 1, I - Statuti dei comuni, 1575-1577",1575,"Gradisca d'Isonzo","Gradisca d'Isonzo","Gradisca d'Isonzo I 1, I - Statuti dei comuni, 1575-1577",1575,"Gradisca d'Isonzo",31008,"Gradisca d'Isonzo",1,1575,NA,NA,NA,NA
"Grado","Grado","https://www.senato.it/w3/Biblioteca/catalogoDegliStatutiMedievali.nsf/de148d287da34e08c1256e4c002f1718/b43f06b85b24480dc1256fa2005a4a93?OpenDocument","Grado I 1, I - Statuti dei comuni, 1200-1358",1200,"Grado","Grado","Grado I 1, I - Statuti dei comuni, 1200-1358",1200,"Grado",31009,"Grado",1,1200,NA,NA,NA,NA
"Gradum","Gradum","https://www.senato.it/w3/Biblioteca/catalogoDegliStatutiMedievali.nsf/de148d287da34e08c1256e4c002f1718/b43f06b85b24480dc1256fa2005a4a93?OpenDocument","Grado I 1, I - Statuti dei comuni, 1200-1358",1200,"Grado","Grado","Grado I 1, I - Statuti dei comuni, 1200-1358",1200,"Grado",31009,"Grado",1,1200,NA,NA,NA,NA
"Gravedona","Gravedona","https://www.senato.it/w3/Biblioteca/catalogoDegliStatutiMedievali.nsf/de148d287da34e08c1256e4c002f1718/106ca403f7244bb6c1256fa2005a4b28?OpenDocument","Gravedona I 1, I - Statuti dei comuni, 1403-1526",1403,"Gravedona","Gravedona","Gravedona I 1, I - Statuti dei comuni, 1403-1526",1403,"Gravedona",13112,"Gravedona",1,1403,NA,NA,NA,NA
"Gravedona ed Uniti","Gravedona ed Uniti","https://www.senato.it/w3/Biblioteca/catalogoDegliStatutiMedievali.nsf/de148d287da34e08c1256e4c002f1718/106ca403f7244bb6c1256fa2005a4b28?OpenDocument","Gravedona I 1, I - Statuti dei comuni, 1403-1526",1403,"Gravedona","Gravedona","Gravedona I 1, I - Statuti dei comuni, 1403-1526",1403,"Gravedona",13112,"Gravedona",1,1403,NA,NA,NA,NA
"Grognardo","Grognardo","https://www.senato.it/w3/Biblioteca/catalogoDegliStatutiMedievali.nsf/de148d287da34e08c1256e4c002f1718/3367cd04468cd4afc1256fa2005a4bca?OpenDocument","Grognardo I 1, I - Statuti dei comuni, 1327",1327,"Grognardo","Grognardo","Grognardo I 1, I - Statuti dei comuni, 1327",1327,"Grognardo",6084,"Grognardo",1,1327,NA,NA,NA,NA
"Grognardum","Grognardum","https://www.senato.it/w3/Biblioteca/catalogoDegliStatutiMedievali.nsf/de148d287da34e08c1256e4c002f1718/3367cd04468cd4afc1256fa2005a4bca?OpenDocument","Grognardo I 1, I - Statuti dei comuni, 1327",1327,"Grognardo","Grognardo","Grognardo I 1, I - Statuti dei comuni, 1327",1327,"Grognardo",6084,"Grognardo",1,1327,NA,NA,NA,NA
"Grognerdum","Grognerdum","https://www.senato.it/w3/Biblioteca/catalogoDegliStatutiMedievali.nsf/de148d287da34e08c1256e4c002f1718/3367cd04468cd4afc1256fa2005a4bca?OpenDocument","Grognardo I 1, I - Statuti dei comuni, 1327",1327,"Grognardo","Grognardo","Grognardo I 1, I - Statuti dei comuni, 1327",1327,"Grognardo",6084,"Grognardo",1,1327,NA,NA,NA,NA
"Grosio","Grosio","https://www.senato.it/w3/Biblioteca/catalogoDegliStatutiMedievali.nsf/de148d287da34e08c1256e4c002f1718/14f8fc5562231f8ac1256fa2005a4c3e?OpenDocument","Grosio I 1, I - Statuti dei comuni, 1729-1747",1729,"Grosio","Grosio","Grosio I 1, I - Statuti dei comuni, 1729-1747",1729,"Grosio",14033,"Grosio",1,1729,NA,NA,NA,NA
"Grosseto","Grosseto","https://www.senato.it/w3/Biblioteca/catalogoDegliStatutiMedievali.nsf/de148d287da34e08c1256e4c002f1718/a4485c03d5a6949dc1256fa2005a4c5a?OpenDocument","Grosseto I 1, I - Statuti dei comuni, 1592",1592,"Grosseto","Grosseto","Grosseto I 1, I - Statuti dei comuni, 1592",1592,"Grosseto",53011,"Grosseto",1,1592,NA,NA,NA,NA
"Grugliasco","Grugliasco","https://www.senato.it/w3/Biblioteca/catalogoDegliStatutiMedievali.nsf/de148d287da34e08c1256e4c002f1718/489ed01fc3390d16c1256fa2005a4c68?OpenDocument","Grugliasco I 1, I - Statuti dei comuni, 1699-1700",1699,"Grugliasco","Grugliasco","Grugliasco I 1, I - Statuti dei comuni, 1699-1700",1699,"Grugliasco",1120,"Grugliasco",1,1699,NA,NA,NA,NA
"Gualdo Cattaneo","Gualdo Cattaneo","https://www.senato.it/w3/Biblioteca/catalogoDegliStatutiMedievali.nsf/de148d287da34e08c1256e4c002f1718/541a53f36fc27e1ec1256fa2005a4c92?OpenDocument","Gualdo Cattaneo I 1, I - Statuti dei comuni, 1483",1483,"Gualdo Cattaneo","Gualdo Cattaneo","Gualdo Cattaneo I 1, I - Statuti dei comuni, 1483",1483,"Gualdo Cattaneo",54022,"Gualdo Cattaneo",1,1483,NA,NA,NA,NA
"Gualdo Tadino","Gualdo Tadino","https://www.senato.it/w3/Biblioteca/catalogoDegliStatutiMedievali.nsf/de148d287da34e08c1256e4c002f1718/5ae7ac9ce0d24e3ac1256fa2005a4cb0?OpenDocument","Gualdo Tadino I 1, I - Statuti dei comuni, 1433-1614",1433,"Gualdo Tadino","Gualdo Tadino","Gualdo Tadino I 1, I - Statuti dei comuni, 1433-1614",1433,"Gualdo Tadino",54023,"Gualdo Tadino",1,1433,NA,NA,NA,NA
"Gualdum","Gualdum","https://www.senato.it/w3/Biblioteca/catalogoDegliStatutiMedievali.nsf/de148d287da34e08c1256e4c002f1718/5ae7ac9ce0d24e3ac1256fa2005a4cb0?OpenDocument","Gualdo Tadino I 1, I - Statuti dei comuni, 1433-1614",1433,"Gualdo Tadino","Gualdo Tadino","Gualdo Tadino I 1, I - Statuti dei comuni, 1433-1614",1433,"Gualdo Tadino",54023,"Gualdo Tadino",1,1433,NA,NA,NA,NA
"Gualdum Captaneorum","Gualdum Captaneorum","https://www.senato.it/w3/Biblioteca/catalogoDegliStatutiMedievali.nsf/de148d287da34e08c1256e4c002f1718/541a53f36fc27e1ec1256fa2005a4c92?OpenDocument","Gualdo Cattaneo I 1, I - Statuti dei comuni, 1483",1483,"Gualdo Cattaneo","Gualdo Cattaneo","Gualdo Cattaneo I 1, I - Statuti dei comuni, 1483",1483,"Gualdo Cattaneo",54022,"Gualdo Cattaneo",1,1483,NA,NA,NA,NA
"Guardavalle","Guardavalle","https://www.senato.it/w3/Biblioteca/catalogoDegliStatutiMedievali.nsf/de148d287da34e08c1256e4c002f1718/a06268109d20f0c7c1256fa2005a4e6a?OpenDocument","Guardavalle II2 1, II 2 - Confraternite",NA,"Guardavalle","Guardavalle","Guardavalle II2 1, II 2 - Confraternite",NA,"Guardavalle",79061,"Guardavalle",1,NA,NA,NA,NA,NA
"Guardia Sanframondi","Guardia Sanframondi","https://www.senato.it/w3/Biblioteca/catalogoDegliStatutiMedievali.nsf/de148d287da34e08c1256e4c002f1718/ba82884bda686862c1256fa2005a4e78?OpenDocument","Guardia Sanframondi I 1, I - Statuti dei comuni, 1596-1599",1596,"Guardia Sanframondi","Guardia Sanframondi","Guardia Sanframondi I 1, I - Statuti dei comuni, 1596-1599",1596,"Guardia Sanframondi",62037,"Guardia Sanframondi",1,1596,NA,NA,NA,NA
"Guardistallo","Guardistallo","https://www.senato.it/w3/Biblioteca/catalogoDegliStatutiMedievali.nsf/de148d287da34e08c1256e4c002f1718/225bd2fcd8f017c5c1256fa3005c6648?OpenDocument","Guardistallo I 1, I - Statuti dei comuni, 1548-1735",1548,"Guardistallo","Guardistallo","Guardistallo I 1, I - Statuti dei comuni, 1548-1735",1548,"Guardistallo",50015,"Guardistallo",1,1548,NA,NA,NA,NA
"Guarene","Guarene","https://www.senato.it/w3/Biblioteca/catalogoDegliStatutiMedievali.nsf/de148d287da34e08c1256e4c002f1718/5a45c60252436a27c1256fa2005a4e91?OpenDocument","Guarene I 1, I - Statuti dei comuni, 1726-1728",1726,"Guarene","Guarene","Guarene I 1, I - Statuti dei comuni, 1726-1728",1726,"Guarene",4101,"Guarene",1,1726,NA,NA,NA,NA
"Guastalla","Guastalla","https://www.senato.it/w3/Biblioteca/catalogoDegliStatutiMedievali.nsf/de148d287da34e08c1256e4c002f1718/485491b998811ed4c1256fa2005a4e9f?OpenDocument","Guastalla I 1, I - Statuti dei comuni, 1227",1227,"Guastalla","Guastalla","Guastalla I 1, I - Statuti dei comuni, 1227",1227,"Guastalla",35024,"Guastalla",1,1227,NA,NA,NA,NA
"Gubbio","Gubbio","https://www.senato.it/w3/Biblioteca/catalogoDegliStatutiMedievali.nsf/de148d287da34e08c1256e4c002f1718/fdc4a6a0497db419c1256fa2005a4f74?OpenDocument","Gubbio I 1, I - Statuti dei comuni, 1253-1287",1253,"Gubbio","Gubbio","Gubbio I 1, I - Statuti dei comuni, 1253-1287",1253,"Gubbio",54024,"Gubbio",1,1253,NA,NA,NA,NA
"Guiglia","Guiglia","https://www.senato.it/w3/Biblioteca/catalogoDegliStatutiMedievali.nsf/de148d287da34e08c1256e4c002f1718/ff5c0167a3728600c1256fa2005a50d2?OpenDocument","Guiglia I 1, I - Statuti dei comuni, 1690",1690,"Guiglia","Guiglia","Guiglia I 1, I - Statuti dei comuni, 1690",1690,"Guiglia",36017,"Guiglia",1,1690,NA,NA,NA,NA
"Gussago","Gussago","https://www.senato.it/w3/Biblioteca/catalogoDegliStatutiMedievali.nsf/de148d287da34e08c1256e4c002f1718/dcdc19341086d358c1256fa3005c6712?OpenDocument","Gussago I 1, I - Statuti dei comuni, 1406-1744",1406,"Gussago","Gussago","Gussago I 1, I - Statuti dei comuni, 1406-1744",1406,"Gussago",17081,"Gussago",1,1406,NA,NA,NA,NA
"Hadria","Hadria","https://www.senato.it/w3/Biblioteca/catalogoDegliStatutiMedievali.nsf/de148d287da34e08c1256e4c002f1718/8c644fa78670df13c1256f9a00404cd5?OpenDocument","Adria I 1, I - Statuti dei comuni, 1442-1605",1442,"Adria","Adria","Adria I 1, I - Statuti dei comuni, 1442-1605",1442,"Adria",29001,"Adria",1,1442,NA,NA,NA,NA
"Hatria de Aprutio","Hatria de Aprutio","https://www.senato.it/w3/Biblioteca/catalogoDegliStatutiMedievali.nsf/de148d287da34e08c1256e4c002f1718/db3afe28314fd2f8c1256f9a00406214?OpenDocument","Atri I 1, I - Statuti dei comuni, 1336",1336,"Atri","Atri","Atri I 1, I - Statuti dei comuni, 1336",1336,"Atri",67004,"Atri",1,1336,NA,NA,NA,NA
"Honano","Honano","https://www.senato.it/w3/Biblioteca/catalogoDegliStatutiMedievali.nsf/de148d287da34e08c1256e4c002f1718/c35f793c3a8af51bc1256fa40048ce94?OpenDocument","Onano I 1, I - Statuti dei comuni, 1561-1678",1561,"Onano","Onano","Onano I 1, I - Statuti dei comuni, 1561-1678",1561,"Onano",56040,"Onano",1,1561,NA,NA,NA,NA
"Horta","Horta","https://www.senato.it/w3/Biblioteca/catalogoDegliStatutiMedievali.nsf/de148d287da34e08c1256e4c002f1718/4390e1072272017bc1256fa40048d215?OpenDocument","Orta San Giulio I 1, I - Statuti dei comuni, 1343-1390",1343,"Orta San Giulio","Orta San Giulio","Orta San Giulio I 1, I - Statuti dei comuni, 1343-1390",1343,"Orta San Giulio",3112,"Orta San Giulio",1,1343,NA,NA,NA,NA
"Hortinovum","Hortinovum","https://www.senato.it/w3/Biblioteca/catalogoDegliStatutiMedievali.nsf/de148d287da34e08c1256e4c002f1718/2fabc47d7507ff82c1256fa40048d2d2?OpenDocument","Ortonovo I 1, I - Statuti dei comuni, 1237",1237,"Ortonovo","Ortonovo","Ortonovo I 1, I - Statuti dei comuni, 1237",1237,"Ortonovo",11020,"Ortonovo",1,1237,NA,NA,NA,NA
"Hostiano","Hostiano","https://www.senato.it/w3/Biblioteca/catalogoDegliStatutiMedievali.nsf/de148d287da34e08c1256e4c002f1718/2f758146136b102fc1256fa40048d716?OpenDocument","Ostiano I 1, I - Statuti dei comuni, 1451-1603",1451,"Ostiano","Ostiano","Ostiano I 1, I - Statuti dei comuni, 1451-1603",1451,"Ostiano",19064,"Ostiano",1,1451,NA,NA,NA,NA
"Hostilianum","Hostilianum","https://www.senato.it/w3/Biblioteca/catalogoDegliStatutiMedievali.nsf/de148d287da34e08c1256e4c002f1718/3f1dea4928f0d8e0c1256fac004054e9?OpenDocument","Stigliano I 1, I - Statuti dei comuni, 1517-1552",1517,"Stigliano","Stigliano","Stigliano I 1, I - Statuti dei comuni, 1517-1552",1517,"Stigliano",77027,"Stigliano",1,1517,NA,NA,NA,NA
"Hostuneum","Hostuneum","https://www.senato.it/w3/Biblioteca/catalogoDegliStatutiMedievali.nsf/de148d287da34e08c1256e4c002f1718/d253078bf9dfc483c1256fa40048d8c2?OpenDocument","Ostuni I 1, I - Statuti dei comuni, 1463-1508",1463,"Ostuni","Ostuni","Ostuni I 1, I - Statuti dei comuni, 1463-1508",1463,"Ostuni",74012,"Ostuni",1,1463,NA,NA,NA,NA
"Hostuni","Hostuni","https://www.senato.it/w3/Biblioteca/catalogoDegliStatutiMedievali.nsf/de148d287da34e08c1256e4c002f1718/d253078bf9dfc483c1256fa40048d8c2?OpenDocument","Ostuni I 1, I - Statuti dei comuni, 1463-1508",1463,"Ostuni","Ostuni","Ostuni I 1, I - Statuti dei comuni, 1463-1508",1463,"Ostuni",74012,"Ostuni",1,1463,NA,NA,NA,NA
"Hostunium","Hostunium","https://www.senato.it/w3/Biblioteca/catalogoDegliStatutiMedievali.nsf/de148d287da34e08c1256e4c002f1718/d253078bf9dfc483c1256fa40048d8c2?OpenDocument","Ostuni I 1, I - Statuti dei comuni, 1463-1508",1463,"Ostuni","Ostuni","Ostuni I 1, I - Statuti dei comuni, 1463-1508",1463,"Ostuni",74012,"Ostuni",1,1463,NA,NA,NA,NA
"Hoyra","Hoyra","https://www.senato.it/w3/Biblioteca/catalogoDegliStatutiMedievali.nsf/de148d287da34e08c1256e4c002f1718/a4dc7f37b4086ed3c1256fa40048cfd6?OpenDocument","Oria I 1, I - Statuti dei comuni, 1491-1492",1491,"Oria","Oria","Oria I 1, I - Statuti dei comuni, 1491-1492",1491,"Oria",74011,"Oria",1,1491,NA,NA,NA,NA
"Hvar","Hvar","https://www.senato.it/w3/Biblioteca/catalogoDegliStatutiMedievali.nsf/de148d287da34e08c1256e4c002f1718/c3d95a5e30b4f163c1256fa3005eee01?OpenDocument","Lesina I 1, I - Statuti dei comuni, 1331-1643",1331,"Lesina","Lesina","Lesina I 1, I - Statuti dei comuni, 1331-1643",1331,"Lesina",71027,"Lesina",1,1331,NA,NA,NA,NA
"Iesi","Iesi","https://www.senato.it/w3/Biblioteca/catalogoDegliStatutiMedievali.nsf/de148d287da34e08c1256e4c002f1718/d0e0e9857f6a98c7c1256fa2005a50eb?OpenDocument","Iesi I 1, I - Statuti dei comuni, 1499",1499,"Jesi","Jesi","Iesi I 1, I - Statuti dei comuni, 1499",1499,"Jesi",42021,"Jesi",1,1499,NA,NA,NA,NA
"Igilium","Igilium","https://www.senato.it/w3/Biblioteca/catalogoDegliStatutiMedievali.nsf/de148d287da34e08c1256e4c002f1718/cf05ecf9ecd42cbfc1256fa2005a54b8?OpenDocument","Isola del Giglio I 1, I - Statuti dei comuni, 1561",1561,"Isola del Giglio","Isola del Giglio","Isola del Giglio I 1, I - Statuti dei comuni, 1561",1561,"Isola del Giglio",53012,"Isola del Giglio",1,1561,NA,NA,NA,NA
"Iglesias","Iglesias","https://www.senato.it/w3/Biblioteca/catalogoDegliStatutiMedievali.nsf/de148d287da34e08c1256e4c002f1718/24a0358d04657bbbc1256fa2005a518a?OpenDocument","Iglesias I 1, I - Statuti dei comuni, 1327-1684",1327,"Iglesias","Iglesias","Iglesias I 1, I - Statuti dei comuni, 1327-1684",1327,"Iglesias",107009,"Iglesias",1,1327,NA,NA,NA,NA
"Ilcinum","Ilcinum","https://www.senato.it/w3/Biblioteca/catalogoDegliStatutiMedievali.nsf/de148d287da34e08c1256e4c002f1718/20c3a220382e474ac1256fa300601cb4?OpenDocument","Montalcino I 1, I - Statuti dei comuni, 1401-1729",1401,"Montalcino","Montalcino","Montalcino I 1, I - Statuti dei comuni, 1401-1729",1401,"Montalcino",52014,"Montalcino",1,1401,NA,NA,NA,NA
"Ilicis","Ilicis","https://www.senato.it/w3/Biblioteca/catalogoDegliStatutiMedievali.nsf/de148d287da34e08c1256e4c002f1718/d24a0efd0a800715c1256fa3005eedb0?OpenDocument","Lerici I 1, I - Statuti dei comuni, 1438-1646",1438,"Lerici","Lerici","Lerici I 1, I - Statuti dei comuni, 1438-1646",1438,"Lerici",11016,"Lerici",1,1438,NA,NA,NA,NA
"Illicis","Illicis","https://www.senato.it/w3/Biblioteca/catalogoDegliStatutiMedievali.nsf/de148d287da34e08c1256e4c002f1718/d24a0efd0a800715c1256fa3005eedb0?OpenDocument","Lerici I 1, I - Statuti dei comuni, 1438-1646",1438,"Lerici","Lerici","Lerici I 1, I - Statuti dei comuni, 1438-1646",1438,"Lerici",11016,"Lerici",1,1438,NA,NA,NA,NA
"Imola","Imola","https://www.senato.it/w3/Biblioteca/catalogoDegliStatutiMedievali.nsf/de148d287da34e08c1256e4c002f1718/b7a62709c0ef89abc1256fa2005a51cd?OpenDocument","Imola I 1, I - Statuti dei comuni, 1334-1578",1334,"Imola","Imola","Imola I 1, I - Statuti dei comuni, 1334-1578",1334,"Imola",37032,"Imola",1,1334,NA,NA,NA,NA
"Improneta","Improneta","https://www.senato.it/w3/Biblioteca/catalogoDegliStatutiMedievali.nsf/de148d287da34e08c1256e4c002f1718/e0d35b168fce7e15c1256fa2005a530f?OpenDocument","Impruneta II2 1, II 2 - Confraternite",NA,"Impruneta","Impruneta","Impruneta II2 1, II 2 - Confraternite",NA,"Impruneta",48022,"Impruneta",1,NA,NA,NA,NA,NA
"Impruneta","Impruneta","https://www.senato.it/w3/Biblioteca/catalogoDegliStatutiMedievali.nsf/de148d287da34e08c1256e4c002f1718/e0d35b168fce7e15c1256fa2005a530f?OpenDocument","Impruneta II2 1, II 2 - Confraternite",NA,"Impruneta","Impruneta","Impruneta II2 1, II 2 - Confraternite",NA,"Impruneta",48022,"Impruneta",1,NA,NA,NA,NA,NA
"In Pruneto","In Pruneto","https://www.senato.it/w3/Biblioteca/catalogoDegliStatutiMedievali.nsf/de148d287da34e08c1256e4c002f1718/e0d35b168fce7e15c1256fa2005a530f?OpenDocument","Impruneta II2 1, II 2 - Confraternite",NA,"Impruneta","Impruneta","Impruneta II2 1, II 2 - Confraternite",NA,"Impruneta",48022,"Impruneta",1,NA,NA,NA,NA,NA
"Insula et Ripperia","Insula et Ripperia","https://www.senato.it/w3/Biblioteca/catalogoDegliStatutiMedievali.nsf/de148d287da34e08c1256e4c002f1718/4390e1072272017bc1256fa40048d215?OpenDocument","Orta San Giulio I 1, I - Statuti dei comuni, 1343-1390",1343,"Orta San Giulio","Orta San Giulio","Orta San Giulio I 1, I - Statuti dei comuni, 1343-1390",1343,"Orta San Giulio",3112,"Orta San Giulio",1,1343,NA,NA,NA,NA
"Interamna","Interamna","https://www.senato.it/w3/Biblioteca/catalogoDegliStatutiMedievali.nsf/de148d287da34e08c1256e4c002f1718/9736f2c63d0a80eac1256f3b004d2257?OpenDocument","Terni I 1, I - Statuti dei comuni, 1519",1519,"Terni","Terni","Terni I 1, I - Statuti dei comuni, 1519",1519,"Terni",55032,"Terni",1,1519,NA,NA,NA,NA
"Invorio","Invorio","https://www.senato.it/w3/Biblioteca/catalogoDegliStatutiMedievali.nsf/de148d287da34e08c1256e4c002f1718/b3e20f357fbb28c5c1256fa2005a5422?OpenDocument","Invorio I 1, I - Statuti dei comuni, 1366",1366,"Invorio","Invorio","Invorio I 1, I - Statuti dei comuni, 1366",1366,"Invorio",3082,"Invorio",1,1366,NA,NA,NA,NA
"Invorium","Invorium","https://www.senato.it/w3/Biblioteca/catalogoDegliStatutiMedievali.nsf/de148d287da34e08c1256e4c002f1718/b3e20f357fbb28c5c1256fa2005a5422?OpenDocument","Invorio I 1, I - Statuti dei comuni, 1366",1366,"Invorio","Invorio","Invorio I 1, I - Statuti dei comuni, 1366",1366,"Invorio",3082,"Invorio",1,1366,NA,NA,NA,NA
"Ipporegia","Ipporegia","https://www.senato.it/w3/Biblioteca/catalogoDegliStatutiMedievali.nsf/de148d287da34e08c1256e4c002f1718/ba1a1b0456b6966dc1256fa2005a56bd?OpenDocument","Ivrea I 1, I - Statuti dei comuni, 1213-1229",1213,"Ivrea","Ivrea","Ivrea I 1, I - Statuti dei comuni, 1213-1229",1213,"Ivrea",1125,"Ivrea",1,1213,NA,NA,NA,NA
"Ischia","Ischia","https://www.senato.it/w3/Biblioteca/catalogoDegliStatutiMedievali.nsf/de148d287da34e08c1256e4c002f1718/c5951d65cb7c3d9cc1256fa2005a5461?OpenDocument","Ischia I 1, I - Statuti dei comuni, 1492",1492,"Ischia","Ischia","Ischia I 1, I - Statuti dei comuni, 1492",1492,"Ischia",63037,"Ischia",1,1492,NA,NA,NA,NA
"Isernia","Isernia","https://www.senato.it/w3/Biblioteca/catalogoDegliStatutiMedievali.nsf/de148d287da34e08c1256e4c002f1718/58d23b580f43fa1dc1256fa2005a5478?OpenDocument","Isernia I 1, I - Statuti dei comuni, 1649-1669",1649,"Isernia","Isernia","Isernia I 1, I - Statuti dei comuni, 1649-1669",1649,"Isernia",94023,"Isernia",1,1649,NA,NA,NA,NA
"Isola del Giglio","Isola del Giglio","https://www.senato.it/w3/Biblioteca/catalogoDegliStatutiMedievali.nsf/de148d287da34e08c1256e4c002f1718/cf05ecf9ecd42cbfc1256fa2005a54b8?OpenDocument","Isola del Giglio I 1, I - Statuti dei comuni, 1561",1561,"Isola del Giglio","Isola del Giglio","Isola del Giglio I 1, I - Statuti dei comuni, 1561",1561,"Isola del Giglio",53012,"Isola del Giglio",1,1561,NA,NA,NA,NA
"Isola Romana","Isola Romana","https://www.senato.it/w3/Biblioteca/catalogoDegliStatutiMedievali.nsf/de148d287da34e08c1256e4c002f1718/a4310d2720bfd0d7c1256f9a0042281b?OpenDocument","Bastia Umbra I 1, I - Statuti dei comuni, 1662-1773",1662,"Bastia Umbra","Bastia Umbra","Bastia Umbra I 1, I - Statuti dei comuni, 1662-1773",1662,"Bastia Umbra",54002,"Bastia Umbra",1,1662,NA,NA,NA,NA
"Issogne","Issogne","https://www.senato.it/w3/Biblioteca/catalogoDegliStatutiMedievali.nsf/de148d287da34e08c1256e4c002f1718/8c0f9329f1af70a9c1256fa2005a5524?OpenDocument","Issogne I 1, I - Statuti dei comuni, 1284",1284,"Issogne","Issogne","Issogne I 1, I - Statuti dei comuni, 1284",1284,"Issogne",7037,"Issogne",1,1284,NA,NA,NA,NA
"Itri","Itri","https://www.senato.it/w3/Biblioteca/catalogoDegliStatutiMedievali.nsf/de148d287da34e08c1256e4c002f1718/708ccf83526f71fcc1256fa2005a563f?OpenDocument","Itri I 1, I - Statuti dei comuni, 1406-1566",1406,"Itri","Itri","Itri I 1, I - Statuti dei comuni, 1406-1566",1406,"Itri",59010,"Itri",1,1406,NA,NA,NA,NA
"Itrum","Itrum","https://www.senato.it/w3/Biblioteca/catalogoDegliStatutiMedievali.nsf/de148d287da34e08c1256e4c002f1718/708ccf83526f71fcc1256fa2005a563f?OpenDocument","Itri I 1, I - Statuti dei comuni, 1406-1566",1406,"Itri","Itri","Itri I 1, I - Statuti dei comuni, 1406-1566",1406,"Itri",59010,"Itri",1,1406,NA,NA,NA,NA
"Iuvenatium","Iuvenatium","https://www.senato.it/w3/Biblioteca/catalogoDegliStatutiMedievali.nsf/de148d287da34e08c1256e4c002f1718/3ed80cc07a191182c1256fa2005a4875?OpenDocument","Giovinazzo I 1, I - Statuti dei comuni, 1584",1584,"Giovinazzo","Giovinazzo","Giovinazzo I 1, I - Statuti dei comuni, 1584",1584,"Giovinazzo",72022,"Giovinazzo",1,1584,NA,NA,NA,NA
"Ivrea","Ivrea","https://www.senato.it/w3/Biblioteca/catalogoDegliStatutiMedievali.nsf/de148d287da34e08c1256e4c002f1718/ba1a1b0456b6966dc1256fa2005a56bd?OpenDocument","Ivrea I 1, I - Statuti dei comuni, 1213-1229",1213,"Ivrea","Ivrea","Ivrea I 1, I - Statuti dei comuni, 1213-1229",1213,"Ivrea",1125,"Ivrea",1,1213,NA,NA,NA,NA
"Janua","Janua","https://www.senato.it/w3/Biblioteca/catalogoDegliStatutiMedievali.nsf/de148d287da34e08c1256e4c002f1718/c6316ee8431c6cffc1256fa2005a34f3?OpenDocument","Genova I 1, I - Statuti dei comuni, 958-1056",1056,"Genova","Genova","Genova I 1, I - Statuti dei comuni, 958-1056",1056,"Genova",10025,"Genova",1,1056,NA,NA,NA,NA
"Javenum","Javenum","https://www.senato.it/w3/Biblioteca/catalogoDegliStatutiMedievali.nsf/de148d287da34e08c1256e4c002f1718/332aab50af27ad54c1256fa2005a47b6?OpenDocument","Giaveno I 1, I - Statuti dei comuni, 1454-1456",1454,"Giaveno","Giaveno","Giaveno I 1, I - Statuti dei comuni, 1454-1456",1454,"Giaveno",1115,"Giaveno",1,1454,NA,NA,NA,NA
"Jesi","Jesi","https://www.senato.it/w3/Biblioteca/catalogoDegliStatutiMedievali.nsf/de148d287da34e08c1256e4c002f1718/d0e0e9857f6a98c7c1256fa2005a50eb?OpenDocument","Iesi I 1, I - Statuti dei comuni, 1499",1499,"Jesi","Jesi","Iesi I 1, I - Statuti dei comuni, 1499",1499,"Jesi",42021,"Jesi",1,1499,NA,NA,NA,NA
"Jovenazo","Jovenazo","https://www.senato.it/w3/Biblioteca/catalogoDegliStatutiMedievali.nsf/de148d287da34e08c1256e4c002f1718/3ed80cc07a191182c1256fa2005a4875?OpenDocument","Giovinazzo I 1, I - Statuti dei comuni, 1584",1584,"Giovinazzo","Giovinazzo","Giovinazzo I 1, I - Statuti dei comuni, 1584",1584,"Giovinazzo",72022,"Giovinazzo",1,1584,NA,NA,NA,NA
"Kaller","Kaller","https://www.senato.it/w3/Biblioteca/catalogoDegliStatutiMedievali.nsf/de148d287da34e08c1256e4c002f1718/d5395f0e53400843c1256f9a0047a974?OpenDocument","Cagliari I 1, I - Statuti dei comuni, 1025-1766",1025,"Cagliari","Cagliari","Cagliari I 1, I - Statuti dei comuni, 1025-1766",1025,"Cagliari",92009,"Cagliari",1,1025,NA,NA,NA,NA
"L'Aquila","L'Aquila","https://www.senato.it/w3/Biblioteca/catalogoDegliStatutiMedievali.nsf/de148d287da34e08c1256e4c002f1718/9cc46c38b23b01ffc1256fa3005edb78?OpenDocument","L'Aquila I 1, I - Statuti dei comuni, 1254",1254,"L'Aquila","L'Aquila","L'Aquila I 1, I - Statuti dei comuni, 1254",1254,"L'Aquila",66049,"L'Aquila",1,1254,NA,NA,NA,NA
"L'Ariccia","L'Ariccia","https://www.senato.it/w3/Biblioteca/catalogoDegliStatutiMedievali.nsf/de148d287da34e08c1256e4c002f1718/d82e9c1fab9aef45c1256f9a00405c7b?OpenDocument","Ariccia I 1, I - Statuti dei comuni, 1605-1615",1605,"Ariccia","Ariccia","Ariccia I 1, I - Statuti dei comuni, 1605-1615",1605,"Ariccia",58009,"Ariccia",1,1605,NA,NA,NA,NA
"La Conexa","La Conexa","https://www.senato.it/w3/Biblioteca/catalogoDegliStatutiMedievali.nsf/de148d287da34e08c1256e4c002f1718/92c77544d91dfe18c1256fa3005eeba3?OpenDocument","Leonessa I 1, I - Statuti dei comuni, 1299-1784",1299,"Leonessa","Leonessa","Leonessa I 1, I - Statuti dei comuni, 1299-1784",1299,"Leonessa",57033,"Leonessa",1,1299,NA,NA,NA,NA
"La Matrice","La Matrice","https://www.senato.it/w3/Biblioteca/catalogoDegliStatutiMedievali.nsf/de148d287da34e08c1256e4c002f1718/ed6b05a2cba03f09c1256f9a00405546?OpenDocument","Amatrice I 1, I - Statuti dei comuni, 1491",1491,"Amatrice","Amatrice","Amatrice I 1, I - Statuti dei comuni, 1491",1491,"Amatrice",57002,"Amatrice",1,1491,NA,NA,NA,NA
"La Morra","La Morra","https://www.senato.it/w3/Biblioteca/catalogoDegliStatutiMedievali.nsf/de148d287da34e08c1256e4c002f1718/47d40782670f2feac1256fa3005ee707?OpenDocument","La Morra I 1, I - Statuti dei comuni, 1461-1680",1461,"La Morra","La Morra","La Morra I 1, I - Statuti dei comuni, 1461-1680",1461,"La Morra",4105,"La Morra",1,1461,NA,NA,NA,NA
"La Spezia","La Spezia","https://www.senato.it/w3/Biblioteca/catalogoDegliStatutiMedievali.nsf/de148d287da34e08c1256e4c002f1718/d8e1cb95647ccaa4c1256fa3005ee762?OpenDocument","La Spezia I 1, I - Statuti dei comuni, 1407",1407,"La Spezia","La Spezia","La Spezia I 1, I - Statuti dei comuni, 1407",1407,"La Spezia",11015,"La Spezia",1,1407,NA,NA,NA,NA
"Labrone","Labrone","https://www.senato.it/w3/Biblioteca/catalogoDegliStatutiMedievali.nsf/de148d287da34e08c1256e4c002f1718/bc86ac0d08301206c1256fa3005fb3c4?OpenDocument","Livorno I 1, I - Statuti dei comuni, 1399-1581",1399,"Livorno","Livorno","Livorno I 1, I - Statuti dei comuni, 1399-1581",1399,"Livorno",49009,"Livorno",1,1399,NA,NA,NA,NA
"Laghi","Laghi","https://www.senato.it/w3/Biblioteca/catalogoDegliStatutiMedievali.nsf/de148d287da34e08c1256e4c002f1718/7936e02546bc82bdc1256fa3005ee0bc?OpenDocument","Laghi I 1, I - Statuti dei comuni, 1772",1772,"Laghi","Laghi","Laghi I 1, I - Statuti dei comuni, 1772",1772,"Laghi",24049,"Laghi",1,1772,NA,NA,NA,NA
"Lagnaschum","Lagnaschum","https://www.senato.it/w3/Biblioteca/catalogoDegliStatutiMedievali.nsf/de148d287da34e08c1256e4c002f1718/a8477d190413c0acc1256fa3005ee0cc?OpenDocument","Lagnasco I 1, I - Statuti dei comuni, 1463-1609",1463,"Lagnasco","Lagnasco","Lagnasco I 1, I - Statuti dei comuni, 1463-1609",1463,"Lagnasco",4104,"Lagnasco",1,1463,NA,NA,NA,NA
"Lagnasco","Lagnasco","https://www.senato.it/w3/Biblioteca/catalogoDegliStatutiMedievali.nsf/de148d287da34e08c1256e4c002f1718/a8477d190413c0acc1256fa3005ee0cc?OpenDocument","Lagnasco I 1, I - Statuti dei comuni, 1463-1609",1463,"Lagnasco","Lagnasco","Lagnasco I 1, I - Statuti dei comuni, 1463-1609",1463,"Lagnasco",4104,"Lagnasco",1,1463,NA,NA,NA,NA
"Lagonissa","Lagonissa","https://www.senato.it/w3/Biblioteca/catalogoDegliStatutiMedievali.nsf/de148d287da34e08c1256e4c002f1718/92c77544d91dfe18c1256fa3005eeba3?OpenDocument","Leonessa I 1, I - Statuti dei comuni, 1299-1784",1299,"Leonessa","Leonessa","Leonessa I 1, I - Statuti dei comuni, 1299-1784",1299,"Leonessa",57033,"Leonessa",1,1299,NA,NA,NA,NA
"Laigueglia","Laigueglia","https://www.senato.it/w3/Biblioteca/catalogoDegliStatutiMedievali.nsf/de148d287da34e08c1256e4c002f1718/bd6c07ca93b25f12c1257719004df607?OpenDocument","[Replication or Save Conflict]",NA,"Laigueglia","Laigueglia","[Replication or Save Conflict]",NA,"Laigueglia",9033,"Laigueglia",1,NA,NA,NA,NA,NA
"Laino","Laino","https://www.senato.it/w3/Biblioteca/catalogoDegliStatutiMedievali.nsf/de148d287da34e08c1256e4c002f1718/5c04dab7dab5666cc1256fa3005ee48e?OpenDocument","Laino I 1, I - Statuti dei comuni, sec. XIV-XVI",NA,"Laino","Laino","Laino I 1, I - Statuti dei comuni, sec. XIV-XVI",NA,"Laino",13120,"Laino",1,NA,NA,NA,NA,NA
"Laino Borgo","Laino Borgo","https://www.senato.it/w3/Biblioteca/catalogoDegliStatutiMedievali.nsf/de148d287da34e08c1256e4c002f1718/91bd8d7b621f9e49c1256fa3005ee4a1?OpenDocument","Laino Borgo I 1, I - Statuti dei comuni, 1470-1535",1470,"Laino Borgo","Laino Borgo","Laino Borgo I 1, I - Statuti dei comuni, 1470-1535",1470,"Laino Borgo",78063,"Laino Borgo",1,1470,NA,NA,NA,NA
"Laino Bruzio","Laino Bruzio","https://www.senato.it/w3/Biblioteca/catalogoDegliStatutiMedievali.nsf/de148d287da34e08c1256e4c002f1718/91bd8d7b621f9e49c1256fa3005ee4a1?OpenDocument","Laino Borgo I 1, I - Statuti dei comuni, 1470-1535",1470,"Laino Borgo","Laino Borgo","Laino Borgo I 1, I - Statuti dei comuni, 1470-1535",1470,"Laino Borgo",78063,"Laino Borgo",1,1470,NA,NA,NA,NA
"Laino Castello","Laino Castello","https://www.senato.it/w3/Biblioteca/catalogoDegliStatutiMedievali.nsf/de148d287da34e08c1256e4c002f1718/0207c6e69b5feb26c12571d4002e66b4?OpenDocument","Laino Castello I 1, I - Statuti dei comuni, 1470-1535",1470,"Laino Castello","Laino Castello","Laino Castello I 1, I - Statuti dei comuni, 1470-1535",1470,"Laino Castello",78064,"Laino Castello",1,1470,NA,NA,NA,NA
"Lainum","Lainum","https://www.senato.it/w3/Biblioteca/catalogoDegliStatutiMedievali.nsf/de148d287da34e08c1256e4c002f1718/91bd8d7b621f9e49c1256fa3005ee4a1?OpenDocument","Laino Borgo I 1, I - Statuti dei comuni, 1470-1535",1470,"Laino Borgo","Laino Borgo","Laino Borgo I 1, I - Statuti dei comuni, 1470-1535",1470,"Laino Borgo",78063,"Laino Borgo",1,1470,NA,NA,NA,NA
"Lajatico","Lajatico","https://www.senato.it/w3/Biblioteca/catalogoDegliStatutiMedievali.nsf/de148d287da34e08c1256e4c002f1718/24fc4edbf3239db5c1256fa3005ee515?OpenDocument","Lajatico I 1, I - Statuti dei comuni, 1416-1417",1416,"Lajatico","Lajatico","Lajatico I 1, I - Statuti dei comuni, 1416-1417",1416,"Lajatico",50016,"Lajatico",1,1416,NA,NA,NA,NA
"Lanceum","Lanceum","https://www.senato.it/w3/Biblioteca/catalogoDegliStatutiMedievali.nsf/de148d287da34e08c1256e4c002f1718/8f8f44bd16647283c1256fa3005ee5ba?OpenDocument","Lanzo Torinese I 1, I - Statuti dei comuni, 1351-1556",1351,"Lanzo Torinese","Lanzo Torinese","Lanzo Torinese I 1, I - Statuti dei comuni, 1351-1556",1351,"Lanzo Torinese",1128,"Lanzo Torinese",1,1351,NA,NA,NA,NA
"Langueglia","Langueglia","https://www.senato.it/w3/Biblioteca/catalogoDegliStatutiMedievali.nsf/de148d287da34e08c1256e4c002f1718/bd6c07ca93b25f12c1257719004df607?OpenDocument","[Replication or Save Conflict]",NA,"Laigueglia","Laigueglia","[Replication or Save Conflict]",NA,"Laigueglia",9033,"Laigueglia",1,NA,NA,NA,NA,NA
"Lanzo Torinese","Lanzo Torinese","https://www.senato.it/w3/Biblioteca/catalogoDegliStatutiMedievali.nsf/de148d287da34e08c1256e4c002f1718/8f8f44bd16647283c1256fa3005ee5ba?OpenDocument","Lanzo Torinese I 1, I - Statuti dei comuni, 1351-1556",1351,"Lanzo Torinese","Lanzo Torinese","Lanzo Torinese I 1, I - Statuti dei comuni, 1351-1556",1351,"Lanzo Torinese",1128,"Lanzo Torinese",1,1351,NA,NA,NA,NA
"Lastra a Signa","Lastra a Signa","https://www.senato.it/w3/Biblioteca/catalogoDegliStatutiMedievali.nsf/de148d287da34e08c1256e4c002f1718/165d17abd4e279cac1256fa3005ee614?OpenDocument","Lastra a Signa I 1, I - Statuti dei comuni, 1562-1759",1562,"Lastra a Signa","Lastra a Signa","Lastra a Signa I 1, I - Statuti dei comuni, 1562-1759",1562,"Lastra a Signa",48024,"Lastra a Signa",1,1562,NA,NA,NA,NA
"Laterina","Laterina","https://www.senato.it/w3/Biblioteca/catalogoDegliStatutiMedievali.nsf/de148d287da34e08c1256e4c002f1718/791dbd84fac60cbdc1256fa3005ee662?OpenDocument","Laterina II2 1, II 2 - Confraternite",NA,"Laterina","Laterina","Laterina II2 1, II 2 - Confraternite",NA,"Laterina",51019,"Laterina",1,NA,NA,NA,NA,NA
"Latisana","Latisana","https://www.senato.it/w3/Biblioteca/catalogoDegliStatutiMedievali.nsf/de148d287da34e08c1256e4c002f1718/b4bf5c51ecd49054c1256fa3005ee671?OpenDocument","Latisana I 1, I - Statuti dei comuni, 1528-1760",1528,"Latisana","Latisana","Latisana I 1, I - Statuti dei comuni, 1528-1760",1528,"Latisana",30046,"Latisana",1,1528,NA,NA,NA,NA
"Lattisana","Lattisana","https://www.senato.it/w3/Biblioteca/catalogoDegliStatutiMedievali.nsf/de148d287da34e08c1256e4c002f1718/b4bf5c51ecd49054c1256fa3005ee671?OpenDocument","Latisana I 1, I - Statuti dei comuni, 1528-1760",1528,"Latisana","Latisana","Latisana I 1, I - Statuti dei comuni, 1528-1760",1528,"Latisana",30046,"Latisana",1,1528,NA,NA,NA,NA
"Lauda","Lauda","https://www.senato.it/w3/Biblioteca/catalogoDegliStatutiMedievali.nsf/de148d287da34e08c1256e4c002f1718/c8491121904e9c97c1256fa3005fb5ce?OpenDocument","Lodi I 1, I - Statuti dei comuni, 1198-1307",1198,"Lodi","Lodi","Lodi I 1, I - Statuti dei comuni, 1198-1307",1198,"Lodi",98031,"Lodi",1,1198,NA,NA,NA,NA
"Laude Pompeia","Laude Pompeia","https://www.senato.it/w3/Biblioteca/catalogoDegliStatutiMedievali.nsf/de148d287da34e08c1256e4c002f1718/c8491121904e9c97c1256fa3005fb5ce?OpenDocument","Lodi I 1, I - Statuti dei comuni, 1198-1307",1198,"Lodi","Lodi","Lodi I 1, I - Statuti dei comuni, 1198-1307",1198,"Lodi",98031,"Lodi",1,1198,NA,NA,NA,NA
"Laurentum in Aprutio","Laurentum in Aprutio","https://www.senato.it/w3/Biblioteca/catalogoDegliStatutiMedievali.nsf/de148d287da34e08c1256e4c002f1718/24c1a7d1160e2cdfc1256fa3005fb9ef?OpenDocument","Loreto Aprutino I 1, I - Statuti dei comuni, 1474-1543",1474,"Loreto Aprutino","Loreto Aprutino","Loreto Aprutino I 1, I - Statuti dei comuni, 1474-1543",1474,"Loreto Aprutino",68021,"Loreto Aprutino",1,1474,NA,NA,NA,NA
"Lauretum","Lauretum","https://www.senato.it/w3/Biblioteca/catalogoDegliStatutiMedievali.nsf/de148d287da34e08c1256e4c002f1718/49010753652d682bc1256fa3005fb955?OpenDocument","Loreo I 1, I - Statuti dei comuni, 1094-1485",1094,"Loreo","Loreo","Loreo I 1, I - Statuti dei comuni, 1094-1485",1094,"Loreo",29030,"Loreo",1,1094,NA,NA,NA,NA
"Laurino","Laurino","https://www.senato.it/w3/Biblioteca/catalogoDegliStatutiMedievali.nsf/de148d287da34e08c1256e4c002f1718/c9e0c9cdac5c78fbc1256fa3005ee682?OpenDocument","Laurino I 1, I - Statuti dei comuni, sec. XIII-XVIII",NA,"Laurino","Laurino","Laurino I 1, I - Statuti dei comuni, sec. XIII-XVIII",NA,"Laurino",65061,"Laurino",1,NA,NA,NA,NA,NA
"Laurinum","Laurinum","https://www.senato.it/w3/Biblioteca/catalogoDegliStatutiMedievali.nsf/de148d287da34e08c1256e4c002f1718/c9e0c9cdac5c78fbc1256fa3005ee682?OpenDocument","Laurino I 1, I - Statuti dei comuni, sec. XIII-XVIII",NA,"Laurino","Laurino","Laurino I 1, I - Statuti dei comuni, sec. XIII-XVIII",NA,"Laurino",65061,"Laurino",1,NA,NA,NA,NA,NA
"Laus Pompeia","Laus Pompeia","https://www.senato.it/w3/Biblioteca/catalogoDegliStatutiMedievali.nsf/de148d287da34e08c1256e4c002f1718/c8491121904e9c97c1256fa3005fb5ce?OpenDocument","Lodi I 1, I - Statuti dei comuni, 1198-1307",1198,"Lodi","Lodi","Lodi I 1, I - Statuti dei comuni, 1198-1307",1198,"Lodi",98031,"Lodi",1,1198,NA,NA,NA,NA
"Layno","Layno","https://www.senato.it/w3/Biblioteca/catalogoDegliStatutiMedievali.nsf/de148d287da34e08c1256e4c002f1718/5c04dab7dab5666cc1256fa3005ee48e?OpenDocument","Laino I 1, I - Statuti dei comuni, sec. XIV-XVI",NA,"Laino","Laino","Laino I 1, I - Statuti dei comuni, sec. XIV-XVI",NA,"Laino",13120,"Laino",1,NA,NA,NA,NA,NA
"Lecce","Lecce","https://www.senato.it/w3/Biblioteca/catalogoDegliStatutiMedievali.nsf/de148d287da34e08c1256e4c002f1718/cbd0722952cfc942c1256fa3005ee79a?OpenDocument","Lecce I 1, I - Statuti dei comuni, 1406-1463",1406,"Lecce","Lecce","Lecce I 1, I - Statuti dei comuni, 1406-1463",1406,"Lecce",75035,"Lecce",1,1406,NA,NA,NA,NA
"Lecco","Lecco","https://www.senato.it/w3/Biblioteca/catalogoDegliStatutiMedievali.nsf/de148d287da34e08c1256e4c002f1718/8bea448b6105e0cbc1256fa3005ee868?OpenDocument","Lecco I 1, I - Statuti dei comuni, sec. XIV",NA,"Lecco","Lecco","Lecco I 1, I - Statuti dei comuni, sec. XIV",NA,"Lecco",97042,"Lecco",1,NA,NA,NA,NA,NA
"Lecze","Lecze","https://www.senato.it/w3/Biblioteca/catalogoDegliStatutiMedievali.nsf/de148d287da34e08c1256e4c002f1718/cbd0722952cfc942c1256fa3005ee79a?OpenDocument","Lecce I 1, I - Statuti dei comuni, 1406-1463",1406,"Lecce","Lecce","Lecce I 1, I - Statuti dei comuni, 1406-1463",1406,"Lecce",75035,"Lecce",1,1406,NA,NA,NA,NA
"Lefe","Lefe","https://www.senato.it/w3/Biblioteca/catalogoDegliStatutiMedievali.nsf/de148d287da34e08c1256e4c002f1718/552c06df605f571ec1256fa3005ee8b3?OpenDocument","Leffe I 1, I - Statuti dei comuni, 1263-1498",1263,"Leffe","Leffe","Leffe I 1, I - Statuti dei comuni, 1263-1498",1263,"Leffe",16124,"Leffe",1,1263,NA,NA,NA,NA
"Leffe","Leffe","https://www.senato.it/w3/Biblioteca/catalogoDegliStatutiMedievali.nsf/de148d287da34e08c1256e4c002f1718/552c06df605f571ec1256fa3005ee8b3?OpenDocument","Leffe I 1, I - Statuti dei comuni, 1263-1498",1263,"Leffe","Leffe","Leffe I 1, I - Statuti dei comuni, 1263-1498",1263,"Leffe",16124,"Leffe",1,1263,NA,NA,NA,NA
"Legnago","Legnago","https://www.senato.it/w3/Biblioteca/catalogoDegliStatutiMedievali.nsf/de148d287da34e08c1256e4c002f1718/fc493321dbcc8829c1256fa3005ee8e1?OpenDocument","Legnago I 1, I - Statuti dei comuni, 1554-1555",1554,"Legnago","Legnago","Legnago I 1, I - Statuti dei comuni, 1554-1555",1554,"Legnago",23044,"Legnago",1,1554,NA,NA,NA,NA
"Lemen","Lemen","https://www.senato.it/w3/Biblioteca/catalogoDegliStatutiMedievali.nsf/de148d287da34e08c1256e4c002f1718/50dcf9db11e3a6a2c1256f9a00405364?OpenDocument","Almenno I 1, I - Statuti dei comuni, 1428",1428,"Almenno San Bartolomeo","Almenno San Bartolomeo","Almenno I 1, I - Statuti dei comuni, 1428",1428,"Almenno San Bartolomeo",16006,"Almenno San Bartolomeo",1,1428,NA,NA,NA,NA
"Lendenaria","Lendenaria","https://www.senato.it/w3/Biblioteca/catalogoDegliStatutiMedievali.nsf/de148d287da34e08c1256e4c002f1718/829e81ef350ec852c1256fa3005ee9a2?OpenDocument","Lendinara I 1, I - Statuti dei comuni, 1482",1482,"Lendinara","Lendinara","Lendinara I 1, I - Statuti dei comuni, 1482",1482,"Lendinara",29029,"Lendinara",1,1482,NA,NA,NA,NA
"Lendinara","Lendinara","https://www.senato.it/w3/Biblioteca/catalogoDegliStatutiMedievali.nsf/de148d287da34e08c1256e4c002f1718/829e81ef350ec852c1256fa3005ee9a2?OpenDocument","Lendinara I 1, I - Statuti dei comuni, 1482",1482,"Lendinara","Lendinara","Lendinara I 1, I - Statuti dei comuni, 1482",1482,"Lendinara",29029,"Lendinara",1,1482,NA,NA,NA,NA
"Lengueglia","Lengueglia","https://www.senato.it/w3/Biblioteca/catalogoDegliStatutiMedievali.nsf/de148d287da34e08c1256e4c002f1718/bd6c07ca93b25f12c1257719004df607?OpenDocument","[Replication or Save Conflict]",NA,"Laigueglia","Laigueglia","[Replication or Save Conflict]",NA,"Laigueglia",9033,"Laigueglia",1,NA,NA,NA,NA,NA
"Leniacum","Leniacum","https://www.senato.it/w3/Biblioteca/catalogoDegliStatutiMedievali.nsf/de148d287da34e08c1256e4c002f1718/fc493321dbcc8829c1256fa3005ee8e1?OpenDocument","Legnago I 1, I - Statuti dei comuni, 1554-1555",1554,"Legnago","Legnago","Legnago I 1, I - Statuti dei comuni, 1554-1555",1554,"Legnago",23044,"Legnago",1,1554,NA,NA,NA,NA
"Lentini","Lentini","https://www.senato.it/w3/Biblioteca/catalogoDegliStatutiMedievali.nsf/de148d287da34e08c1256e4c002f1718/3b42061104dc08ecc1256fa3005eeb58?OpenDocument","Lentini I 1, I - Statuti dei comuni, 1400",1400,"Lentini","Lentini","Lentini I 1, I - Statuti dei comuni, 1400",1400,"Lentini",89011,"Lentini",1,1400,NA,NA,NA,NA
"Leonaum","Leonaum","https://www.senato.it/w3/Biblioteca/catalogoDegliStatutiMedievali.nsf/de148d287da34e08c1256e4c002f1718/ca620e2855dec53fc1256fa3005fc741?OpenDocument","Lunano I 1, I - Statuti dei comuni, sec. XV-XVIII",NA,"Lunano","Lunano","Lunano I 1, I - Statuti dei comuni, sec. XV-XVIII",NA,"Lunano",41022,"Lunano",1,NA,NA,NA,NA,NA
"Leonessa","Leonessa","https://www.senato.it/w3/Biblioteca/catalogoDegliStatutiMedievali.nsf/de148d287da34e08c1256e4c002f1718/92c77544d91dfe18c1256fa3005eeba3?OpenDocument","Leonessa I 1, I - Statuti dei comuni, 1299-1784",1299,"Leonessa","Leonessa","Leonessa I 1, I - Statuti dei comuni, 1299-1784",1299,"Leonessa",57033,"Leonessa",1,1299,NA,NA,NA,NA
"Leonissa","Leonissa","https://www.senato.it/w3/Biblioteca/catalogoDegliStatutiMedievali.nsf/de148d287da34e08c1256e4c002f1718/92c77544d91dfe18c1256fa3005eeba3?OpenDocument","Leonessa I 1, I - Statuti dei comuni, 1299-1784",1299,"Leonessa","Leonessa","Leonessa I 1, I - Statuti dei comuni, 1299-1784",1299,"Leonessa",57033,"Leonessa",1,1299,NA,NA,NA,NA
"Leontini","Leontini","https://www.senato.it/w3/Biblioteca/catalogoDegliStatutiMedievali.nsf/de148d287da34e08c1256e4c002f1718/3b42061104dc08ecc1256fa3005eeb58?OpenDocument","Lentini I 1, I - Statuti dei comuni, 1400",1400,"Lentini","Lentini","Lentini I 1, I - Statuti dei comuni, 1400",1400,"Lentini",89011,"Lentini",1,1400,NA,NA,NA,NA
"Lequio","Lequio","https://www.senato.it/w3/Biblioteca/catalogoDegliStatutiMedievali.nsf/de148d287da34e08c1256e4c002f1718/942fe1c7f7386a9bc1256fa3005eed9c?OpenDocument","Lequio Tanaro I 1, I - Statuti dei comuni, 1293-1545",1293,"Lequio Tanaro","Lequio Tanaro","Lequio Tanaro I 1, I - Statuti dei comuni, 1293-1545",1293,"Lequio Tanaro",4107,"Lequio Tanaro",1,1293,NA,NA,NA,NA
"Lequio Tanaro","Lequio Tanaro","https://www.senato.it/w3/Biblioteca/catalogoDegliStatutiMedievali.nsf/de148d287da34e08c1256e4c002f1718/942fe1c7f7386a9bc1256fa3005eed9c?OpenDocument","Lequio Tanaro I 1, I - Statuti dei comuni, 1293-1545",1293,"Lequio Tanaro","Lequio Tanaro","Lequio Tanaro I 1, I - Statuti dei comuni, 1293-1545",1293,"Lequio Tanaro",4107,"Lequio Tanaro",1,1293,NA,NA,NA,NA
"Lerice","Lerice","https://www.senato.it/w3/Biblioteca/catalogoDegliStatutiMedievali.nsf/de148d287da34e08c1256e4c002f1718/d24a0efd0a800715c1256fa3005eedb0?OpenDocument","Lerici I 1, I - Statuti dei comuni, 1438-1646",1438,"Lerici","Lerici","Lerici I 1, I - Statuti dei comuni, 1438-1646",1438,"Lerici",11016,"Lerici",1,1438,NA,NA,NA,NA
"Lerici","Lerici","https://www.senato.it/w3/Biblioteca/catalogoDegliStatutiMedievali.nsf/de148d287da34e08c1256e4c002f1718/d24a0efd0a800715c1256fa3005eedb0?OpenDocument","Lerici I 1, I - Statuti dei comuni, 1438-1646",1438,"Lerici","Lerici","Lerici I 1, I - Statuti dei comuni, 1438-1646",1438,"Lerici",11016,"Lerici",1,1438,NA,NA,NA,NA
"Lesa","Lesa","https://www.senato.it/w3/Biblioteca/catalogoDegliStatutiMedievali.nsf/de148d287da34e08c1256e4c002f1718/5d5b6d4ca4e3144dc1256fa3005eedc4?OpenDocument","Lesa I 1, I - Statuti dei comuni, 1389-1393",1389,"Lesa","Lesa","Lesa I 1, I - Statuti dei comuni, 1389-1393",1389,"Lesa",3084,"Lesa",1,1389,NA,NA,NA,NA
"Lesa Belgirate","Lesa Belgirate","https://www.senato.it/w3/Biblioteca/catalogoDegliStatutiMedievali.nsf/de148d287da34e08c1256e4c002f1718/5d5b6d4ca4e3144dc1256fa3005eedc4?OpenDocument","Lesa I 1, I - Statuti dei comuni, 1389-1393",1389,"Lesa","Lesa","Lesa I 1, I - Statuti dei comuni, 1389-1393",1389,"Lesa",3084,"Lesa",1,1389,NA,NA,NA,NA
"Lesina","Lesina","https://www.senato.it/w3/Biblioteca/catalogoDegliStatutiMedievali.nsf/de148d287da34e08c1256e4c002f1718/c3d95a5e30b4f163c1256fa3005eee01?OpenDocument","Lesina I 1, I - Statuti dei comuni, 1331-1643",1331,"Lesina","Lesina","Lesina I 1, I - Statuti dei comuni, 1331-1643",1331,"Lesina",71027,"Lesina",1,1331,NA,NA,NA,NA
"Lessolo","Lessolo","https://www.senato.it/w3/Biblioteca/catalogoDegliStatutiMedievali.nsf/de148d287da34e08c1256e4c002f1718/8242468d2cdf0fc8c1256fa3005eeee7?OpenDocument","Lessolo I 1, I - Statuti dei comuni, 1430-1582",1430,"Lessolo","Lessolo","Lessolo I 1, I - Statuti dei comuni, 1430-1582",1430,"Lessolo",1132,"Lessolo",1,1430,NA,NA,NA,NA
"Letino","Letino","https://www.senato.it/w3/Biblioteca/catalogoDegliStatutiMedievali.nsf/de148d287da34e08c1256e4c002f1718/c6846750228704fcc1256fa3005faec4?OpenDocument","Letino I 1, I - Statuti dei comuni, 1456-1695",1456,"Letino","Letino","Letino I 1, I - Statuti dei comuni, 1456-1695",1456,"Letino",61044,"Letino",1,1456,NA,NA,NA,NA
"Leucum","Leucum","https://www.senato.it/w3/Biblioteca/catalogoDegliStatutiMedievali.nsf/de148d287da34e08c1256e4c002f1718/8bea448b6105e0cbc1256fa3005ee868?OpenDocument","Lecco I 1, I - Statuti dei comuni, sec. XIV",NA,"Lecco","Lecco","Lecco I 1, I - Statuti dei comuni, sec. XIV",NA,"Lecco",97042,"Lecco",1,NA,NA,NA,NA,NA
"Levanto","Levanto","https://www.senato.it/w3/Biblioteca/catalogoDegliStatutiMedievali.nsf/de148d287da34e08c1256e4c002f1718/08817455abc97cc4c1256fa3005faed5?OpenDocument","Levanto I 1, I - Statuti dei comuni, 1377-1773",1377,"Levanto","Levanto","Levanto I 1, I - Statuti dei comuni, 1377-1773",1377,"Levanto",11017,"Levanto",1,1377,NA,NA,NA,NA
"Levantum","Levantum","https://www.senato.it/w3/Biblioteca/catalogoDegliStatutiMedievali.nsf/de148d287da34e08c1256e4c002f1718/08817455abc97cc4c1256fa3005faed5?OpenDocument","Levanto I 1, I - Statuti dei comuni, 1377-1773",1377,"Levanto","Levanto","Levanto I 1, I - Statuti dei comuni, 1377-1773",1377,"Levanto",11017,"Levanto",1,1377,NA,NA,NA,NA
"Levignum","Levignum","https://www.senato.it/w3/Biblioteca/catalogoDegliStatutiMedievali.nsf/de148d287da34e08c1256e4c002f1718/97d7d93b863175b0c1256fa3005fb38c?OpenDocument","Livigno I 1, I - Statuti dei comuni, 1538",1538,"Livigno","Livigno","Livigno I 1, I - Statuti dei comuni, 1538",1538,"Livigno",14037,"Livigno",1,1538,NA,NA,NA,NA
"Levone","Levone","https://www.senato.it/w3/Biblioteca/catalogoDegliStatutiMedievali.nsf/de148d287da34e08c1256e4c002f1718/b4a0ee7c324d09bcc1256fa3005faf68?OpenDocument","Levone I 1, I - Statuti dei comuni, 1409",1409,"Levone","Levone","Levone I 1, I - Statuti dei comuni, 1409",1409,"Levone",1133,"Levone",1,1409,NA,NA,NA,NA
"Levonum","Levonum","https://www.senato.it/w3/Biblioteca/catalogoDegliStatutiMedievali.nsf/de148d287da34e08c1256e4c002f1718/b4a0ee7c324d09bcc1256fa3005faf68?OpenDocument","Levone I 1, I - Statuti dei comuni, 1409",1409,"Levone","Levone","Levone I 1, I - Statuti dei comuni, 1409",1409,"Levone",1133,"Levone",1,1409,NA,NA,NA,NA
"Lexia","Lexia","https://www.senato.it/w3/Biblioteca/catalogoDegliStatutiMedievali.nsf/de148d287da34e08c1256e4c002f1718/5d5b6d4ca4e3144dc1256fa3005eedc4?OpenDocument","Lesa I 1, I - Statuti dei comuni, 1389-1393",1389,"Lesa","Lesa","Lesa I 1, I - Statuti dei comuni, 1389-1393",1389,"Lesa",3084,"Lesa",1,1389,NA,NA,NA,NA
"Leze","Leze","https://www.senato.it/w3/Biblioteca/catalogoDegliStatutiMedievali.nsf/de148d287da34e08c1256e4c002f1718/cbd0722952cfc942c1256fa3005ee79a?OpenDocument","Lecce I 1, I - Statuti dei comuni, 1406-1463",1406,"Lecce","Lecce","Lecce I 1, I - Statuti dei comuni, 1406-1463",1406,"Lecce",75035,"Lecce",1,1406,NA,NA,NA,NA
"Lezulum","Lezulum","https://www.senato.it/w3/Biblioteca/catalogoDegliStatutiMedievali.nsf/de148d287da34e08c1256e4c002f1718/8242468d2cdf0fc8c1256fa3005eeee7?OpenDocument","Lessolo I 1, I - Statuti dei comuni, 1430-1582",1430,"Lessolo","Lessolo","Lessolo I 1, I - Statuti dei comuni, 1430-1582",1430,"Lessolo",1132,"Lessolo",1,1430,NA,NA,NA,NA
"Liagnaschum","Liagnaschum","https://www.senato.it/w3/Biblioteca/catalogoDegliStatutiMedievali.nsf/de148d287da34e08c1256e4c002f1718/a8477d190413c0acc1256fa3005ee0cc?OpenDocument","Lagnasco I 1, I - Statuti dei comuni, 1463-1609",1463,"Lagnasco","Lagnasco","Lagnasco I 1, I - Statuti dei comuni, 1463-1609",1463,"Lagnasco",4104,"Lagnasco",1,1463,NA,NA,NA,NA
"Librizzi","Librizzi","https://www.senato.it/w3/Biblioteca/catalogoDegliStatutiMedievali.nsf/de148d287da34e08c1256e4c002f1718/46ed7b8f0cccaad4c1256fa3005fb1b8?OpenDocument","Librizzi I 1, I - Statuti dei comuni, 1398",1398,"Librizzi","Librizzi","Librizzi I 1, I - Statuti dei comuni, 1398",1398,"Librizzi",83039,"Librizzi",1,1398,NA,NA,NA,NA
"Liburnum","Liburnum","https://www.senato.it/w3/Biblioteca/catalogoDegliStatutiMedievali.nsf/de148d287da34e08c1256e4c002f1718/bc86ac0d08301206c1256fa3005fb3c4?OpenDocument","Livorno I 1, I - Statuti dei comuni, 1399-1581",1399,"Livorno","Livorno","Livorno I 1, I - Statuti dei comuni, 1399-1581",1399,"Livorno",49009,"Livorno",1,1399,NA,NA,NA,NA
"Licata","Licata","https://www.senato.it/w3/Biblioteca/catalogoDegliStatutiMedievali.nsf/de148d287da34e08c1256e4c002f1718/1c161114c5819c7fc1256fa3005fb1cd?OpenDocument","Licata I 1, I - Statuti dei comuni, 1392-1451",1392,"Licata","Licata","Licata I 1, I - Statuti dei comuni, 1392-1451",1392,"Licata",84021,"Licata",1,1392,NA,NA,NA,NA
"Licinianum","Licinianum","https://www.senato.it/w3/Biblioteca/catalogoDegliStatutiMedievali.nsf/de148d287da34e08c1256e4c002f1718/851cd66ac8ba2533c1256fa3005fc58a?OpenDocument","Lucignano I 1, I - Statuti dei comuni, 1569-1620",1569,"Lucignano","Lucignano","Lucignano I 1, I - Statuti dei comuni, 1569-1620",1569,"Lucignano",51021,"Lucignano",1,1569,NA,NA,NA,NA
"Liesena","Liesena","https://www.senato.it/w3/Biblioteca/catalogoDegliStatutiMedievali.nsf/de148d287da34e08c1256e4c002f1718/c3d95a5e30b4f163c1256fa3005eee01?OpenDocument","Lesina I 1, I - Statuti dei comuni, 1331-1643",1331,"Lesina","Lesina","Lesina I 1, I - Statuti dei comuni, 1331-1643",1331,"Lesina",71027,"Lesina",1,1331,NA,NA,NA,NA
"Ligonissa","Ligonissa","https://www.senato.it/w3/Biblioteca/catalogoDegliStatutiMedievali.nsf/de148d287da34e08c1256e4c002f1718/92c77544d91dfe18c1256fa3005eeba3?OpenDocument","Leonessa I 1, I - Statuti dei comuni, 1299-1784",1299,"Leonessa","Leonessa","Leonessa I 1, I - Statuti dei comuni, 1299-1784",1299,"Leonessa",57033,"Leonessa",1,1299,NA,NA,NA,NA
"Linguaglossa","Linguaglossa","https://www.senato.it/w3/Biblioteca/catalogoDegliStatutiMedievali.nsf/de148d287da34e08c1256e4c002f1718/c1d0207dfc589173c1256fa3005fb2d3?OpenDocument","Linguaglossa I 1, I - Statuti dei comuni, 1481-1634",1481,"Linguaglossa","Linguaglossa","Linguaglossa I 1, I - Statuti dei comuni, 1481-1634",1481,"Linguaglossa",87021,"Linguaglossa",1,1481,NA,NA,NA,NA
"Linguagrossa","Linguagrossa","https://www.senato.it/w3/Biblioteca/catalogoDegliStatutiMedievali.nsf/de148d287da34e08c1256e4c002f1718/c1d0207dfc589173c1256fa3005fb2d3?OpenDocument","Linguaglossa I 1, I - Statuti dei comuni, 1481-1634",1481,"Linguaglossa","Linguaglossa","Linguaglossa I 1, I - Statuti dei comuni, 1481-1634",1481,"Linguaglossa",87021,"Linguaglossa",1,1481,NA,NA,NA,NA
"Linguilia","Linguilia","https://www.senato.it/w3/Biblioteca/catalogoDegliStatutiMedievali.nsf/de148d287da34e08c1256e4c002f1718/bd6c07ca93b25f12c1257719004df607?OpenDocument","[Replication or Save Conflict]",NA,"Laigueglia","Laigueglia","[Replication or Save Conflict]",NA,"Laigueglia",9033,"Laigueglia",1,NA,NA,NA,NA,NA
"Lintini","Lintini","https://www.senato.it/w3/Biblioteca/catalogoDegliStatutiMedievali.nsf/de148d287da34e08c1256e4c002f1718/3b42061104dc08ecc1256fa3005eeb58?OpenDocument","Lentini I 1, I - Statuti dei comuni, 1400",1400,"Lentini","Lentini","Lentini I 1, I - Statuti dei comuni, 1400",1400,"Lentini",89011,"Lentini",1,1400,NA,NA,NA,NA
"Lionessa","Lionessa","https://www.senato.it/w3/Biblioteca/catalogoDegliStatutiMedievali.nsf/de148d287da34e08c1256e4c002f1718/92c77544d91dfe18c1256fa3005eeba3?OpenDocument","Leonessa I 1, I - Statuti dei comuni, 1299-1784",1299,"Leonessa","Leonessa","Leonessa I 1, I - Statuti dei comuni, 1299-1784",1299,"Leonessa",57033,"Leonessa",1,1299,NA,NA,NA,NA
"Lipara","Lipara","https://www.senato.it/w3/Biblioteca/catalogoDegliStatutiMedievali.nsf/de148d287da34e08c1256e4c002f1718/f56b3f48f71006d0c1256fa3005fb329?OpenDocument","Lipari I 1, I - Statuti dei comuni, 1340",1340,"Lipari","Lipari","Lipari I 1, I - Statuti dei comuni, 1340",1340,"Lipari",83041,"Lipari",1,1340,NA,NA,NA,NA
"Lipari","Lipari","https://www.senato.it/w3/Biblioteca/catalogoDegliStatutiMedievali.nsf/de148d287da34e08c1256e4c002f1718/f56b3f48f71006d0c1256fa3005fb329?OpenDocument","Lipari I 1, I - Statuti dei comuni, 1340",1340,"Lipari","Lipari","Lipari I 1, I - Statuti dei comuni, 1340",1340,"Lipari",83041,"Lipari",1,1340,NA,NA,NA,NA
"Litium","Litium","https://www.senato.it/w3/Biblioteca/catalogoDegliStatutiMedievali.nsf/de148d287da34e08c1256e4c002f1718/cbd0722952cfc942c1256fa3005ee79a?OpenDocument","Lecce I 1, I - Statuti dei comuni, 1406-1463",1406,"Lecce","Lecce","Lecce I 1, I - Statuti dei comuni, 1406-1463",1406,"Lecce",75035,"Lecce",1,1406,NA,NA,NA,NA
"Livigno","Livigno","https://www.senato.it/w3/Biblioteca/catalogoDegliStatutiMedievali.nsf/de148d287da34e08c1256e4c002f1718/97d7d93b863175b0c1256fa3005fb38c?OpenDocument","Livigno I 1, I - Statuti dei comuni, 1538",1538,"Livigno","Livigno","Livigno I 1, I - Statuti dei comuni, 1538",1538,"Livigno",14037,"Livigno",1,1538,NA,NA,NA,NA
"Livorna","Livorna","https://www.senato.it/w3/Biblioteca/catalogoDegliStatutiMedievali.nsf/de148d287da34e08c1256e4c002f1718/bc86ac0d08301206c1256fa3005fb3c4?OpenDocument","Livorno I 1, I - Statuti dei comuni, 1399-1581",1399,"Livorno","Livorno","Livorno I 1, I - Statuti dei comuni, 1399-1581",1399,"Livorno",49009,"Livorno",1,1399,NA,NA,NA,NA
"Livorno","Livorno","https://www.senato.it/w3/Biblioteca/catalogoDegliStatutiMedievali.nsf/de148d287da34e08c1256e4c002f1718/bc86ac0d08301206c1256fa3005fb3c4?OpenDocument","Livorno I 1, I - Statuti dei comuni, 1399-1581",1399,"Livorno","Livorno","Livorno I 1, I - Statuti dei comuni, 1399-1581",1399,"Livorno",49009,"Livorno",1,1399,NA,NA,NA,NA
"Lizzano in Belvedere","Lizzano in Belvedere","https://www.senato.it/w3/Biblioteca/catalogoDegliStatutiMedievali.nsf/de148d287da34e08c1256e4c002f1718/3a79fb5103d945f3c1256fa3005fb538?OpenDocument","Lizzano in Belvedere I 1, I - Statuti dei comuni, 1381-1670",1381,"Lizzano in Belvedere","Lizzano in Belvedere","Lizzano in Belvedere I 1, I - Statuti dei comuni, 1381-1670",1381,"Lizzano in Belvedere",37033,"Lizzano in Belvedere",1,1381,NA,NA,NA,NA
"Lodi","Lodi","https://www.senato.it/w3/Biblioteca/catalogoDegliStatutiMedievali.nsf/de148d287da34e08c1256e4c002f1718/c8491121904e9c97c1256fa3005fb5ce?OpenDocument","Lodi I 1, I - Statuti dei comuni, 1198-1307",1198,"Lodi","Lodi","Lodi I 1, I - Statuti dei comuni, 1198-1307",1198,"Lodi",98031,"Lodi",1,1198,NA,NA,NA,NA
"Loiano","Loiano","https://www.senato.it/w3/Biblioteca/catalogoDegliStatutiMedievali.nsf/de148d287da34e08c1256e4c002f1718/d9f4fd28fd630963c1256fa3005fb77d?OpenDocument","Loiano II2 1, II 2 - Confraternite",NA,"Loiano","Loiano","Loiano II2 1, II 2 - Confraternite",NA,"Loiano",37034,"Loiano",1,NA,NA,NA,NA,NA
"Lombardore","Lombardore","https://www.senato.it/w3/Biblioteca/catalogoDegliStatutiMedievali.nsf/de148d287da34e08c1256e4c002f1718/5efce4112ddb934ac1256fa3005fb788?OpenDocument","Lombardore I 1, I - Statuti dei comuni, 1658-1692",1658,"Lombardore","Lombardore","Lombardore I 1, I - Statuti dei comuni, 1658-1692",1658,"Lombardore",1135,"Lombardore",1,1658,NA,NA,NA,NA
"Lomello","Lomello","https://www.senato.it/w3/Biblioteca/catalogoDegliStatutiMedievali.nsf/de148d287da34e08c1256e4c002f1718/8da2d67ff59187e5c1256fa3005fb79f?OpenDocument","Lomello I 1, I - Statuti dei comuni, 1707-1730",1707,"Lomello","Lomello","Lomello I 1, I - Statuti dei comuni, 1707-1730",1707,"Lomello",18083,"Lomello",1,1707,NA,NA,NA,NA
"Longiano","Longiano","https://www.senato.it/w3/Biblioteca/catalogoDegliStatutiMedievali.nsf/de148d287da34e08c1256e4c002f1718/75607914ae65e318c1256fa3005fb8f4?OpenDocument","Longiano I 1, I - Statuti dei comuni, 1448-1557",1448,"Longiano","Longiano","Longiano I 1, I - Statuti dei comuni, 1448-1557",1448,"Longiano",40018,"Longiano",1,1448,NA,NA,NA,NA
"Longianum","Longianum","https://www.senato.it/w3/Biblioteca/catalogoDegliStatutiMedievali.nsf/de148d287da34e08c1256e4c002f1718/75607914ae65e318c1256fa3005fb8f4?OpenDocument","Longiano I 1, I - Statuti dei comuni, 1448-1557",1448,"Longiano","Longiano","Longiano I 1, I - Statuti dei comuni, 1448-1557",1448,"Longiano",40018,"Longiano",1,1448,NA,NA,NA,NA
"Lonigo","Lonigo","https://www.senato.it/w3/Biblioteca/catalogoDegliStatutiMedievali.nsf/de148d287da34e08c1256e4c002f1718/58e7295d54fd2b82c1256fa3005fb937?OpenDocument","Lonigo I 1, I - Statuti dei comuni, 1699",1699,"Lonigo","Lonigo","Lonigo I 1, I - Statuti dei comuni, 1699",1699,"Lonigo",24052,"Lonigo",1,1699,NA,NA,NA,NA
"Lonzano","Lonzano","https://www.senato.it/w3/Biblioteca/catalogoDegliStatutiMedievali.nsf/de148d287da34e08c1256e4c002f1718/75607914ae65e318c1256fa3005fb8f4?OpenDocument","Longiano I 1, I - Statuti dei comuni, 1448-1557",1448,"Longiano","Longiano","Longiano I 1, I - Statuti dei comuni, 1448-1557",1448,"Longiano",40018,"Longiano",1,1448,NA,NA,NA,NA
"Loredo","Loredo","https://www.senato.it/w3/Biblioteca/catalogoDegliStatutiMedievali.nsf/de148d287da34e08c1256e4c002f1718/49010753652d682bc1256fa3005fb955?OpenDocument","Loreo I 1, I - Statuti dei comuni, 1094-1485",1094,"Loreo","Loreo","Loreo I 1, I - Statuti dei comuni, 1094-1485",1094,"Loreo",29030,"Loreo",1,1094,NA,NA,NA,NA
"Loreo","Loreo","https://www.senato.it/w3/Biblioteca/catalogoDegliStatutiMedievali.nsf/de148d287da34e08c1256e4c002f1718/49010753652d682bc1256fa3005fb955?OpenDocument","Loreo I 1, I - Statuti dei comuni, 1094-1485",1094,"Loreo","Loreo","Loreo I 1, I - Statuti dei comuni, 1094-1485",1094,"Loreo",29030,"Loreo",1,1094,NA,NA,NA,NA
"Loreto","Loreto","https://www.senato.it/w3/Biblioteca/catalogoDegliStatutiMedievali.nsf/de148d287da34e08c1256e4c002f1718/8551171b367700a8c1256fa3005fb9d0?OpenDocument","Loreto II2 1, II 2 - Confraternite",NA,"Loreto","Loreto","Loreto II2 1, II 2 - Confraternite",NA,"Loreto",42022,"Loreto",1,NA,NA,NA,NA,NA
"Loreto Aprutino","Loreto Aprutino","https://www.senato.it/w3/Biblioteca/catalogoDegliStatutiMedievali.nsf/de148d287da34e08c1256e4c002f1718/24c1a7d1160e2cdfc1256fa3005fb9ef?OpenDocument","Loreto Aprutino I 1, I - Statuti dei comuni, 1474-1543",1474,"Loreto Aprutino","Loreto Aprutino","Loreto Aprutino I 1, I - Statuti dei comuni, 1474-1543",1474,"Loreto Aprutino",68021,"Loreto Aprutino",1,1474,NA,NA,NA,NA
"Lorito","Lorito","https://www.senato.it/w3/Biblioteca/catalogoDegliStatutiMedievali.nsf/de148d287da34e08c1256e4c002f1718/24c1a7d1160e2cdfc1256fa3005fb9ef?OpenDocument","Loreto Aprutino I 1, I - Statuti dei comuni, 1474-1543",1474,"Loreto Aprutino","Loreto Aprutino","Loreto Aprutino I 1, I - Statuti dei comuni, 1474-1543",1474,"Loreto Aprutino",68021,"Loreto Aprutino",1,1474,NA,NA,NA,NA
"Lovere","Lovere","https://www.senato.it/w3/Biblioteca/catalogoDegliStatutiMedievali.nsf/de148d287da34e08c1256e4c002f1718/c1e131bc56b5ebc1c1256fa3005fbac1?OpenDocument","Lovere I 1, I - Statuti dei comuni, 1605",1605,"Lovere","Lovere","Lovere I 1, I - Statuti dei comuni, 1605",1605,"Lovere",16128,"Lovere",1,1605,NA,NA,NA,NA
"Luca","Luca","https://www.senato.it/w3/Biblioteca/catalogoDegliStatutiMedievali.nsf/de148d287da34e08c1256e4c002f1718/e7e5ee529fdb726cc1256fa3005fbb65?OpenDocument","Lucca I 1, I - Statuti dei comuni, 1081-1369",1081,"Lucca","Lucca","Lucca I 1, I - Statuti dei comuni, 1081-1369",1081,"Lucca",46017,"Lucca",1,1081,NA,NA,NA,NA
"Lucca","Lucca","https://www.senato.it/w3/Biblioteca/catalogoDegliStatutiMedievali.nsf/de148d287da34e08c1256e4c002f1718/e7e5ee529fdb726cc1256fa3005fbb65?OpenDocument","Lucca I 1, I - Statuti dei comuni, 1081-1369",1081,"Lucca","Lucca","Lucca I 1, I - Statuti dei comuni, 1081-1369",1081,"Lucca",46017,"Lucca",1,1081,NA,NA,NA,NA
"Lucera","Lucera","https://www.senato.it/w3/Biblioteca/catalogoDegliStatutiMedievali.nsf/de148d287da34e08c1256e4c002f1718/e831dc5ef65af000c1256fa3005fc50d?OpenDocument","Lucera I 1, I - Statuti dei comuni, 1274-1522",1274,"Lucera","Lucera","Lucera I 1, I - Statuti dei comuni, 1274-1522",1274,"Lucera",71028,"Lucera",1,1274,NA,NA,NA,NA
"Luceria","Luceria","https://www.senato.it/w3/Biblioteca/catalogoDegliStatutiMedievali.nsf/de148d287da34e08c1256e4c002f1718/e831dc5ef65af000c1256fa3005fc50d?OpenDocument","Lucera I 1, I - Statuti dei comuni, 1274-1522",1274,"Lucera","Lucera","Lucera I 1, I - Statuti dei comuni, 1274-1522",1274,"Lucera",71028,"Lucera",1,1274,NA,NA,NA,NA
"Luceria Sarracenorum","Luceria Sarracenorum","https://www.senato.it/w3/Biblioteca/catalogoDegliStatutiMedievali.nsf/de148d287da34e08c1256e4c002f1718/e831dc5ef65af000c1256fa3005fc50d?OpenDocument","Lucera I 1, I - Statuti dei comuni, 1274-1522",1274,"Lucera","Lucera","Lucera I 1, I - Statuti dei comuni, 1274-1522",1274,"Lucera",71028,"Lucera",1,1274,NA,NA,NA,NA
"Lucha","Lucha","https://www.senato.it/w3/Biblioteca/catalogoDegliStatutiMedievali.nsf/de148d287da34e08c1256e4c002f1718/e7e5ee529fdb726cc1256fa3005fbb65?OpenDocument","Lucca I 1, I - Statuti dei comuni, 1081-1369",1081,"Lucca","Lucca","Lucca I 1, I - Statuti dei comuni, 1081-1369",1081,"Lucca",46017,"Lucca",1,1081,NA,NA,NA,NA
"Lucignano","Lucignano","https://www.senato.it/w3/Biblioteca/catalogoDegliStatutiMedievali.nsf/de148d287da34e08c1256e4c002f1718/851cd66ac8ba2533c1256fa3005fc58a?OpenDocument","Lucignano I 1, I - Statuti dei comuni, 1569-1620",1569,"Lucignano","Lucignano","Lucignano I 1, I - Statuti dei comuni, 1569-1620",1569,"Lucignano",51021,"Lucignano",1,1569,NA,NA,NA,NA
"Lucus","Lucus","https://www.senato.it/w3/Biblioteca/catalogoDegliStatutiMedievali.nsf/de148d287da34e08c1256e4c002f1718/98f06383c81c237dc1256fa3005fc660?OpenDocument","Lugo I 1, I - Statuti dei comuni, 1520",1520,"Lugo","Lugo","Lugo I 1, I - Statuti dei comuni, 1520",1520,"Lugo",39012,"Lugo",1,1520,NA,NA,NA,NA
"Luerum","Luerum","https://www.senato.it/w3/Biblioteca/catalogoDegliStatutiMedievali.nsf/de148d287da34e08c1256e4c002f1718/c1e131bc56b5ebc1c1256fa3005fbac1?OpenDocument","Lovere I 1, I - Statuti dei comuni, 1605",1605,"Lovere","Lovere","Lovere I 1, I - Statuti dei comuni, 1605",1605,"Lovere",16128,"Lovere",1,1605,NA,NA,NA,NA
"Lugo","Lugo","https://www.senato.it/w3/Biblioteca/catalogoDegliStatutiMedievali.nsf/de148d287da34e08c1256e4c002f1718/98f06383c81c237dc1256fa3005fc660?OpenDocument","Lugo I 1, I - Statuti dei comuni, 1520",1520,"Lugo","Lugo","Lugo I 1, I - Statuti dei comuni, 1520",1520,"Lugo",39012,"Lugo",1,1520,NA,NA,NA,NA
"Lugus","Lugus","https://www.senato.it/w3/Biblioteca/catalogoDegliStatutiMedievali.nsf/de148d287da34e08c1256e4c002f1718/98f06383c81c237dc1256fa3005fc660?OpenDocument","Lugo I 1, I - Statuti dei comuni, 1520",1520,"Lugo","Lugo","Lugo I 1, I - Statuti dei comuni, 1520",1520,"Lugo",39012,"Lugo",1,1520,NA,NA,NA,NA
"Lumello","Lumello","https://www.senato.it/w3/Biblioteca/catalogoDegliStatutiMedievali.nsf/de148d287da34e08c1256e4c002f1718/8da2d67ff59187e5c1256fa3005fb79f?OpenDocument","Lomello I 1, I - Statuti dei comuni, 1707-1730",1707,"Lomello","Lomello","Lomello I 1, I - Statuti dei comuni, 1707-1730",1707,"Lomello",18083,"Lomello",1,1707,NA,NA,NA,NA
"Lunano","Lunano","https://www.senato.it/w3/Biblioteca/catalogoDegliStatutiMedievali.nsf/de148d287da34e08c1256e4c002f1718/ca620e2855dec53fc1256fa3005fc741?OpenDocument","Lunano I 1, I - Statuti dei comuni, sec. XV-XVIII",NA,"Lunano","Lunano","Lunano I 1, I - Statuti dei comuni, sec. XV-XVIII",NA,"Lunano",41022,"Lunano",1,NA,NA,NA,NA,NA
"Luzara","Luzara","https://www.senato.it/w3/Biblioteca/catalogoDegliStatutiMedievali.nsf/de148d287da34e08c1256e4c002f1718/11f0ec58dfddb908c1256fa3005fc849?OpenDocument","Luzzara I 1, I - Statuti dei comuni, 1313-1507",1313,"Luzzara","Luzzara","Luzzara I 1, I - Statuti dei comuni, 1313-1507",1313,"Luzzara",35026,"Luzzara",1,1313,NA,NA,NA,NA
"Luzzara","Luzzara","https://www.senato.it/w3/Biblioteca/catalogoDegliStatutiMedievali.nsf/de148d287da34e08c1256e4c002f1718/11f0ec58dfddb908c1256fa3005fc849?OpenDocument","Luzzara I 1, I - Statuti dei comuni, 1313-1507",1313,"Luzzara","Luzzara","Luzzara I 1, I - Statuti dei comuni, 1313-1507",1313,"Luzzara",35026,"Luzzara",1,1313,NA,NA,NA,NA
"Macello","Macello","https://www.senato.it/w3/Biblioteca/catalogoDegliStatutiMedievali.nsf/de148d287da34e08c1256e4c002f1718/8fc200e91c01d83cc1256fa3005fc90e?OpenDocument","Macello I 1, I - Statuti dei comuni, 1737",1737,"Macello","Macello","Macello I 1, I - Statuti dei comuni, 1737",1737,"Macello",1142,"Macello",1,1737,NA,NA,NA,NA
"Macerata","Macerata","https://www.senato.it/w3/Biblioteca/catalogoDegliStatutiMedievali.nsf/de148d287da34e08c1256e4c002f1718/55ac19938cc5380bc1256fa3005fc92b?OpenDocument","Macerata I 1, I - Statuti dei comuni, 1138",1138,"Macerata","Macerata","Macerata I 1, I - Statuti dei comuni, 1138",1138,"Macerata",43023,"Macerata",1,1138,NA,NA,NA,NA
"Macerata Feltria","Macerata Feltria","https://www.senato.it/w3/Biblioteca/catalogoDegliStatutiMedievali.nsf/de148d287da34e08c1256e4c002f1718/e6c3f8175bffb2bcc1256fa3005fccff?OpenDocument","Macerata Feltria I 1, I - Statuti dei comuni, 1502-1619",1502,"Macerata Feltria","Macerata Feltria","Macerata Feltria I 1, I - Statuti dei comuni, 1502-1619",1502,"Macerata Feltria",41023,"Macerata Feltria",1,1502,NA,NA,NA,NA
"Madalune","Madalune","https://www.senato.it/w3/Biblioteca/catalogoDegliStatutiMedievali.nsf/de148d287da34e08c1256e4c002f1718/14ad2900fca48cc8c1256fa3005fcdbb?OpenDocument","Maddaloni II2 1, II 2 - Confraternite",NA,"Maddaloni","Maddaloni","Maddaloni II2 1, II 2 - Confraternite",NA,"Maddaloni",61048,"Maddaloni",1,NA,NA,NA,NA,NA
"Maddaloni","Maddaloni","https://www.senato.it/w3/Biblioteca/catalogoDegliStatutiMedievali.nsf/de148d287da34e08c1256e4c002f1718/14ad2900fca48cc8c1256fa3005fcdbb?OpenDocument","Maddaloni II2 1, II 2 - Confraternite",NA,"Maddaloni","Maddaloni","Maddaloni II2 1, II 2 - Confraternite",NA,"Maddaloni",61048,"Maddaloni",1,NA,NA,NA,NA,NA
"Maglano","Maglano","https://www.senato.it/w3/Biblioteca/catalogoDegliStatutiMedievali.nsf/de148d287da34e08c1256e4c002f1718/e94cbc6c49dcc304c1256fa3005fcdcf?OpenDocument","Magliano in Toscana I 1, I - Statuti dei comuni, 1356",1356,"Magliano in Toscana","Magliano in Toscana","Magliano in Toscana I 1, I - Statuti dei comuni, 1356",1356,"Magliano in Toscana",53013,"Magliano in Toscana",1,1356,NA,NA,NA,NA
"Magliano in Toscana","Magliano in Toscana","https://www.senato.it/w3/Biblioteca/catalogoDegliStatutiMedievali.nsf/de148d287da34e08c1256e4c002f1718/e94cbc6c49dcc304c1256fa3005fcdcf?OpenDocument","Magliano in Toscana I 1, I - Statuti dei comuni, 1356",1356,"Magliano in Toscana","Magliano in Toscana","Magliano in Toscana I 1, I - Statuti dei comuni, 1356",1356,"Magliano in Toscana",53013,"Magliano in Toscana",1,1356,NA,NA,NA,NA
"Magliano Pescorareccio","Magliano Pescorareccio","https://www.senato.it/w3/Biblioteca/catalogoDegliStatutiMedievali.nsf/de148d287da34e08c1256e4c002f1718/082b774872d6a81cc1256fa3005fcded?OpenDocument","Magliano Romano I 1, I - Statuti dei comuni, 1728",1728,"Magliano Romano","Magliano Romano","Magliano Romano I 1, I - Statuti dei comuni, 1728",1728,"Magliano Romano",58052,"Magliano Romano",1,1728,NA,NA,NA,NA
"Magliano Romano","Magliano Romano","https://www.senato.it/w3/Biblioteca/catalogoDegliStatutiMedievali.nsf/de148d287da34e08c1256e4c002f1718/082b774872d6a81cc1256fa3005fcded?OpenDocument","Magliano Romano I 1, I - Statuti dei comuni, 1728",1728,"Magliano Romano","Magliano Romano","Magliano Romano I 1, I - Statuti dei comuni, 1728",1728,"Magliano Romano",58052,"Magliano Romano",1,1728,NA,NA,NA,NA
"Magliano Sabina","Magliano Sabina","https://www.senato.it/w3/Biblioteca/catalogoDegliStatutiMedievali.nsf/de148d287da34e08c1256e4c002f1718/05b368eee677dbfdc1256fa3005fce06?OpenDocument","Magliano Sabina I 1, I - Statuti dei comuni, 1589-1594",1589,"Magliano Sabina","Magliano Sabina","Magliano Sabina I 1, I - Statuti dei comuni, 1589-1594",1589,"Magliano Sabina",57035,"Magliano Sabina",1,1589,NA,NA,NA,NA
"Maiori","Maiori","https://www.senato.it/w3/Biblioteca/catalogoDegliStatutiMedievali.nsf/de148d287da34e08c1256e4c002f1718/0c09571df898d6a3c1256fa3005fce46?OpenDocument","Maiori I 1, I - Statuti dei comuni, 1460-1475",1460,"Maiori","Maiori","Maiori I 1, I - Statuti dei comuni, 1460-1475",1460,"Maiori",65066,"Maiori",1,1460,NA,NA,NA,NA
"Maleschum","Maleschum","https://www.senato.it/w3/Biblioteca/catalogoDegliStatutiMedievali.nsf/de148d287da34e08c1256e4c002f1718/6cdcb83024983ed9c1256fa3005fceb6?OpenDocument","Malesco I 1, I - Statuti dei comuni, 1100-1200",1100,"Malesco","Malesco","Malesco I 1, I - Statuti dei comuni, 1100-1200",1100,"Malesco",103041,"Malesco",1,1100,NA,NA,NA,NA
"Malesco","Malesco","https://www.senato.it/w3/Biblioteca/catalogoDegliStatutiMedievali.nsf/de148d287da34e08c1256e4c002f1718/6cdcb83024983ed9c1256fa3005fceb6?OpenDocument","Malesco I 1, I - Statuti dei comuni, 1100-1200",1100,"Malesco","Malesco","Malesco I 1, I - Statuti dei comuni, 1100-1200",1100,"Malesco",103041,"Malesco",1,1100,NA,NA,NA,NA
"Malgiano","Malgiano","https://www.senato.it/w3/Biblioteca/catalogoDegliStatutiMedievali.nsf/de148d287da34e08c1256e4c002f1718/e94cbc6c49dcc304c1256fa3005fcdcf?OpenDocument","Magliano in Toscana I 1, I - Statuti dei comuni, 1356",1356,"Magliano in Toscana","Magliano in Toscana","Magliano in Toscana I 1, I - Statuti dei comuni, 1356",1356,"Magliano in Toscana",53013,"Magliano in Toscana",1,1356,NA,NA,NA,NA
"Mandello del Lario","Mandello del Lario","https://www.senato.it/w3/Biblioteca/catalogoDegliStatutiMedievali.nsf/de148d287da34e08c1256e4c002f1718/ef546a6f27e5c76ec1256fa3005fd043?OpenDocument","Mandello del Lario I 1, I - Statuti dei comuni, sec. XIV",NA,"Mandello del Lario","Mandello del Lario","Mandello del Lario I 1, I - Statuti dei comuni, sec. XIV",NA,"Mandello del Lario",97046,"Mandello del Lario",1,NA,NA,NA,NA,NA
"Mandellum","Mandellum","https://www.senato.it/w3/Biblioteca/catalogoDegliStatutiMedievali.nsf/de148d287da34e08c1256e4c002f1718/ef546a6f27e5c76ec1256fa3005fd043?OpenDocument","Mandello del Lario I 1, I - Statuti dei comuni, sec. XIV",NA,"Mandello del Lario","Mandello del Lario","Mandello del Lario I 1, I - Statuti dei comuni, sec. XIV",NA,"Mandello del Lario",97046,"Mandello del Lario",1,NA,NA,NA,NA,NA
"Manfredonia","Manfredonia","https://www.senato.it/w3/Biblioteca/catalogoDegliStatutiMedievali.nsf/de148d287da34e08c1256e4c002f1718/2c0b5bb4d6c86ae5c1256fa3005fd05b?OpenDocument","Manfredonia I 1, I - Statuti dei comuni, 1491",1491,"Manfredonia","Manfredonia","Manfredonia I 1, I - Statuti dei comuni, 1491",1491,"Manfredonia",71029,"Manfredonia",1,1491,NA,NA,NA,NA
"Maniacum","Maniacum","https://www.senato.it/w3/Biblioteca/catalogoDegliStatutiMedievali.nsf/de148d287da34e08c1256e4c002f1718/01acf8b975d80f4ec1256fa3005fd069?OpenDocument","Maniago I 1, I - Statuti dei comuni, 1380-1390",1380,"Maniago","Maniago","Maniago I 1, I - Statuti dei comuni, 1380-1390",1380,"Maniago",93025,"Maniago",1,1380,NA,NA,NA,NA
"Maniago","Maniago","https://www.senato.it/w3/Biblioteca/catalogoDegliStatutiMedievali.nsf/de148d287da34e08c1256e4c002f1718/01acf8b975d80f4ec1256fa3005fd069?OpenDocument","Maniago I 1, I - Statuti dei comuni, 1380-1390",1380,"Maniago","Maniago","Maniago I 1, I - Statuti dei comuni, 1380-1390",1380,"Maniago",93025,"Maniago",1,1380,NA,NA,NA,NA
"Mantoa","Mantoa","https://www.senato.it/w3/Biblioteca/catalogoDegliStatutiMedievali.nsf/de148d287da34e08c1256e4c002f1718/0db7c44cd0ed5aa8c1256fa3005fd0e6?OpenDocument","Mantova I 1, I - Statuti dei comuni, 1091-1165",1091,"Mantova","Mantova","Mantova I 1, I - Statuti dei comuni, 1091-1165",1091,"Mantova",20030,"Mantova",1,1091,NA,NA,NA,NA
"Mantova","Mantova","https://www.senato.it/w3/Biblioteca/catalogoDegliStatutiMedievali.nsf/de148d287da34e08c1256e4c002f1718/0db7c44cd0ed5aa8c1256fa3005fd0e6?OpenDocument","Mantova I 1, I - Statuti dei comuni, 1091-1165",1091,"Mantova","Mantova","Mantova I 1, I - Statuti dei comuni, 1091-1165",1091,"Mantova",20030,"Mantova",1,1091,NA,NA,NA,NA
"Mantua","Mantua","https://www.senato.it/w3/Biblioteca/catalogoDegliStatutiMedievali.nsf/de148d287da34e08c1256e4c002f1718/0db7c44cd0ed5aa8c1256fa3005fd0e6?OpenDocument","Mantova I 1, I - Statuti dei comuni, 1091-1165",1091,"Mantova","Mantova","Mantova I 1, I - Statuti dei comuni, 1091-1165",1091,"Mantova",20030,"Mantova",1,1091,NA,NA,NA,NA
"Marano in Friuli","Marano in Friuli","https://www.senato.it/w3/Biblioteca/catalogoDegliStatutiMedievali.nsf/de148d287da34e08c1256e4c002f1718/6262a684d2103df5c1256fa3005fd6e4?OpenDocument","Marano Lagunare I 1, I - Statuti dei comuni, sec. XV-XVII",NA,"Marano Lagunare","Marano Lagunare","Marano Lagunare I 1, I - Statuti dei comuni, sec. XV-XVII",NA,"Marano Lagunare",30056,"Marano Lagunare",1,NA,NA,NA,NA,NA
"Marano Lagunare","Marano Lagunare","https://www.senato.it/w3/Biblioteca/catalogoDegliStatutiMedievali.nsf/de148d287da34e08c1256e4c002f1718/6262a684d2103df5c1256fa3005fd6e4?OpenDocument","Marano Lagunare I 1, I - Statuti dei comuni, sec. XV-XVII",NA,"Marano Lagunare","Marano Lagunare","Marano Lagunare I 1, I - Statuti dei comuni, sec. XV-XVII",NA,"Marano Lagunare",30056,"Marano Lagunare",1,NA,NA,NA,NA,NA
"Marano Udinese","Marano Udinese","https://www.senato.it/w3/Biblioteca/catalogoDegliStatutiMedievali.nsf/de148d287da34e08c1256e4c002f1718/6262a684d2103df5c1256fa3005fd6e4?OpenDocument","Marano Lagunare I 1, I - Statuti dei comuni, sec. XV-XVII",NA,"Marano Lagunare","Marano Lagunare","Marano Lagunare I 1, I - Statuti dei comuni, sec. XV-XVII",NA,"Marano Lagunare",30056,"Marano Lagunare",1,NA,NA,NA,NA,NA
"Marano Vicentino","Marano Vicentino","https://www.senato.it/w3/Biblioteca/catalogoDegliStatutiMedievali.nsf/de148d287da34e08c1256e4c002f1718/63921e653c676a9cc1256fa3005fd734?OpenDocument","Marano Vicentino II 2 1, II 2 - Confraternite",NA,"Marano Vicentino","Marano Vicentino","Marano Vicentino II 2 1, II 2 - Confraternite",NA,"Marano Vicentino",24056,"Marano Vicentino",1,NA,NA,NA,NA,NA
"Margarita","Margarita","https://www.senato.it/w3/Biblioteca/catalogoDegliStatutiMedievali.nsf/de148d287da34e08c1256e4c002f1718/3e683904ca2dc47cc1256fa3005fdcc0?OpenDocument","Margarita I 1, I - Statuti dei comuni, 1683",1683,"Margarita","Margarita","Margarita I 1, I - Statuti dei comuni, 1683",1683,"Margarita",4118,"Margarita",1,1683,NA,NA,NA,NA
"Margotium","Margotium","https://www.senato.it/w3/Biblioteca/catalogoDegliStatutiMedievali.nsf/de148d287da34e08c1256e4c002f1718/2cd041c4e1557b85c1256fa3005fe555?OpenDocument","Mergozzo I 1, I - Statuti dei comuni, 1378-1505",1378,"Mergozzo","Mergozzo","Mergozzo I 1, I - Statuti dei comuni, 1378-1505",1378,"Mergozzo",103044,"Mergozzo",1,1378,NA,NA,NA,NA
"Marino","Marino","https://www.senato.it/w3/Biblioteca/catalogoDegliStatutiMedievali.nsf/de148d287da34e08c1256e4c002f1718/9fcc75f4a5615060c1256fa3005fdcce?OpenDocument","Marino I 1, I - Statuti dei comuni, 1604-1698",1604,"Marino","Marino","Marino I 1, I - Statuti dei comuni, 1604-1698",1604,"Marino",58057,"Marino",1,1604,NA,NA,NA,NA
"Marostica","Marostica","https://www.senato.it/w3/Biblioteca/catalogoDegliStatutiMedievali.nsf/de148d287da34e08c1256e4c002f1718/648cf5657180ca58c1256fa3005fdd59?OpenDocument","Marostica II 1 1, II 1 - Corporazioni",NA,"Marostica","Marostica","Marostica II 1 1, II 1 - Corporazioni",NA,"Marostica",24057,"Marostica",1,NA,NA,NA,NA,NA
"Marsala","Marsala","https://www.senato.it/w3/Biblioteca/catalogoDegliStatutiMedievali.nsf/de148d287da34e08c1256e4c002f1718/990dec617824d941c1256fa3005fdda4?OpenDocument","Marsala I 1, I - Statuti dei comuni, 1411",1411,"Marsala","Marsala","Marsala I 1, I - Statuti dei comuni, 1411",1411,"Marsala",81011,"Marsala",1,1411,NA,NA,NA,NA
"Marsciano","Marsciano","https://www.senato.it/w3/Biblioteca/catalogoDegliStatutiMedievali.nsf/de148d287da34e08c1256e4c002f1718/fc5e76fcfa35c44ec1256fa3005fddb2?OpenDocument","Marsciano I 1, I - Statuti dei comuni, 1531-1654",1531,"Marsciano","Marsciano","Marsciano I 1, I - Statuti dei comuni, 1531-1654",1531,"Marsciano",54027,"Marsciano",1,1531,NA,NA,NA,NA
"Martignana di Po","Martignana di Po","https://www.senato.it/w3/Biblioteca/catalogoDegliStatutiMedievali.nsf/de148d287da34e08c1256e4c002f1718/7333d0412861eed8c1256fa3005fdeae?OpenDocument","Martignana di Po I 1, I - Statuti dei comuni, 1396-1477",1396,"Martignana di Po","Martignana di Po","Martignana di Po I 1, I - Statuti dei comuni, 1396-1477",1396,"Martignana di Po",19057,"Martignana di Po",1,1396,NA,NA,NA,NA
"Martinenghum","Martinenghum","https://www.senato.it/w3/Biblioteca/catalogoDegliStatutiMedievali.nsf/de148d287da34e08c1256e4c002f1718/dfb6431de354850bc1256fa3005fdf12?OpenDocument","Martinengo I 1, I - Statuti dei comuni, 1393-1774",1393,"Martinengo","Martinengo","Martinengo I 1, I - Statuti dei comuni, 1393-1774",1393,"Martinengo",16133,"Martinengo",1,1393,NA,NA,NA,NA
"Martinengo","Martinengo","https://www.senato.it/w3/Biblioteca/catalogoDegliStatutiMedievali.nsf/de148d287da34e08c1256e4c002f1718/dfb6431de354850bc1256fa3005fdf12?OpenDocument","Martinengo I 1, I - Statuti dei comuni, 1393-1774",1393,"Martinengo","Martinengo","Martinengo I 1, I - Statuti dei comuni, 1393-1774",1393,"Martinengo",16133,"Martinengo",1,1393,NA,NA,NA,NA
"Martirano Lombardo","Martirano Lombardo","https://www.senato.it/w3/Biblioteca/catalogoDegliStatutiMedievali.nsf/de148d287da34e08c1256e4c002f1718/41b0cc77802f80bfc1256fa3005fdf61?OpenDocument","Martirano Lombardo I 1, I - Statuti dei comuni, 1492",1492,"Martirano Lombardo","Martirano Lombardo","Martirano Lombardo I 1, I - Statuti dei comuni, 1492",1492,"Martirano Lombardo",79074,"Martirano Lombardo",1,1492,NA,NA,NA,NA
"Martorano","Martorano","https://www.senato.it/w3/Biblioteca/catalogoDegliStatutiMedievali.nsf/de148d287da34e08c1256e4c002f1718/41b0cc77802f80bfc1256fa3005fdf61?OpenDocument","Martirano Lombardo I 1, I - Statuti dei comuni, 1492",1492,"Martirano Lombardo","Martirano Lombardo","Martirano Lombardo I 1, I - Statuti dei comuni, 1492",1492,"Martirano Lombardo",79074,"Martirano Lombardo",1,1492,NA,NA,NA,NA
"Marturano","Marturano","https://www.senato.it/w3/Biblioteca/catalogoDegliStatutiMedievali.nsf/de148d287da34e08c1256e4c002f1718/41b0cc77802f80bfc1256fa3005fdf61?OpenDocument","Martirano Lombardo I 1, I - Statuti dei comuni, 1492",1492,"Martirano Lombardo","Martirano Lombardo","Martirano Lombardo I 1, I - Statuti dei comuni, 1492",1492,"Martirano Lombardo",79074,"Martirano Lombardo",1,1492,NA,NA,NA,NA
"Massa","Massa","https://www.senato.it/w3/Biblioteca/catalogoDegliStatutiMedievali.nsf/de148d287da34e08c1256e4c002f1718/89217cc26d698031c1256fa3005fdf9e?OpenDocument","Massa I 1, I - Statuti dei comuni, 1372-1787",1372,"Massa","Massa","Massa I 1, I - Statuti dei comuni, 1372-1787",1372,"Massa",45010,"Massa",1,1372,NA,NA,NA,NA
"Massa Cyrea","Massa Cyrea","https://www.senato.it/w3/Biblioteca/catalogoDegliStatutiMedievali.nsf/de148d287da34e08c1256e4c002f1718/89217cc26d698031c1256fa3005fdf9e?OpenDocument","Massa I 1, I - Statuti dei comuni, 1372-1787",1372,"Massa","Massa","Massa I 1, I - Statuti dei comuni, 1372-1787",1372,"Massa",45010,"Massa",1,1372,NA,NA,NA,NA
"Massa di Lunigiana","Massa di Lunigiana","https://www.senato.it/w3/Biblioteca/catalogoDegliStatutiMedievali.nsf/de148d287da34e08c1256e4c002f1718/89217cc26d698031c1256fa3005fdf9e?OpenDocument","Massa I 1, I - Statuti dei comuni, 1372-1787",1372,"Massa","Massa","Massa I 1, I - Statuti dei comuni, 1372-1787",1372,"Massa",45010,"Massa",1,1372,NA,NA,NA,NA
"Massa Ducale","Massa Ducale","https://www.senato.it/w3/Biblioteca/catalogoDegliStatutiMedievali.nsf/de148d287da34e08c1256e4c002f1718/89217cc26d698031c1256fa3005fdf9e?OpenDocument","Massa I 1, I - Statuti dei comuni, 1372-1787",1372,"Massa","Massa","Massa I 1, I - Statuti dei comuni, 1372-1787",1372,"Massa",45010,"Massa",1,1372,NA,NA,NA,NA
"Massa Lunense","Massa Lunense","https://www.senato.it/w3/Biblioteca/catalogoDegliStatutiMedievali.nsf/de148d287da34e08c1256e4c002f1718/89217cc26d698031c1256fa3005fdf9e?OpenDocument","Massa I 1, I - Statuti dei comuni, 1372-1787",1372,"Massa","Massa","Massa I 1, I - Statuti dei comuni, 1372-1787",1372,"Massa",45010,"Massa",1,1372,NA,NA,NA,NA
"Massa Marittima","Massa Marittima","https://www.senato.it/w3/Biblioteca/catalogoDegliStatutiMedievali.nsf/de148d287da34e08c1256e4c002f1718/b52dc09c27729c24c1256fa3005fe05a?OpenDocument","Massa Marittima I 1, I - Statuti dei comuni, 1294-1328",1294,"Massa Marittima","Massa Marittima","Massa Marittima I 1, I - Statuti dei comuni, 1294-1328",1294,"Massa Marittima",53015,"Massa Marittima",1,1294,NA,NA,NA,NA
"Masserano","Masserano","https://www.senato.it/w3/Biblioteca/catalogoDegliStatutiMedievali.nsf/de148d287da34e08c1256e4c002f1718/954b800ec0eb94ffc1256fa3005fe08a?OpenDocument","Masserano I 1, I - Statuti dei comuni, 1378-1698",1378,"Masserano","Masserano","Masserano I 1, I - Statuti dei comuni, 1378-1698",1378,"Masserano",96032,"Masserano",1,1378,NA,NA,NA,NA
"Matelica","Matelica","https://www.senato.it/w3/Biblioteca/catalogoDegliStatutiMedievali.nsf/de148d287da34e08c1256e4c002f1718/30b079e14ebdb8c8c1256fa3005fe0ea?OpenDocument","Matelica I 1, I - Statuti dei comuni, 1358",1358,"Matelica","Matelica","Matelica I 1, I - Statuti dei comuni, 1358",1358,"Matelica",43024,"Matelica",1,1358,NA,NA,NA,NA
"Matera","Matera","https://www.senato.it/w3/Biblioteca/catalogoDegliStatutiMedievali.nsf/de148d287da34e08c1256e4c002f1718/356b602703c1acb3c1256fa3005fe136?OpenDocument","Matera I 1, I - Statuti dei comuni, 1331-1501",1331,"Matera","Matera","Matera I 1, I - Statuti dei comuni, 1331-1501",1331,"Matera",77014,"Matera",1,1331,NA,NA,NA,NA
"Mathelica","Mathelica","https://www.senato.it/w3/Biblioteca/catalogoDegliStatutiMedievali.nsf/de148d287da34e08c1256e4c002f1718/30b079e14ebdb8c8c1256fa3005fe0ea?OpenDocument","Matelica I 1, I - Statuti dei comuni, 1358",1358,"Matelica","Matelica","Matelica I 1, I - Statuti dei comuni, 1358",1358,"Matelica",43024,"Matelica",1,1358,NA,NA,NA,NA
"Mathera","Mathera","https://www.senato.it/w3/Biblioteca/catalogoDegliStatutiMedievali.nsf/de148d287da34e08c1256e4c002f1718/356b602703c1acb3c1256fa3005fe136?OpenDocument","Matera I 1, I - Statuti dei comuni, 1331-1501",1331,"Matera","Matera","Matera I 1, I - Statuti dei comuni, 1331-1501",1331,"Matera",77014,"Matera",1,1331,NA,NA,NA,NA
"Mattarella","Mattarella","https://www.senato.it/w3/Biblioteca/catalogoDegliStatutiMedievali.nsf/de148d287da34e08c1256e4c002f1718/93906bf02cb69685c1256f9a0056f8cd?OpenDocument","Domodossola I 1, I - Statuti dei comuni, 1297",1297,"Domodossola","Domodossola","Domodossola I 1, I - Statuti dei comuni, 1297",1297,"Domodossola",103028,"Domodossola",1,1297,NA,NA,NA,NA
"Medicina","Medicina","https://www.senato.it/w3/Biblioteca/catalogoDegliStatutiMedievali.nsf/de148d287da34e08c1256e4c002f1718/58168560971c8758c1256fa3005fe194?OpenDocument","<Medicina I 1, I - Statuti dei comuni, 1747",1747,"Medicina","Medicina","<Medicina I 1, I - Statuti dei comuni, 1747",1747,"Medicina",37037,"Medicina",1,1747,NA,NA,NA,NA
"Mediolanum","Mediolanum","https://www.senato.it/w3/Biblioteca/catalogoDegliStatutiMedievali.nsf/de148d287da34e08c1256e4c002f1718/b9ce2548bd4d98e3c1256fa3005fee07?OpenDocument","Milano I 1, I - Statuti dei comuni, 1170",1170,"Milano","Milano","Milano I 1, I - Statuti dei comuni, 1170",1170,"Milano",15146,"Milano",1,1170,NA,NA,NA,NA
"Medola (Montefiorino)","Medola (Montefiorino)","https://www.senato.it/w3/Biblioteca/catalogoDegliStatutiMedievali.nsf/de148d287da34e08c1256e4c002f1718/e0d8c625a8032ad6c1256fa3005fe1c0?OpenDocument","Medola I 1, I - Statuti dei comuni, 1461",1461,"Medolla","Medolla","Medola I 1, I - Statuti dei comuni, 1461",1461,"Medolla",36021,"Medolla",1,1461,NA,NA,NA,NA
"Medole","Medole","https://www.senato.it/w3/Biblioteca/catalogoDegliStatutiMedievali.nsf/de148d287da34e08c1256e4c002f1718/50e4bd024187ed9bc1256fa3005fe219?OpenDocument","Medole I 1, I - Statuti dei comuni, 1451-1603",1451,"Medole","Medole","Medole I 1, I - Statuti dei comuni, 1451-1603",1451,"Medole",20034,"Medole",1,1451,NA,NA,NA,NA
"Medolla","Medolla","https://www.senato.it/w3/Biblioteca/catalogoDegliStatutiMedievali.nsf/de148d287da34e08c1256e4c002f1718/e0d8c625a8032ad6c1256fa3005fe1c0?OpenDocument","Medola I 1, I - Statuti dei comuni, 1461",1461,"Medolla","Medolla","Medola I 1, I - Statuti dei comuni, 1461",1461,"Medolla",36021,"Medolla",1,1461,NA,NA,NA,NA
"Medula","Medula","https://www.senato.it/w3/Biblioteca/catalogoDegliStatutiMedievali.nsf/de148d287da34e08c1256e4c002f1718/e0d8c625a8032ad6c1256fa3005fe1c0?OpenDocument","Medola I 1, I - Statuti dei comuni, 1461",1461,"Medolla","Medolla","Medola I 1, I - Statuti dei comuni, 1461",1461,"Medolla",36021,"Medolla",1,1461,NA,NA,NA,NA
"Medulla","Medulla","https://www.senato.it/w3/Biblioteca/catalogoDegliStatutiMedievali.nsf/de148d287da34e08c1256e4c002f1718/50e4bd024187ed9bc1256fa3005fe219?OpenDocument","Medole I 1, I - Statuti dei comuni, 1451-1603",1451,"Medole","Medole","Medole I 1, I - Statuti dei comuni, 1451-1603",1451,"Medole",20034,"Medole",1,1451,NA,NA,NA,NA
"Meglia","Meglia","https://www.senato.it/w3/Biblioteca/catalogoDegliStatutiMedievali.nsf/de148d287da34e08c1256e4c002f1718/d4ab9764e439e961c1256f9a0040558f?OpenDocument","Ameglia I 1, I - Statuti dei comuni, 1596-1598",1596,"Ameglia","Ameglia","Ameglia I 1, I - Statuti dei comuni, 1596-1598",1596,"Ameglia",11001,"Ameglia",1,1596,NA,NA,NA,NA
"Meladium","Meladium","https://www.senato.it/w3/Biblioteca/catalogoDegliStatutiMedievali.nsf/de148d287da34e08c1256e4c002f1718/473f01b06c55ec26c1256fa3005fe2c0?OpenDocument","Melazzo I 1, I - Statuti dei comuni, 1510-1622",1510,"Melazzo","Melazzo","Melazzo I 1, I - Statuti dei comuni, 1510-1622",1510,"Melazzo",6092,"Melazzo",1,1510,NA,NA,NA,NA
"Melazzo","Melazzo","https://www.senato.it/w3/Biblioteca/catalogoDegliStatutiMedievali.nsf/de148d287da34e08c1256e4c002f1718/473f01b06c55ec26c1256fa3005fe2c0?OpenDocument","Melazzo I 1, I - Statuti dei comuni, 1510-1622",1510,"Melazzo","Melazzo","Melazzo I 1, I - Statuti dei comuni, 1510-1622",1510,"Melazzo",6092,"Melazzo",1,1510,NA,NA,NA,NA
"Meldola","Meldola","https://www.senato.it/w3/Biblioteca/catalogoDegliStatutiMedievali.nsf/de148d287da34e08c1256e4c002f1718/f7dcf483f21a2ca3c1256fa3005fe2d4?OpenDocument","Meldola I 1, I - Statuti dei comuni, 1556-1662",1556,"Meldola","Meldola","Meldola I 1, I - Statuti dei comuni, 1556-1662",1556,"Meldola",40019,"Meldola",1,1556,NA,NA,NA,NA
"Meldula","Meldula","https://www.senato.it/w3/Biblioteca/catalogoDegliStatutiMedievali.nsf/de148d287da34e08c1256e4c002f1718/f7dcf483f21a2ca3c1256fa3005fe2d4?OpenDocument","Meldola I 1, I - Statuti dei comuni, 1556-1662",1556,"Meldola","Meldola","Meldola I 1, I - Statuti dei comuni, 1556-1662",1556,"Meldola",40019,"Meldola",1,1556,NA,NA,NA,NA
"Mele","Mele","https://www.senato.it/w3/Biblioteca/catalogoDegliStatutiMedievali.nsf/de148d287da34e08c1256e4c002f1718/108e9836adfeb48fc1256fa3005fe334?OpenDocument","Mele II 1 1, II 1 - Corporazioni",NA,"Mele","Mele","Mele II 1 1, II 1 - Corporazioni",NA,"Mele",10033,"Mele",1,NA,NA,NA,NA,NA
"Melfi","Melfi","https://www.senato.it/w3/Biblioteca/catalogoDegliStatutiMedievali.nsf/de148d287da34e08c1256e4c002f1718/6723afa529439a46c1256fa3005fe3a1?OpenDocument","Melfi I 1, I - Statuti dei comuni, 1525",1525,"Melfi","Melfi","Melfi I 1, I - Statuti dei comuni, 1525",1525,"Melfi",76048,"Melfi",1,1525,NA,NA,NA,NA
"Melfia","Melfia","https://www.senato.it/w3/Biblioteca/catalogoDegliStatutiMedievali.nsf/de148d287da34e08c1256e4c002f1718/6723afa529439a46c1256fa3005fe3a1?OpenDocument","Melfi I 1, I - Statuti dei comuni, 1525",1525,"Melfi","Melfi","Melfi I 1, I - Statuti dei comuni, 1525",1525,"Melfi",76048,"Melfi",1,1525,NA,NA,NA,NA
"Melfictum","Melfictum","https://www.senato.it/w3/Biblioteca/catalogoDegliStatutiMedievali.nsf/de148d287da34e08c1256e4c002f1718/35442e1bfcfb087cc1256fa300601386?OpenDocument","Molfetta I 1, I - Statuti dei comuni, sec. XI-XVI",NA,"Molfetta","Molfetta","Molfetta I 1, I - Statuti dei comuni, sec. XI-XVI",NA,"Molfetta",72029,"Molfetta",1,NA,NA,NA,NA,NA
"Melladium","Melladium","https://www.senato.it/w3/Biblioteca/catalogoDegliStatutiMedievali.nsf/de148d287da34e08c1256e4c002f1718/473f01b06c55ec26c1256fa3005fe2c0?OpenDocument","Melazzo I 1, I - Statuti dei comuni, 1510-1622",1510,"Melazzo","Melazzo","Melazzo I 1, I - Statuti dei comuni, 1510-1622",1510,"Melazzo",6092,"Melazzo",1,1510,NA,NA,NA,NA
"Melphis","Melphis","https://www.senato.it/w3/Biblioteca/catalogoDegliStatutiMedievali.nsf/de148d287da34e08c1256e4c002f1718/6723afa529439a46c1256fa3005fe3a1?OpenDocument","Melfi I 1, I - Statuti dei comuni, 1525",1525,"Melfi","Melfi","Melfi I 1, I - Statuti dei comuni, 1525",1525,"Melfi",76048,"Melfi",1,1525,NA,NA,NA,NA
"Mendolara","Mendolara","https://www.senato.it/w3/Biblioteca/catalogoDegliStatutiMedievali.nsf/de148d287da34e08c1256e4c002f1718/5904236959ce491bc1256f9a00405635?OpenDocument","Amendolara I 1, I - Statuti dei comuni, 1491",1491,"Amendolara","Amendolara","Amendolara I 1, I - Statuti dei comuni, 1491",1491,"Amendolara",78011,"Amendolara",1,1491,NA,NA,NA,NA
"Mentana","Mentana","https://www.senato.it/w3/Biblioteca/catalogoDegliStatutiMedievali.nsf/de148d287da34e08c1256e4c002f1718/cd692e728860e38bc1256fa3005fe4ab?OpenDocument","Mentana I 1, I - Statuti dei comuni, 1619",1619,"Mentana","Mentana","Mentana I 1, I - Statuti dei comuni, 1619",1619,"Mentana",58059,"Mentana",1,1619,NA,NA,NA,NA
"Mergotium","Mergotium","https://www.senato.it/w3/Biblioteca/catalogoDegliStatutiMedievali.nsf/de148d287da34e08c1256e4c002f1718/2cd041c4e1557b85c1256fa3005fe555?OpenDocument","Mergozzo I 1, I - Statuti dei comuni, 1378-1505",1378,"Mergozzo","Mergozzo","Mergozzo I 1, I - Statuti dei comuni, 1378-1505",1378,"Mergozzo",103044,"Mergozzo",1,1378,NA,NA,NA,NA
"Mergozzo","Mergozzo","https://www.senato.it/w3/Biblioteca/catalogoDegliStatutiMedievali.nsf/de148d287da34e08c1256e4c002f1718/2cd041c4e1557b85c1256fa3005fe555?OpenDocument","Mergozzo I 1, I - Statuti dei comuni, 1378-1505",1378,"Mergozzo","Mergozzo","Mergozzo I 1, I - Statuti dei comuni, 1378-1505",1378,"Mergozzo",103044,"Mergozzo",1,1378,NA,NA,NA,NA
"Messana","Messana","https://www.senato.it/w3/Biblioteca/catalogoDegliStatutiMedievali.nsf/de148d287da34e08c1256e4c002f1718/1cbff1960ff15b4ec1256fa3005fe598?OpenDocument","Messina I 1, I - Statuti dei comuni, 1129-1648",1129,"Messina","Messina","Messina I 1, I - Statuti dei comuni, 1129-1648",1129,"Messina",83048,"Messina",1,1129,NA,NA,NA,NA
"Messerano","Messerano","https://www.senato.it/w3/Biblioteca/catalogoDegliStatutiMedievali.nsf/de148d287da34e08c1256e4c002f1718/954b800ec0eb94ffc1256fa3005fe08a?OpenDocument","Masserano I 1, I - Statuti dei comuni, 1378-1698",1378,"Masserano","Masserano","Masserano I 1, I - Statuti dei comuni, 1378-1698",1378,"Masserano",96032,"Masserano",1,1378,NA,NA,NA,NA
"Messeranum","Messeranum","https://www.senato.it/w3/Biblioteca/catalogoDegliStatutiMedievali.nsf/de148d287da34e08c1256e4c002f1718/954b800ec0eb94ffc1256fa3005fe08a?OpenDocument","Masserano I 1, I - Statuti dei comuni, 1378-1698",1378,"Masserano","Masserano","Masserano I 1, I - Statuti dei comuni, 1378-1698",1378,"Masserano",96032,"Masserano",1,1378,NA,NA,NA,NA
"Messina","Messina","https://www.senato.it/w3/Biblioteca/catalogoDegliStatutiMedievali.nsf/de148d287da34e08c1256e4c002f1718/1cbff1960ff15b4ec1256fa3005fe598?OpenDocument","Messina I 1, I - Statuti dei comuni, 1129-1648",1129,"Messina","Messina","Messina I 1, I - Statuti dei comuni, 1129-1648",1129,"Messina",83048,"Messina",1,1129,NA,NA,NA,NA
"Mezzenile","Mezzenile","https://www.senato.it/w3/Biblioteca/catalogoDegliStatutiMedievali.nsf/de148d287da34e08c1256e4c002f1718/ae6747df222272f2c1256fa3005fed6b?OpenDocument","Mezzenile I 1, I - Statuti dei comuni, 1621-1623",1621,"Mezzenile","Mezzenile","Mezzenile I 1, I - Statuti dei comuni, 1621-1623",1621,"Mezzenile",1152,"Mezzenile",1,1621,NA,NA,NA,NA
"Mezzo Iuffuso","Mezzo Iuffuso","https://www.senato.it/w3/Biblioteca/catalogoDegliStatutiMedievali.nsf/de148d287da34e08c1256e4c002f1718/2d84cf3723d44c36c1256fa3005fed7e?OpenDocument","Mezzojuso I 1, I - Statuti dei comuni, 1501",1501,"Mezzojuso","Mezzojuso","Mezzojuso I 1, I - Statuti dei comuni, 1501",1501,"Mezzojuso",82047,"Mezzojuso",1,1501,NA,NA,NA,NA
"Mezzojuso","Mezzojuso","https://www.senato.it/w3/Biblioteca/catalogoDegliStatutiMedievali.nsf/de148d287da34e08c1256e4c002f1718/2d84cf3723d44c36c1256fa3005fed7e?OpenDocument","Mezzojuso I 1, I - Statuti dei comuni, 1501",1501,"Mezzojuso","Mezzojuso","Mezzojuso I 1, I - Statuti dei comuni, 1501",1501,"Mezzojuso",82047,"Mezzojuso",1,1501,NA,NA,NA,NA
"Milano","Milano","https://www.senato.it/w3/Biblioteca/catalogoDegliStatutiMedievali.nsf/de148d287da34e08c1256e4c002f1718/b9ce2548bd4d98e3c1256fa3005fee07?OpenDocument","Milano I 1, I - Statuti dei comuni, 1170",1170,"Milano","Milano","Milano I 1, I - Statuti dei comuni, 1170",1170,"Milano",15146,"Milano",1,1170,NA,NA,NA,NA
"Minturno","Minturno","https://www.senato.it/w3/Biblioteca/catalogoDegliStatutiMedievali.nsf/de148d287da34e08c1256e4c002f1718/31c562616299cb42c1256fa30060098e?OpenDocument","Minturno I 1, I - Statuti dei comuni, 1751-1826",1751,"Minturno","Minturno","Minturno I 1, I - Statuti dei comuni, 1751-1826",1751,"Minturno",59014,"Minturno",1,1751,NA,NA,NA,NA
"Mirandola","Mirandola","https://www.senato.it/w3/Biblioteca/catalogoDegliStatutiMedievali.nsf/de148d287da34e08c1256e4c002f1718/5ad306ce7f0b2901c1256fa3006009aa?OpenDocument","Mirandola I 1, I - Statuti dei comuni, 1386",1386,"Mirandola","Mirandola","Mirandola I 1, I - Statuti dei comuni, 1386",1386,"Mirandola",36022,"Mirandola",1,1386,NA,NA,NA,NA
"Mocium","Mocium","https://www.senato.it/w3/Biblioteca/catalogoDegliStatutiMedievali.nsf/de148d287da34e08c1256e4c002f1718/f48983ec346d73cac1256fa3006012aa?OpenDocument","Moggio Udinese I 1, I - Statuti dei comuni, 1337",1337,"Moggio Udinese","Moggio Udinese","Moggio Udinese I 1, I - Statuti dei comuni, 1337",1337,"Moggio Udinese",30059,"Moggio Udinese",1,1337,NA,NA,NA,NA
"Modana","Modana","https://www.senato.it/w3/Biblioteca/catalogoDegliStatutiMedievali.nsf/de148d287da34e08c1256e4c002f1718/b7bb1aed000f04e2c1256fa300600aec?OpenDocument","Modena I 1, I - Statuti dei comuni, 969-1260",1260,"Modena","Modena","Modena I 1, I - Statuti dei comuni, 969-1260",1260,"Modena",36023,"Modena",1,1260,NA,NA,NA,NA
"Modena","Modena","https://www.senato.it/w3/Biblioteca/catalogoDegliStatutiMedievali.nsf/de148d287da34e08c1256e4c002f1718/b7bb1aed000f04e2c1256fa300600aec?OpenDocument","Modena I 1, I - Statuti dei comuni, 969-1260",1260,"Modena","Modena","Modena I 1, I - Statuti dei comuni, 969-1260",1260,"Modena",36023,"Modena",1,1260,NA,NA,NA,NA
"Modica","Modica","https://www.senato.it/w3/Biblioteca/catalogoDegliStatutiMedievali.nsf/de148d287da34e08c1256e4c002f1718/212d2d2cf2e32caec1256fa300601298?OpenDocument","Modica I 1, I - Statuti dei comuni, 1406-1509",1406,"Modica","Modica","Modica I 1, I - Statuti dei comuni, 1406-1509",1406,"Modica",88006,"Modica",1,1406,NA,NA,NA,NA
"Modona","Modona","https://www.senato.it/w3/Biblioteca/catalogoDegliStatutiMedievali.nsf/de148d287da34e08c1256e4c002f1718/b7bb1aed000f04e2c1256fa300600aec?OpenDocument","Modena I 1, I - Statuti dei comuni, 969-1260",1260,"Modena","Modena","Modena I 1, I - Statuti dei comuni, 969-1260",1260,"Modena",36023,"Modena",1,1260,NA,NA,NA,NA
"Moggio Udinese","Moggio Udinese","https://www.senato.it/w3/Biblioteca/catalogoDegliStatutiMedievali.nsf/de148d287da34e08c1256e4c002f1718/f48983ec346d73cac1256fa3006012aa?OpenDocument","Moggio Udinese I 1, I - Statuti dei comuni, 1337",1337,"Moggio Udinese","Moggio Udinese","Moggio Udinese I 1, I - Statuti dei comuni, 1337",1337,"Moggio Udinese",30059,"Moggio Udinese",1,1337,NA,NA,NA,NA
"Molare","Molare","https://www.senato.it/w3/Biblioteca/catalogoDegliStatutiMedievali.nsf/de148d287da34e08c1256e4c002f1718/cd3726c1115e3aa0c1256fa300601336?OpenDocument","Molare I 1, I - Statuti dei comuni, 1306-1483",1306,"Molare","Molare","Molare I 1, I - Statuti dei comuni, 1306-1483",1306,"Molare",6095,"Molare",1,1306,NA,NA,NA,NA
"Molfetta","Molfetta","https://www.senato.it/w3/Biblioteca/catalogoDegliStatutiMedievali.nsf/de148d287da34e08c1256e4c002f1718/35442e1bfcfb087cc1256fa300601386?OpenDocument","Molfetta I 1, I - Statuti dei comuni, sec. XI-XVI",NA,"Molfetta","Molfetta","Molfetta I 1, I - Statuti dei comuni, sec. XI-XVI",NA,"Molfetta",72029,"Molfetta",1,NA,NA,NA,NA,NA
"Molinella","Molinella","https://www.senato.it/w3/Biblioteca/catalogoDegliStatutiMedievali.nsf/de148d287da34e08c1256e4c002f1718/c9a41752c7513f4cc1256fa3006013fb?OpenDocument","Molinella II2 1, II 2 - Confraternite",NA,"Molinella","Molinella","Molinella II2 1, II 2 - Confraternite",NA,"Molinella",37039,"Molinella",1,NA,NA,NA,NA,NA
"Moliterno","Moliterno","https://www.senato.it/w3/Biblioteca/catalogoDegliStatutiMedievali.nsf/de148d287da34e08c1256e4c002f1718/c395591a295497d5c1256fa300601444?OpenDocument","Moliterno I 1, I - Statuti dei comuni, sec. XV-XVI",NA,"Moliterno","Moliterno","Moliterno I 1, I - Statuti dei comuni, sec. XV-XVI",NA,"Moliterno",76050,"Moliterno",1,NA,NA,NA,NA,NA
"Moliternum","Moliternum","https://www.senato.it/w3/Biblioteca/catalogoDegliStatutiMedievali.nsf/de148d287da34e08c1256e4c002f1718/c395591a295497d5c1256fa300601444?OpenDocument","Moliterno I 1, I - Statuti dei comuni, sec. XV-XVI",NA,"Moliterno","Moliterno","Moliterno I 1, I - Statuti dei comuni, sec. XV-XVI",NA,"Moliterno",76050,"Moliterno",1,NA,NA,NA,NA,NA
"Moltelpare","Moltelpare","https://www.senato.it/w3/Biblioteca/catalogoDegliStatutiMedievali.nsf/de148d287da34e08c1256e4c002f1718/4ebe90880a051937c1256fa300602579?OpenDocument","Montelparo I 1, I - Statuti dei comuni, 1560-1776",1560,"Montelparo","Montelparo","Montelparo I 1, I - Statuti dei comuni, 1560-1776",1560,"Montelparo",109020,"Montelparo",1,1560,NA,NA,NA,NA
"Mombaruzzo","Mombaruzzo","https://www.senato.it/w3/Biblioteca/catalogoDegliStatutiMedievali.nsf/de148d287da34e08c1256e4c002f1718/cd35a76dbb0a188dc1256fa300601454?OpenDocument","Mombaruzzo I 1, I - Statuti dei comuni, 1337",1337,"Mombaruzzo","Mombaruzzo","Mombaruzzo I 1, I - Statuti dei comuni, 1337",1337,"Mombaruzzo",5065,"Mombaruzzo",1,1337,NA,NA,NA,NA
"Mombasiglio","Mombasiglio","https://www.senato.it/w3/Biblioteca/catalogoDegliStatutiMedievali.nsf/de148d287da34e08c1256e4c002f1718/052b94734bdcb4ffc1256fa3006014a7?OpenDocument","Mombasiglio I 1, I - Statuti dei comuni, 1331",1331,"Mombasiglio","Mombasiglio","Mombasiglio I 1, I - Statuti dei comuni, 1331",1331,"Mombasiglio",4125,"Mombasiglio",1,1331,NA,NA,NA,NA
"Mombercelli","Mombercelli","https://www.senato.it/w3/Biblioteca/catalogoDegliStatutiMedievali.nsf/de148d287da34e08c1256e4c002f1718/160fa08fd30bf7d8c1256fa30060151f?OpenDocument","Mombercelli I 1, I - Statuti dei comuni, 1764",1764,"Mombercelli","Mombercelli","Mombercelli I 1, I - Statuti dei comuni, 1764",1764,"Mombercelli",5066,"Mombercelli",1,1764,NA,NA,NA,NA
"Monastero di Lanzo","Monastero di Lanzo","https://www.senato.it/w3/Biblioteca/catalogoDegliStatutiMedievali.nsf/de148d287da34e08c1256e4c002f1718/afb35dc6750e2875c1256fa3006015cd?OpenDocument","Monastero di Lanzo I 1, I - Statuti dei comuni, 1782-1783",1782,"Monastero di Lanzo","Monastero di Lanzo","Monastero di Lanzo I 1, I - Statuti dei comuni, 1782-1783",1782,"Monastero di Lanzo",1155,"Monastero di Lanzo",1,1782,NA,NA,NA,NA
"Monbasilio","Monbasilio","https://www.senato.it/w3/Biblioteca/catalogoDegliStatutiMedievali.nsf/de148d287da34e08c1256e4c002f1718/052b94734bdcb4ffc1256fa3006014a7?OpenDocument","Mombasiglio I 1, I - Statuti dei comuni, 1331",1331,"Mombasiglio","Mombasiglio","Mombasiglio I 1, I - Statuti dei comuni, 1331",1331,"Mombasiglio",4125,"Mombasiglio",1,1331,NA,NA,NA,NA
"Moncalieri","Moncalieri","https://www.senato.it/w3/Biblioteca/catalogoDegliStatutiMedievali.nsf/de148d287da34e08c1256e4c002f1718/e32a48f46ef5ce1cc1256fa300601629?OpenDocument","Moncalieri I 1, I - Statuti dei comuni, 1209-1482",1209,"Moncalieri","Moncalieri","Moncalieri I 1, I - Statuti dei comuni, 1209-1482",1209,"Moncalieri",1156,"Moncalieri",1,1209,NA,NA,NA,NA
"Moncalvo","Moncalvo","https://www.senato.it/w3/Biblioteca/catalogoDegliStatutiMedievali.nsf/de148d287da34e08c1256e4c002f1718/285a80be5cbd53e2c1256fa30060172b?OpenDocument","Moncalvo I 1, I - Statuti dei comuni, 1589-1635",1589,"Moncalvo","Moncalvo","Moncalvo I 1, I - Statuti dei comuni, 1589-1635",1589,"Moncalvo",5069,"Moncalvo",1,1589,NA,NA,NA,NA
"Monclasego","Monclasego","https://www.senato.it/w3/Biblioteca/catalogoDegliStatutiMedievali.nsf/de148d287da34e08c1256e4c002f1718/a7f98ba3b8960352c1256fa300601750?OpenDocument","Monclassico I 1, I - Statuti dei comuni, 1495",1495,"Monclassico","Monclassico","Monclassico I 1, I - Statuti dei comuni, 1495",1495,"Monclassico",22121,"Monclassico",1,1495,NA,NA,NA,NA
"Monclassico","Monclassico","https://www.senato.it/w3/Biblioteca/catalogoDegliStatutiMedievali.nsf/de148d287da34e08c1256e4c002f1718/a7f98ba3b8960352c1256fa300601750?OpenDocument","Monclassico I 1, I - Statuti dei comuni, 1495",1495,"Monclassico","Monclassico","Monclassico I 1, I - Statuti dei comuni, 1495",1495,"Monclassico",22121,"Monclassico",1,1495,NA,NA,NA,NA
"Mondaino","Mondaino","https://www.senato.it/w3/Biblioteca/catalogoDegliStatutiMedievali.nsf/de148d287da34e08c1256e4c002f1718/75591ecbba2467a9c1256fa300601781?OpenDocument","Mondaino I 1, I - Statuti dei comuni, 1580",1580,"Mondaino","Mondaino","Mondaino I 1, I - Statuti dei comuni, 1580",1580,"Mondaino",99006,"Mondaino",1,1580,NA,NA,NA,NA
"Mondainum","Mondainum","https://www.senato.it/w3/Biblioteca/catalogoDegliStatutiMedievali.nsf/de148d287da34e08c1256e4c002f1718/75591ecbba2467a9c1256fa300601781?OpenDocument","Mondaino I 1, I - Statuti dei comuni, 1580",1580,"Mondaino","Mondaino","Mondaino I 1, I - Statuti dei comuni, 1580",1580,"Mondaino",99006,"Mondaino",1,1580,NA,NA,NA,NA
"Mondavio","Mondavio","https://www.senato.it/w3/Biblioteca/catalogoDegliStatutiMedievali.nsf/de148d287da34e08c1256e4c002f1718/e3aa05aeb424bb55c1256fa3006017a8?OpenDocument","Mondavio I 1, I - Statuti dei comuni, 1651",1651,"Mondavio","Mondavio","Mondavio I 1, I - Statuti dei comuni, 1651",1651,"Mondavio",41028,"Mondavio",1,1651,NA,NA,NA,NA
"Mondolfo","Mondolfo","https://www.senato.it/w3/Biblioteca/catalogoDegliStatutiMedievali.nsf/de148d287da34e08c1256e4c002f1718/f31603a9902ac007c1256fa3006017c4?OpenDocument","Mondolfo I 1, I - Statuti dei comuni, 1471-1544",1471,"Mondolfo","Mondolfo","Mondolfo I 1, I - Statuti dei comuni, 1471-1544",1471,"Mondolfo",41029,"Mondolfo",1,1471,NA,NA,NA,NA
"Mondulphus","Mondulphus","https://www.senato.it/w3/Biblioteca/catalogoDegliStatutiMedievali.nsf/de148d287da34e08c1256e4c002f1718/f31603a9902ac007c1256fa3006017c4?OpenDocument","Mondolfo I 1, I - Statuti dei comuni, 1471-1544",1471,"Mondolfo","Mondolfo","Mondolfo I 1, I - Statuti dei comuni, 1471-1544",1471,"Mondolfo",41029,"Mondolfo",1,1471,NA,NA,NA,NA
"Monfalcone","Monfalcone","https://www.senato.it/w3/Biblioteca/catalogoDegliStatutiMedievali.nsf/de148d287da34e08c1256e4c002f1718/3489f1257fb2eae7c1256fa3006019a3?OpenDocument","Monfalcone I 1, I - Statuti dei comuni, 1336-1386",1336,"Monfalcone","Monfalcone","Monfalcone I 1, I - Statuti dei comuni, 1336-1386",1336,"Monfalcone",31012,"Monfalcone",1,1336,NA,NA,NA,NA
"Monfalconis","Monfalconis","https://www.senato.it/w3/Biblioteca/catalogoDegliStatutiMedievali.nsf/de148d287da34e08c1256e4c002f1718/3489f1257fb2eae7c1256fa3006019a3?OpenDocument","Monfalcone I 1, I - Statuti dei comuni, 1336-1386",1336,"Monfalcone","Monfalcone","Monfalcone I 1, I - Statuti dei comuni, 1336-1386",1336,"Monfalcone",31012,"Monfalcone",1,1336,NA,NA,NA,NA
"Mongutium","Mongutium","https://www.senato.it/w3/Biblioteca/catalogoDegliStatutiMedievali.nsf/de148d287da34e08c1256e4c002f1718/9204fe7d1128004ec1256fa300601a9a?OpenDocument","Monguzzo I 1, I - Statuti dei comuni, 1237",1237,"Monguzzo","Monguzzo","Monguzzo I 1, I - Statuti dei comuni, 1237",1237,"Monguzzo",13153,"Monguzzo",1,1237,NA,NA,NA,NA
"Monguzzo","Monguzzo","https://www.senato.it/w3/Biblioteca/catalogoDegliStatutiMedievali.nsf/de148d287da34e08c1256e4c002f1718/9204fe7d1128004ec1256fa300601a9a?OpenDocument","Monguzzo I 1, I - Statuti dei comuni, 1237",1237,"Monguzzo","Monguzzo","Monguzzo I 1, I - Statuti dei comuni, 1237",1237,"Monguzzo",13153,"Monguzzo",1,1237,NA,NA,NA,NA
"Monopoli","Monopoli","https://www.senato.it/w3/Biblioteca/catalogoDegliStatutiMedievali.nsf/de148d287da34e08c1256e4c002f1718/c3ce36aff0a9ba0fc1256fa300601aac?OpenDocument","Monopoli I 1, I - Statuti dei comuni, 1492",1492,"Monopoli","Monopoli","Monopoli I 1, I - Statuti dei comuni, 1492",1492,"Monopoli",72030,"Monopoli",1,1492,NA,NA,NA,NA
"Monreale","Monreale","https://www.senato.it/w3/Biblioteca/catalogoDegliStatutiMedievali.nsf/de148d287da34e08c1256e4c002f1718/99d308041f9ec16cc1256fa300601abe?OpenDocument","Monreale III 1, III - Accademie-ospedali-monti di pietà-ecc.",NA,"Monreale","Monreale","Monreale III 1, III - Accademie-ospedali-monti di pietà-ecc.",NA,"Monreale",82049,"Monreale",1,NA,NA,NA,NA,NA
"Mons Acutus","Mons Acutus","https://www.senato.it/w3/Biblioteca/catalogoDegliStatutiMedievali.nsf/de148d287da34e08c1256e4c002f1718/9204fe7d1128004ec1256fa300601a9a?OpenDocument","Monguzzo I 1, I - Statuti dei comuni, 1237",1237,"Monguzzo","Monguzzo","Monguzzo I 1, I - Statuti dei comuni, 1237",1237,"Monguzzo",13153,"Monguzzo",1,1237,NA,NA,NA,NA
"Mons Altus","Mons Altus","https://www.senato.it/w3/Biblioteca/catalogoDegliStatutiMedievali.nsf/de148d287da34e08c1256e4c002f1718/1754b7acb53668f0c1256fa300601d58?OpenDocument","Montalto delle Marche I 1, I - Statuti dei comuni, 1585",1585,"Montalto delle Marche","Montalto delle Marche","Montalto delle Marche I 1, I - Statuti dei comuni, 1585",1585,"Montalto delle Marche",44032,"Montalto delle Marche",1,1585,NA,NA,NA,NA
"Mons Bodius","Mons Bodius","https://www.senato.it/w3/Biblioteca/catalogoDegliStatutiMedievali.nsf/de148d287da34e08c1256e4c002f1718/61393770a2238573c1256fa40048d77d?OpenDocument","Ostra I 1, I - Statuti dei comuni, 1194-1196",1194,"Ostra","Ostra","Ostra I 1, I - Statuti dei comuni, 1194-1196",1194,"Ostra",42035,"Ostra",1,1194,NA,NA,NA,NA
"Mons Bogdius","Mons Bogdius","https://www.senato.it/w3/Biblioteca/catalogoDegliStatutiMedievali.nsf/de148d287da34e08c1256e4c002f1718/61393770a2238573c1256fa40048d77d?OpenDocument","Ostra I 1, I - Statuti dei comuni, 1194-1196",1194,"Ostra","Ostra","Ostra I 1, I - Statuti dei comuni, 1194-1196",1194,"Ostra",42035,"Ostra",1,1194,NA,NA,NA,NA
"Mons Britti","Mons Britti","https://www.senato.it/w3/Biblioteca/catalogoDegliStatutiMedievali.nsf/de148d287da34e08c1256e4c002f1718/48a6ce2018696806c1256fa300602526?OpenDocument","Montelibretti I 1, I - Statuti dei comuni, 1435-1436",1435,"Montelibretti","Montelibretti","Montelibretti I 1, I - Statuti dei comuni, 1435-1436",1435,"Montelibretti",58063,"Montelibretti",1,1435,NA,NA,NA,NA
"Mons Brittorum","Mons Brittorum","https://www.senato.it/w3/Biblioteca/catalogoDegliStatutiMedievali.nsf/de148d287da34e08c1256e4c002f1718/48a6ce2018696806c1256fa300602526?OpenDocument","Montelibretti I 1, I - Statuti dei comuni, 1435-1436",1435,"Montelibretti","Montelibretti","Montelibretti I 1, I - Statuti dei comuni, 1435-1436",1435,"Montelibretti",58063,"Montelibretti",1,1435,NA,NA,NA,NA
"Mons Causarius","Mons Causarius","https://www.senato.it/w3/Biblioteca/catalogoDegliStatutiMedievali.nsf/de148d287da34e08c1256e4c002f1718/603413612e50b2eec1256fa300602196?OpenDocument","Montecosaro I 1, I - Statuti dei comuni, 1596-1597",1596,"Montecosaro","Montecosaro","Montecosaro I 1, I - Statuti dei comuni, 1596-1597",1596,"Montecosaro",43028,"Montecosaro",1,1596,NA,NA,NA,NA
"Mons Elpari","Mons Elpari","https://www.senato.it/w3/Biblioteca/catalogoDegliStatutiMedievali.nsf/de148d287da34e08c1256e4c002f1718/4ebe90880a051937c1256fa300602579?OpenDocument","Montelparo I 1, I - Statuti dei comuni, 1560-1776",1560,"Montelparo","Montelparo","Montelparo I 1, I - Statuti dei comuni, 1560-1776",1560,"Montelparo",109020,"Montelparo",1,1560,NA,NA,NA,NA
"Mons Falchius","Mons Falchius","https://www.senato.it/w3/Biblioteca/catalogoDegliStatutiMedievali.nsf/de148d287da34e08c1256e4c002f1718/24c85cab7c2226adc1256fa3006021d9?OpenDocument","Montefalco I 1, I - Statuti dei comuni, sec. XV-XVII",NA,"Montefalco","Montefalco","Montefalco I 1, I - Statuti dei comuni, sec. XV-XVII",NA,"Montefalco",54030,"Montefalco",1,NA,NA,NA,NA,NA
"Mons Falconis","Mons Falconis","https://www.senato.it/w3/Biblioteca/catalogoDegliStatutiMedievali.nsf/de148d287da34e08c1256e4c002f1718/24c85cab7c2226adc1256fa3006021d9?OpenDocument","Montefalco I 1, I - Statuti dei comuni, sec. XV-XVII",NA,"Montefalco","Montefalco","Montefalco I 1, I - Statuti dei comuni, sec. XV-XVII",NA,"Montefalco",54030,"Montefalco",1,NA,NA,NA,NA,NA
"Mons Fani","Mons Fani","https://www.senato.it/w3/Biblioteca/catalogoDegliStatutiMedievali.nsf/de148d287da34e08c1256e4c002f1718/0cfca2e041aa9cf8c1256fa30060223b?OpenDocument","Montefano I 1, I - Statuti dei comuni, 1567-1568",1567,"Montefano","Montefano","Montefano I 1, I - Statuti dei comuni, 1567-1568",1567,"Montefano",43029,"Montefano",1,1567,NA,NA,NA,NA
"Mons Filiorum Otrani","Mons Filiorum Otrani","https://www.senato.it/w3/Biblioteca/catalogoDegliStatutiMedievali.nsf/de148d287da34e08c1256e4c002f1718/681c6b44061f28abc1256fa2005a0766?OpenDocument","Filottrano I 1, I - Statuti dei comuni, 1460-1530",1460,"Filottrano","Filottrano","Filottrano I 1, I - Statuti dei comuni, 1460-1530",1460,"Filottrano",42019,"Filottrano",1,1460,NA,NA,NA,NA
"Mons Florum","Mons Florum","https://www.senato.it/w3/Biblioteca/catalogoDegliStatutiMedievali.nsf/de148d287da34e08c1256e4c002f1718/b33f7f5c0302bedec1256fa30060234a?OpenDocument","Montefiore Conca I 1, I - Statuti dei comuni, 1471",1471,"Montefiore Conca","Montefiore Conca","Montefiore Conca I 1, I - Statuti dei comuni, 1471",1471,"Montefiore Conca",99008,"Montefiore Conca",1,1471,NA,NA,NA,NA
"Mons Fortinus","Mons Fortinus","https://www.senato.it/w3/Biblioteca/catalogoDegliStatutiMedievali.nsf/de148d287da34e08c1256e4c002f1718/eaf1a0fc31a64133c1256fa30060238b?OpenDocument","Montefortino I 1, I - Statuti dei comuni, 1565-1746",1565,"Montefortino","Montefortino","Montefortino I 1, I - Statuti dei comuni, 1565-1746",1565,"Montefortino",109015,"Montefortino",1,1565,NA,NA,NA,NA
"Mons Gallorum","Mons Gallorum","https://www.senato.it/w3/Biblioteca/catalogoDegliStatutiMedievali.nsf/de148d287da34e08c1256e4c002f1718/f24e1fc0bc70e142c1256fa3006023a6?OpenDocument","Montegallo I 1, I - Statuti dei comuni, 1574-1576",1574,"Montegallo","Montegallo","Montegallo I 1, I - Statuti dei comuni, 1574-1576",1574,"Montegallo",44038,"Montegallo",1,1574,NA,NA,NA,NA
"Mons Granarius","Mons Granarius","https://www.senato.it/w3/Biblioteca/catalogoDegliStatutiMedievali.nsf/de148d287da34e08c1256e4c002f1718/d5caa6fcb76ef550c1256fa3006024d0?OpenDocument","Montegranaro I 1, I - Statuti dei comuni, 1564-1576",1564,"Montegranaro","Montegranaro","Montegranaro I 1, I - Statuti dei comuni, 1564-1576",1564,"Montegranaro",109018,"Montegranaro",1,1564,NA,NA,NA,NA
"Mons Libertinorum","Mons Libertinorum","https://www.senato.it/w3/Biblioteca/catalogoDegliStatutiMedievali.nsf/de148d287da34e08c1256e4c002f1718/48a6ce2018696806c1256fa300602526?OpenDocument","Montelibretti I 1, I - Statuti dei comuni, 1435-1436",1435,"Montelibretti","Montelibretti","Montelibretti I 1, I - Statuti dei comuni, 1435-1436",1435,"Montelibretti",58063,"Montelibretti",1,1435,NA,NA,NA,NA
"Mons Milonis","Mons Milonis","https://www.senato.it/w3/Biblioteca/catalogoDegliStatutiMedievali.nsf/de148d287da34e08c1256e4c002f1718/920e9392347544c0c1256fa400491c02?OpenDocument","Pollenza I 1, I - Statuti dei comuni, 1471-1484",1471,"Pollenza","Pollenza","Pollenza I 1, I - Statuti dei comuni, 1471-1484",1471,"Pollenza",43041,"Pollenza",1,1471,NA,NA,NA,NA
"Mons Monacus","Mons Monacus","https://www.senato.it/w3/Biblioteca/catalogoDegliStatutiMedievali.nsf/de148d287da34e08c1256e4c002f1718/3975c2e27f26d75cc1256fa300602748?OpenDocument","Montemonaco I 1, I - Statuti dei comuni, 1442",1442,"Montemonaco","Montemonaco","Montemonaco I 1, I - Statuti dei comuni, 1442",1442,"Montemonaco",44044,"Montemonaco",1,1442,NA,NA,NA,NA
"Mons Novus","Mons Novus","https://www.senato.it/w3/Biblioteca/catalogoDegliStatutiMedievali.nsf/de148d287da34e08c1256e4c002f1718/0d2c586c1c7ddb36c1256fa40048d89d?OpenDocument","Ostra Vetere I 1, I - Statuti dei comuni, 1587-1588",1587,"Ostra Vetere","Ostra Vetere","Ostra Vetere I 1, I - Statuti dei comuni, 1587-1588",1587,"Ostra Vetere",42036,"Ostra Vetere",1,1587,NA,NA,NA,NA
"Mons Phani","Mons Phani","https://www.senato.it/w3/Biblioteca/catalogoDegliStatutiMedievali.nsf/de148d287da34e08c1256e4c002f1718/0cfca2e041aa9cf8c1256fa30060223b?OpenDocument","Montefano I 1, I - Statuti dei comuni, 1567-1568",1567,"Montefano","Montefano","Montefano I 1, I - Statuti dei comuni, 1567-1568",1567,"Montefano",43029,"Montefano",1,1567,NA,NA,NA,NA
"Mons Politianus","Mons Politianus","https://www.senato.it/w3/Biblioteca/catalogoDegliStatutiMedievali.nsf/de148d287da34e08c1256e4c002f1718/06f1218f8f3ba7dbc1256fa300602999?OpenDocument","Montepulciano I 1, I - Statuti dei comuni, 1569-1591",1569,"Montepulciano","Montepulciano","Montepulciano I 1, I - Statuti dei comuni, 1569-1591",1569,"Montepulciano",52015,"Montepulciano",1,1569,NA,NA,NA,NA
"Mons Ritundus","Mons Ritundus","https://www.senato.it/w3/Biblioteca/catalogoDegliStatutiMedievali.nsf/de148d287da34e08c1256e4c002f1718/8afae8e878878f43c1256fa300602a90?OpenDocument","Monterotondo Marittimo I 1, I - Statuti dei comuni, 1577-1720",1577,"Monterotondo Marittimo","Monterotondo Marittimo","Monterotondo Marittimo I 1, I - Statuti dei comuni, 1577-1720",1577,"Monterotondo Marittimo",53027,"Monterotondo Marittimo",1,1577,NA,NA,NA,NA
"Mons Rotundus","Mons Rotundus","https://www.senato.it/w3/Biblioteca/catalogoDegliStatutiMedievali.nsf/de148d287da34e08c1256e4c002f1718/498596918b8c184dc1256fa300602a77?OpenDocument","Monterotondo I 1, I - Statuti dei comuni, 1579-1601",1579,"Monterotondo","Monterotondo","Monterotondo I 1, I - Statuti dei comuni, 1579-1601",1579,"Monterotondo",58065,"Monterotondo",1,1579,NA,NA,NA,NA
"Mons Rubianus","Mons Rubianus","https://www.senato.it/w3/Biblioteca/catalogoDegliStatutiMedievali.nsf/de148d287da34e08c1256e4c002f1718/813e31e8ef4cbf5ac1256fa300602acc?OpenDocument","Monterubbiano I 1, I - Statuti dei comuni, 1574-1759",1574,"Monterubbiano","Monterubbiano","Monterubbiano I 1, I - Statuti dei comuni, 1574-1759",1574,"Monterubbiano",109022,"Monterubbiano",1,1574,NA,NA,NA,NA
"Mons Sanctae Mariae in Cassiano","Mons Sanctae Mariae in Cassiano","https://www.senato.it/w3/Biblioteca/catalogoDegliStatutiMedievali.nsf/de148d287da34e08c1256e4c002f1718/6d7698f1d3ac5818c1256fa300601fb1?OpenDocument","Montecassiano I 1, I - Statuti dei comuni, 1542-1555",1542,"Montecassiano","Montecassiano","Montecassiano I 1, I - Statuti dei comuni, 1542-1555",1542,"Montecassiano",43026,"Montecassiano",1,1542,NA,NA,NA,NA
"Mons Sanctae Mariae in Georgio","Mons Sanctae Mariae in Georgio","https://www.senato.it/w3/Biblioteca/catalogoDegliStatutiMedievali.nsf/de148d287da34e08c1256e4c002f1718/4792f9b0e565190bc1256fa3006023ec?OpenDocument","Montegiorgio I 1, I - Statuti dei comuni, 1522",1522,"Montegiorgio","Montegiorgio","Montegiorgio I 1, I - Statuti dei comuni, 1522",1522,"Montegiorgio",109017,"Montegiorgio",1,1522,NA,NA,NA,NA
"Mons Sanctae Mariae in Lapide","Mons Sanctae Mariae in Lapide","https://www.senato.it/w3/Biblioteca/catalogoDegliStatutiMedievali.nsf/de148d287da34e08c1256e4c002f1718/f24e1fc0bc70e142c1256fa3006023a6?OpenDocument","Montegallo I 1, I - Statuti dei comuni, 1574-1576",1574,"Montegallo","Montegallo","Montegallo I 1, I - Statuti dei comuni, 1574-1576",1574,"Montegallo",44038,"Montegallo",1,1574,NA,NA,NA,NA
"Mons Sanctus","Mons Sanctus","https://www.senato.it/w3/Biblioteca/catalogoDegliStatutiMedievali.nsf/de148d287da34e08c1256e4c002f1718/d7b4b7a3de921c01c1256fa4004921ce?OpenDocument","Potenza Picena I 1, I - Statuti dei comuni, 1433-1585",1433,"Potenza Picena","Potenza Picena","Potenza Picena I 1, I - Statuti dei comuni, 1433-1585",1433,"Potenza Picena",43043,"Potenza Picena",1,1433,NA,NA,NA,NA
"Mons Silicis","Mons Silicis","https://www.senato.it/w3/Biblioteca/catalogoDegliStatutiMedievali.nsf/de148d287da34e08c1256e4c002f1718/790dd76faa50b2b8c1256fa300601b42?OpenDocument","Monselice I 1, I - Statuti dei comuni, 1298",1298,"Monselice","Monselice","Monselice I 1, I - Statuti dei comuni, 1298",1298,"Monselice",28055,"Monselice",1,1298,NA,NA,NA,NA
"Mons Zamban","Mons Zamban","https://www.senato.it/w3/Biblioteca/catalogoDegliStatutiMedievali.nsf/de148d287da34e08c1256e4c002f1718/560aa1f4e7e77fdfc1256fa300602f2f?OpenDocument","Monzambano I 1, I - Statuti dei comuni, 1355-1696",1355,"Monzambano","Monzambano","Monzambano I 1, I - Statuti dei comuni, 1355-1696",1355,"Monzambano",20036,"Monzambano",1,1355,NA,NA,NA,NA
"Monsbarucius","Monsbarucius","https://www.senato.it/w3/Biblioteca/catalogoDegliStatutiMedievali.nsf/de148d287da34e08c1256e4c002f1718/cd35a76dbb0a188dc1256fa300601454?OpenDocument","Mombaruzzo I 1, I - Statuti dei comuni, 1337",1337,"Mombaruzzo","Mombaruzzo","Mombaruzzo I 1, I - Statuti dei comuni, 1337",1337,"Mombaruzzo",5065,"Mombaruzzo",1,1337,NA,NA,NA,NA
"Monsbaxilius","Monsbaxilius","https://www.senato.it/w3/Biblioteca/catalogoDegliStatutiMedievali.nsf/de148d287da34e08c1256e4c002f1718/052b94734bdcb4ffc1256fa3006014a7?OpenDocument","Mombasiglio I 1, I - Statuti dei comuni, 1331",1331,"Mombasiglio","Mombasiglio","Mombasiglio I 1, I - Statuti dei comuni, 1331",1331,"Mombasiglio",4125,"Mombasiglio",1,1331,NA,NA,NA,NA
"Monscalerius","Monscalerius","https://www.senato.it/w3/Biblioteca/catalogoDegliStatutiMedievali.nsf/de148d287da34e08c1256e4c002f1718/e32a48f46ef5ce1cc1256fa300601629?OpenDocument","Moncalieri I 1, I - Statuti dei comuni, 1209-1482",1209,"Moncalieri","Moncalieri","Moncalieri I 1, I - Statuti dei comuni, 1209-1482",1209,"Moncalieri",1156,"Moncalieri",1,1209,NA,NA,NA,NA
"Monscalvus","Monscalvus","https://www.senato.it/w3/Biblioteca/catalogoDegliStatutiMedievali.nsf/de148d287da34e08c1256e4c002f1718/285a80be5cbd53e2c1256fa30060172b?OpenDocument","Moncalvo I 1, I - Statuti dei comuni, 1589-1635",1589,"Moncalvo","Moncalvo","Moncalvo I 1, I - Statuti dei comuni, 1589-1635",1589,"Moncalvo",5069,"Moncalvo",1,1589,NA,NA,NA,NA
"Monscharolus","Monscharolus","https://www.senato.it/w3/Biblioteca/catalogoDegliStatutiMedievali.nsf/de148d287da34e08c1256e4c002f1718/19335d03582b29c7c1256fa300601f86?OpenDocument","Montecarlo I 1, I - Statuti dei comuni, 1388-1709",1388,"Montecarlo","Montecarlo","Montecarlo I 1, I - Statuti dei comuni, 1388-1709",1388,"Montecarlo",46021,"Montecarlo",1,1388,NA,NA,NA,NA
"Monscreptus","Monscreptus","https://www.senato.it/w3/Biblioteca/catalogoDegliStatutiMedievali.nsf/de148d287da34e08c1256e4c002f1718/f1af8e3587170057c1256fa3006021af?OpenDocument","Montecreto I 1, I - Statuti dei comuni, 1600-1787",1600,"Montecreto","Montecreto","Montecreto I 1, I - Statuti dei comuni, 1600-1787",1600,"Montecreto",36024,"Montecreto",1,1600,NA,NA,NA,NA
"Monselice","Monselice","https://www.senato.it/w3/Biblioteca/catalogoDegliStatutiMedievali.nsf/de148d287da34e08c1256e4c002f1718/790dd76faa50b2b8c1256fa300601b42?OpenDocument","Monselice I 1, I - Statuti dei comuni, 1298",1298,"Monselice","Monselice","Monselice I 1, I - Statuti dei comuni, 1298",1298,"Monselice",28055,"Monselice",1,1298,NA,NA,NA,NA
"Monsphylotrani","Monsphylotrani","https://www.senato.it/w3/Biblioteca/catalogoDegliStatutiMedievali.nsf/de148d287da34e08c1256e4c002f1718/681c6b44061f28abc1256fa2005a0766?OpenDocument","Filottrano I 1, I - Statuti dei comuni, 1460-1530",1460,"Filottrano","Filottrano","Filottrano I 1, I - Statuti dei comuni, 1460-1530",1460,"Filottrano",42019,"Filottrano",1,1460,NA,NA,NA,NA
"Montagnana","Montagnana","https://www.senato.it/w3/Biblioteca/catalogoDegliStatutiMedievali.nsf/de148d287da34e08c1256e4c002f1718/ba470db6291f8d3bc1256fa300601ba4?OpenDocument","Montagnana I 1, I - Statuti dei comuni, 1271-1768",1271,"Montagnana","Montagnana","Montagnana I 1, I - Statuti dei comuni, 1271-1768",1271,"Montagnana",28056,"Montagnana",1,1271,NA,NA,NA,NA
"Montaguto","Montaguto","https://www.senato.it/w3/Biblioteca/catalogoDegliStatutiMedievali.nsf/de148d287da34e08c1256e4c002f1718/59c9fad939de0180c1256fa300601bd9?OpenDocument","Montagutolo dell'Ardenghesca I 1, I - Statuti dei comuni, 1280-1297",1280,"Montaguto","Montaguto","Montagutolo dell'Ardenghesca I 1, I - Statuti dei comuni, 1280-1297",1280,"Montaguto",64051,"Montaguto",1,1280,NA,NA,NA,NA
"Montagutolo dell'Ardenghesca (Civitella Paganico)","Montagutolo dell'Ardenghesca (Civitella Paganico)","https://www.senato.it/w3/Biblioteca/catalogoDegliStatutiMedievali.nsf/de148d287da34e08c1256e4c002f1718/59c9fad939de0180c1256fa300601bd9?OpenDocument","Montagutolo dell'Ardenghesca I 1, I - Statuti dei comuni, 1280-1297",1280,"Montaguto","Montaguto","Montagutolo dell'Ardenghesca I 1, I - Statuti dei comuni, 1280-1297",1280,"Montaguto",64051,"Montaguto",1,1280,NA,NA,NA,NA
"Montagutolo di Pari","Montagutolo di Pari","https://www.senato.it/w3/Biblioteca/catalogoDegliStatutiMedievali.nsf/de148d287da34e08c1256e4c002f1718/59c9fad939de0180c1256fa300601bd9?OpenDocument","Montagutolo dell'Ardenghesca I 1, I - Statuti dei comuni, 1280-1297",1280,"Montaguto","Montaguto","Montagutolo dell'Ardenghesca I 1, I - Statuti dei comuni, 1280-1297",1280,"Montaguto",64051,"Montaguto",1,1280,NA,NA,NA,NA
"Montaione","Montaione","https://www.senato.it/w3/Biblioteca/catalogoDegliStatutiMedievali.nsf/de148d287da34e08c1256e4c002f1718/641830513d91b7afc1256fa300601c29?OpenDocument","Montaione I 1, I - Statuti dei comuni, 1405-1412",1405,"Montaione","Montaione","Montaione I 1, I - Statuti dei comuni, 1405-1412",1405,"Montaione",48027,"Montaione",1,1405,NA,NA,NA,NA
"Montalboddo","Montalboddo","https://www.senato.it/w3/Biblioteca/catalogoDegliStatutiMedievali.nsf/de148d287da34e08c1256e4c002f1718/61393770a2238573c1256fa40048d77d?OpenDocument","Ostra I 1, I - Statuti dei comuni, 1194-1196",1194,"Ostra","Ostra","Ostra I 1, I - Statuti dei comuni, 1194-1196",1194,"Ostra",42035,"Ostra",1,1194,NA,NA,NA,NA
"Montalcino","Montalcino","https://www.senato.it/w3/Biblioteca/catalogoDegliStatutiMedievali.nsf/de148d287da34e08c1256e4c002f1718/20c3a220382e474ac1256fa300601cb4?OpenDocument","Montalcino I 1, I - Statuti dei comuni, 1401-1729",1401,"Montalcino","Montalcino","Montalcino I 1, I - Statuti dei comuni, 1401-1729",1401,"Montalcino",52014,"Montalcino",1,1401,NA,NA,NA,NA
"Montaldo in Calabria","Montaldo in Calabria","https://www.senato.it/w3/Biblioteca/catalogoDegliStatutiMedievali.nsf/de148d287da34e08c1256e4c002f1718/ada33c5078748d14c1256fa300601e02?OpenDocument","Montalto Uffugo I 1, I - Statuti dei comuni, 1504",1504,"Montalto Uffugo","Montalto Uffugo","Montalto Uffugo I 1, I - Statuti dei comuni, 1504",1504,"Montalto Uffugo",78081,"Montalto Uffugo",1,1504,NA,NA,NA,NA
"Montaldo Torinese","Montaldo Torinese","https://www.senato.it/w3/Biblioteca/catalogoDegliStatutiMedievali.nsf/de148d287da34e08c1256e4c002f1718/c7e1c018c8d69a1ac1256fa300601d37?OpenDocument","Montaldo Torinese I 1, I - Statuti dei comuni, 1187",1187,"Montaldo Torinese","Montaldo Torinese","Montaldo Torinese I 1, I - Statuti dei comuni, 1187",1187,"Montaldo Torinese",1158,"Montaldo Torinese",1,1187,NA,NA,NA,NA
"Montalto delle Marche","Montalto delle Marche","https://www.senato.it/w3/Biblioteca/catalogoDegliStatutiMedievali.nsf/de148d287da34e08c1256e4c002f1718/1754b7acb53668f0c1256fa300601d58?OpenDocument","Montalto delle Marche I 1, I - Statuti dei comuni, 1585",1585,"Montalto delle Marche","Montalto delle Marche","Montalto delle Marche I 1, I - Statuti dei comuni, 1585",1585,"Montalto delle Marche",44032,"Montalto delle Marche",1,1585,NA,NA,NA,NA
"Montalto Dora","Montalto Dora","https://www.senato.it/w3/Biblioteca/catalogoDegliStatutiMedievali.nsf/de148d287da34e08c1256e4c002f1718/76895a1e4644cf04c1256fa300601db6?OpenDocument","Montalto Dora I 1, I - Statuti dei comuni, 1331",1331,"Montalto Dora","Montalto Dora","Montalto Dora I 1, I - Statuti dei comuni, 1331",1331,"Montalto Dora",1160,"Montalto Dora",1,1331,NA,NA,NA,NA
"Montalto in Calabria","Montalto in Calabria","https://www.senato.it/w3/Biblioteca/catalogoDegliStatutiMedievali.nsf/de148d287da34e08c1256e4c002f1718/ada33c5078748d14c1256fa300601e02?OpenDocument","Montalto Uffugo I 1, I - Statuti dei comuni, 1504",1504,"Montalto Uffugo","Montalto Uffugo","Montalto Uffugo I 1, I - Statuti dei comuni, 1504",1504,"Montalto Uffugo",78081,"Montalto Uffugo",1,1504,NA,NA,NA,NA
"Montalto Ligure","Montalto Ligure","https://www.senato.it/w3/Biblioteca/catalogoDegliStatutiMedievali.nsf/de148d287da34e08c1256e4c002f1718/b327cca03ef8b42fc1256fa300601dc8?OpenDocument","Montalto Ligure I 1, I - Statuti dei comuni, 1241",1241,"Montalto Ligure","Montalto Ligure","Montalto Ligure I 1, I - Statuti dei comuni, 1241",1241,"Montalto Ligure",8036,"Montalto Ligure",1,1241,NA,NA,NA,NA
"Montalto Uffugo","Montalto Uffugo","https://www.senato.it/w3/Biblioteca/catalogoDegliStatutiMedievali.nsf/de148d287da34e08c1256e4c002f1718/ada33c5078748d14c1256fa300601e02?OpenDocument","Montalto Uffugo I 1, I - Statuti dei comuni, 1504",1504,"Montalto Uffugo","Montalto Uffugo","Montalto Uffugo I 1, I - Statuti dei comuni, 1504",1504,"Montalto Uffugo",78081,"Montalto Uffugo",1,1504,NA,NA,NA,NA
"Montanaro","Montanaro","https://www.senato.it/w3/Biblioteca/catalogoDegliStatutiMedievali.nsf/de148d287da34e08c1256e4c002f1718/7339fae2ef813ccec1256fa300601e41?OpenDocument","Montanaro I 1, I - Statuti dei comuni, 1465-1517",1465,"Montanaro","Montanaro","Montanaro I 1, I - Statuti dei comuni, 1465-1517",1465,"Montanaro",1161,"Montanaro",1,1465,NA,NA,NA,NA
"Montasola","Montasola","https://www.senato.it/w3/Biblioteca/catalogoDegliStatutiMedievali.nsf/de148d287da34e08c1256e4c002f1718/2d88e979e698469fc1256fa300601ef6?OpenDocument","Montasola I 1, I - Statuti dei comuni, 1604",1604,"Montasola","Montasola","Montasola I 1, I - Statuti dei comuni, 1604",1604,"Montasola",57039,"Montasola",1,1604,NA,NA,NA,NA
"Montavium","Montavium","https://www.senato.it/w3/Biblioteca/catalogoDegliStatutiMedievali.nsf/de148d287da34e08c1256e4c002f1718/e3aa05aeb424bb55c1256fa3006017a8?OpenDocument","Mondavio I 1, I - Statuti dei comuni, 1651",1651,"Mondavio","Mondavio","Mondavio I 1, I - Statuti dei comuni, 1651",1651,"Mondavio",41028,"Mondavio",1,1651,NA,NA,NA,NA
"Monte Alcino","Monte Alcino","https://www.senato.it/w3/Biblioteca/catalogoDegliStatutiMedievali.nsf/de148d287da34e08c1256e4c002f1718/20c3a220382e474ac1256fa300601cb4?OpenDocument","Montalcino I 1, I - Statuti dei comuni, 1401-1729",1401,"Montalcino","Montalcino","Montalcino I 1, I - Statuti dei comuni, 1401-1729",1401,"Montalcino",52014,"Montalcino",1,1401,NA,NA,NA,NA
"Monte Boddo","Monte Boddo","https://www.senato.it/w3/Biblioteca/catalogoDegliStatutiMedievali.nsf/de148d287da34e08c1256e4c002f1718/61393770a2238573c1256fa40048d77d?OpenDocument","Ostra I 1, I - Statuti dei comuni, 1194-1196",1194,"Ostra","Ostra","Ostra I 1, I - Statuti dei comuni, 1194-1196",1194,"Ostra",42035,"Ostra",1,1194,NA,NA,NA,NA
"Monte Offo","Monte Offo","https://www.senato.it/w3/Biblioteca/catalogoDegliStatutiMedievali.nsf/de148d287da34e08c1256e4c002f1718/f31603a9902ac007c1256fa3006017c4?OpenDocument","Mondolfo I 1, I - Statuti dei comuni, 1471-1544",1471,"Mondolfo","Mondolfo","Mondolfo I 1, I - Statuti dei comuni, 1471-1544",1471,"Mondolfo",41029,"Mondolfo",1,1471,NA,NA,NA,NA
"Monte San Biagio","Monte San Biagio","https://www.senato.it/w3/Biblioteca/catalogoDegliStatutiMedievali.nsf/de148d287da34e08c1256e4c002f1718/da82f1b545da2a89c1256fa300602c01?OpenDocument","Monte San Biagio I 1, I - Statuti dei comuni, 1519-1756",1519,"Monte San Biagio","Monte San Biagio","Monte San Biagio I 1, I - Statuti dei comuni, 1519-1756",1519,"Monte San Biagio",59015,"Monte San Biagio",1,1519,NA,NA,NA,NA
"Monte San Giovanni","Monte San Giovanni","https://www.senato.it/w3/Biblioteca/catalogoDegliStatutiMedievali.nsf/de148d287da34e08c1256e4c002f1718/fa2ed29749c352c8c125709000490c3e?OpenDocument","Penna San Giovanni I 1, I - Statuti dei comuni, 1248-1524",1248,"Penna San Giovanni","Penna San Giovanni","Penna San Giovanni I 1, I - Statuti dei comuni, 1248-1524",1248,"Penna San Giovanni",43035,"Penna San Giovanni",1,1248,NA,NA,NA,NA
"Monte San Giovanni Campano","Monte San Giovanni Campano","https://www.senato.it/w3/Biblioteca/catalogoDegliStatutiMedievali.nsf/de148d287da34e08c1256e4c002f1718/a73e937c44b375ebc1256fa300602c2d?OpenDocument","Monte San Giovanni Campano I 1, I - Statuti dei comuni, 1604",1604,"Monte San Giovanni Campano","Monte San Giovanni Campano","Monte San Giovanni Campano I 1, I - Statuti dei comuni, 1604",1604,"Monte San Giovanni Campano",60044,"Monte San Giovanni Campano",1,1604,NA,NA,NA,NA
"Monte San Giuliano","Monte San Giuliano","https://www.senato.it/w3/Biblioteca/catalogoDegliStatutiMedievali.nsf/de148d287da34e08c1256e4c002f1718/22281e28ab54a501c1256f9a0056fee1?OpenDocument","Erice I 1, I - Statuti dei comuni, 1241",1241,"Erice","Erice","Erice I 1, I - Statuti dei comuni, 1241",1241,"Erice",81008,"Erice",1,1241,NA,NA,NA,NA
"Monte San Giusto","Monte San Giusto","https://www.senato.it/w3/Biblioteca/catalogoDegliStatutiMedievali.nsf/de148d287da34e08c1256e4c002f1718/3d19e95ded3140a7c1256fa300602c3c?OpenDocument","Monte San Giusto I 1, I - Statuti dei comuni, 1569",1569,"Monte San Giusto","Monte San Giusto","Monte San Giusto I 1, I - Statuti dei comuni, 1569",1569,"Monte San Giusto",43031,"Monte San Giusto",1,1569,NA,NA,NA,NA
"Monte Tignoso","Monte Tignoso","https://www.senato.it/w3/Biblioteca/catalogoDegliStatutiMedievali.nsf/de148d287da34e08c1256e4c002f1718/0766c28751753b96c1256fa300689fb5?OpenDocument","Montignoso I 1, I - Statuti dei comuni, 1438-1555",1438,"Montignoso","Montignoso","Montignoso I 1, I - Statuti dei comuni, 1438-1555",1438,"Montignoso",45011,"Montignoso",1,1438,NA,NA,NA,NA
"Montebello Vicentino","Montebello Vicentino","https://www.senato.it/w3/Biblioteca/catalogoDegliStatutiMedievali.nsf/de148d287da34e08c1256e4c002f1718/ca423782bf399fecc1256fa300601f26?OpenDocument","Montebello Vicentino I 1, I - Statuti dei comuni, 1676",1676,"Montebello Vicentino","Montebello Vicentino","Montebello Vicentino I 1, I - Statuti dei comuni, 1676",1676,"Montebello Vicentino",24060,"Montebello Vicentino",1,1676,NA,NA,NA,NA
"Montebuono","Montebuono","https://www.senato.it/w3/Biblioteca/catalogoDegliStatutiMedievali.nsf/de148d287da34e08c1256e4c002f1718/9baeb0d9c8ff72e6c1256fa300601f36?OpenDocument","Montebuono I 1, I - Statuti dei comuni, 1604",1604,"Montebuono","Montebuono","Montebuono I 1, I - Statuti dei comuni, 1604",1604,"Montebuono",57040,"Montebuono",1,1604,NA,NA,NA,NA
"Montecarlo","Montecarlo","https://www.senato.it/w3/Biblioteca/catalogoDegliStatutiMedievali.nsf/de148d287da34e08c1256e4c002f1718/19335d03582b29c7c1256fa300601f86?OpenDocument","Montecarlo I 1, I - Statuti dei comuni, 1388-1709",1388,"Montecarlo","Montecarlo","Montecarlo I 1, I - Statuti dei comuni, 1388-1709",1388,"Montecarlo",46021,"Montecarlo",1,1388,NA,NA,NA,NA
"Montecassiano","Montecassiano","https://www.senato.it/w3/Biblioteca/catalogoDegliStatutiMedievali.nsf/de148d287da34e08c1256e4c002f1718/6d7698f1d3ac5818c1256fa300601fb1?OpenDocument","Montecassiano I 1, I - Statuti dei comuni, 1542-1555",1542,"Montecassiano","Montecassiano","Montecassiano I 1, I - Statuti dei comuni, 1542-1555",1542,"Montecassiano",43026,"Montecassiano",1,1542,NA,NA,NA,NA
"Montecchio","Montecchio","https://www.senato.it/w3/Biblioteca/catalogoDegliStatutiMedievali.nsf/de148d287da34e08c1256e4c002f1718/ec155fe417c18651c1256f3b004d2f36?OpenDocument","Treia I 1, I - Statuti dei comuni, 1323",1323,"Montecchio","Montecchio","Treia I 1, I - Statuti dei comuni, 1323",1323,"Montecchio",55018,"Montecchio",1,1323,NA,NA,NA,NA
"Montecchio","Montecchio","https://www.senato.it/w3/Biblioteca/catalogoDegliStatutiMedievali.nsf/de148d287da34e08c1256e4c002f1718/ec155fe417c18651c1256f3b004d2f36?OpenDocument","Treia I 1, I - Statuti dei comuni, 1323",1323,"Treia","Treia","Treia I 1, I - Statuti dei comuni, 1323",1323,"Montecchio",55018,"Montecchio",1,1323,NA,NA,NA,NA
"Montecchio Emilia","Montecchio Emilia","https://www.senato.it/w3/Biblioteca/catalogoDegliStatutiMedievali.nsf/de148d287da34e08c1256e4c002f1718/9bcb0a69238108d9c1256fa30060201f?OpenDocument","Montecchio Emilia I 1, I - Statuti dei comuni, 1453-1771",1453,"Montecchio Emilia","Montecchio Emilia","Montecchio Emilia I 1, I - Statuti dei comuni, 1453-1771",1453,"Montecchio Emilia",35027,"Montecchio Emilia",1,1453,NA,NA,NA,NA
"Montecchio Maggiore","Montecchio Maggiore","https://www.senato.it/w3/Biblioteca/catalogoDegliStatutiMedievali.nsf/de148d287da34e08c1256e4c002f1718/59ba60857360d417c1256fa300602036?OpenDocument","Montecchio Maggiore I 1, I - Statuti dei comuni, 1690-1786",1690,"Montecchio Maggiore","Montecchio Maggiore","Montecchio Maggiore I 1, I - Statuti dei comuni, 1690-1786",1690,"Montecchio Maggiore",24061,"Montecchio Maggiore",1,1690,NA,NA,NA,NA
"Montechiaro","Montechiaro","https://www.senato.it/w3/Biblioteca/catalogoDegliStatutiMedievali.nsf/de148d287da34e08c1256e4c002f1718/5b1fa8a608580ebec1256fa300602d6f?OpenDocument","Montichiari I 1, I - Statuti dei comuni, 1167-1766",1167,"Montichiari","Montichiari","Montichiari I 1, I - Statuti dei comuni, 1167-1766",1167,"Montichiari",17113,"Montichiari",1,1167,NA,NA,NA,NA
"Montecosaro","Montecosaro","https://www.senato.it/w3/Biblioteca/catalogoDegliStatutiMedievali.nsf/de148d287da34e08c1256e4c002f1718/603413612e50b2eec1256fa300602196?OpenDocument","Montecosaro I 1, I - Statuti dei comuni, 1596-1597",1596,"Montecosaro","Montecosaro","Montecosaro I 1, I - Statuti dei comuni, 1596-1597",1596,"Montecosaro",43028,"Montecosaro",1,1596,NA,NA,NA,NA
"Montecreto","Montecreto","https://www.senato.it/w3/Biblioteca/catalogoDegliStatutiMedievali.nsf/de148d287da34e08c1256e4c002f1718/f1af8e3587170057c1256fa3006021af?OpenDocument","Montecreto I 1, I - Statuti dei comuni, 1600-1787",1600,"Montecreto","Montecreto","Montecreto I 1, I - Statuti dei comuni, 1600-1787",1600,"Montecreto",36024,"Montecreto",1,1600,NA,NA,NA,NA
"Montefalco","Montefalco","https://www.senato.it/w3/Biblioteca/catalogoDegliStatutiMedievali.nsf/de148d287da34e08c1256e4c002f1718/24c85cab7c2226adc1256fa3006021d9?OpenDocument","Montefalco I 1, I - Statuti dei comuni, sec. XV-XVII",NA,"Montefalco","Montefalco","Montefalco I 1, I - Statuti dei comuni, sec. XV-XVII",NA,"Montefalco",54030,"Montefalco",1,NA,NA,NA,NA,NA
"Montefano","Montefano","https://www.senato.it/w3/Biblioteca/catalogoDegliStatutiMedievali.nsf/de148d287da34e08c1256e4c002f1718/0cfca2e041aa9cf8c1256fa30060223b?OpenDocument","Montefano I 1, I - Statuti dei comuni, 1567-1568",1567,"Montefano","Montefano","Montefano I 1, I - Statuti dei comuni, 1567-1568",1567,"Montefano",43029,"Montefano",1,1567,NA,NA,NA,NA
"Montefiore Conca","Montefiore Conca","https://www.senato.it/w3/Biblioteca/catalogoDegliStatutiMedievali.nsf/de148d287da34e08c1256e4c002f1718/b33f7f5c0302bedec1256fa30060234a?OpenDocument","Montefiore Conca I 1, I - Statuti dei comuni, 1471",1471,"Montefiore Conca","Montefiore Conca","Montefiore Conca I 1, I - Statuti dei comuni, 1471",1471,"Montefiore Conca",99008,"Montefiore Conca",1,1471,NA,NA,NA,NA
"Montefortino","Montefortino","https://www.senato.it/w3/Biblioteca/catalogoDegliStatutiMedievali.nsf/de148d287da34e08c1256e4c002f1718/eaf1a0fc31a64133c1256fa30060238b?OpenDocument","Montefortino I 1, I - Statuti dei comuni, 1565-1746",1565,"Montefortino","Montefortino","Montefortino I 1, I - Statuti dei comuni, 1565-1746",1565,"Montefortino",109015,"Montefortino",1,1565,NA,NA,NA,NA
"Montegallo","Montegallo","https://www.senato.it/w3/Biblioteca/catalogoDegliStatutiMedievali.nsf/de148d287da34e08c1256e4c002f1718/f24e1fc0bc70e142c1256fa3006023a6?OpenDocument","Montegallo I 1, I - Statuti dei comuni, 1574-1576",1574,"Montegallo","Montegallo","Montegallo I 1, I - Statuti dei comuni, 1574-1576",1574,"Montegallo",44038,"Montegallo",1,1574,NA,NA,NA,NA
"Montegiorgio","Montegiorgio","https://www.senato.it/w3/Biblioteca/catalogoDegliStatutiMedievali.nsf/de148d287da34e08c1256e4c002f1718/4792f9b0e565190bc1256fa3006023ec?OpenDocument","Montegiorgio I 1, I - Statuti dei comuni, 1522",1522,"Montegiorgio","Montegiorgio","Montegiorgio I 1, I - Statuti dei comuni, 1522",1522,"Montegiorgio",109017,"Montegiorgio",1,1522,NA,NA,NA,NA
"Montegranaro","Montegranaro","https://www.senato.it/w3/Biblioteca/catalogoDegliStatutiMedievali.nsf/de148d287da34e08c1256e4c002f1718/d5caa6fcb76ef550c1256fa3006024d0?OpenDocument","Montegranaro I 1, I - Statuti dei comuni, 1564-1576",1564,"Montegranaro","Montegranaro","Montegranaro I 1, I - Statuti dei comuni, 1564-1576",1564,"Montegranaro",109018,"Montegranaro",1,1564,NA,NA,NA,NA
"Montelibretti","Montelibretti","https://www.senato.it/w3/Biblioteca/catalogoDegliStatutiMedievali.nsf/de148d287da34e08c1256e4c002f1718/48a6ce2018696806c1256fa300602526?OpenDocument","Montelibretti I 1, I - Statuti dei comuni, 1435-1436",1435,"Montelibretti","Montelibretti","Montelibretti I 1, I - Statuti dei comuni, 1435-1436",1435,"Montelibretti",58063,"Montelibretti",1,1435,NA,NA,NA,NA
"Montelparo","Montelparo","https://www.senato.it/w3/Biblioteca/catalogoDegliStatutiMedievali.nsf/de148d287da34e08c1256e4c002f1718/4ebe90880a051937c1256fa300602579?OpenDocument","Montelparo I 1, I - Statuti dei comuni, 1560-1776",1560,"Montelparo","Montelparo","Montelparo I 1, I - Statuti dei comuni, 1560-1776",1560,"Montelparo",109020,"Montelparo",1,1560,NA,NA,NA,NA
"Montemarciano","Montemarciano","https://www.senato.it/w3/Biblioteca/catalogoDegliStatutiMedievali.nsf/de148d287da34e08c1256e4c002f1718/8621a57eacf45694c1256fa30060267e?OpenDocument","Montemarciano I 1, I - Statuti dei comuni, 1463-1674",1463,"Montemarciano","Montemarciano","Montemarciano I 1, I - Statuti dei comuni, 1463-1674",1463,"Montemarciano",42027,"Montemarciano",1,1463,NA,NA,NA,NA
"Montemarziano","Montemarziano","https://www.senato.it/w3/Biblioteca/catalogoDegliStatutiMedievali.nsf/de148d287da34e08c1256e4c002f1718/8621a57eacf45694c1256fa30060267e?OpenDocument","Montemarciano I 1, I - Statuti dei comuni, 1463-1674",1463,"Montemarciano","Montemarciano","Montemarciano I 1, I - Statuti dei comuni, 1463-1674",1463,"Montemarciano",42027,"Montemarciano",1,1463,NA,NA,NA,NA
"Montemonaco","Montemonaco","https://www.senato.it/w3/Biblioteca/catalogoDegliStatutiMedievali.nsf/de148d287da34e08c1256e4c002f1718/3975c2e27f26d75cc1256fa300602748?OpenDocument","Montemonaco I 1, I - Statuti dei comuni, 1442",1442,"Montemonaco","Montemonaco","Montemonaco I 1, I - Statuti dei comuni, 1442",1442,"Montemonaco",44044,"Montemonaco",1,1442,NA,NA,NA,NA
"Montenars","Montenars","https://www.senato.it/w3/Biblioteca/catalogoDegliStatutiMedievali.nsf/de148d287da34e08c1256e4c002f1718/580638109e6b7d97c1256fa300602853?OpenDocument","Montenars I 1, I - Statuti dei comuni, 1373",1373,"Montenars","Montenars","Montenars I 1, I - Statuti dei comuni, 1373",1373,"Montenars",30061,"Montenars",1,1373,NA,NA,NA,NA
"Montenegro in Domo","Montenegro in Domo","https://www.senato.it/w3/Biblioteca/catalogoDegliStatutiMedievali.nsf/de148d287da34e08c1256e4c002f1718/99b75b19b507c180c1256fa3006028ef?OpenDocument","Montenerodomo I 1, I - Statuti dei comuni, 1518",1518,"Montenerodomo","Montenerodomo","Montenerodomo I 1, I - Statuti dei comuni, 1518",1518,"Montenerodomo",69054,"Montenerodomo",1,1518,NA,NA,NA,NA
"Montenerodomo","Montenerodomo","https://www.senato.it/w3/Biblioteca/catalogoDegliStatutiMedievali.nsf/de148d287da34e08c1256e4c002f1718/99b75b19b507c180c1256fa3006028ef?OpenDocument","Montenerodomo I 1, I - Statuti dei comuni, 1518",1518,"Montenerodomo","Montenerodomo","Montenerodomo I 1, I - Statuti dei comuni, 1518",1518,"Montenerodomo",69054,"Montenerodomo",1,1518,NA,NA,NA,NA
"Montenovo","Montenovo","https://www.senato.it/w3/Biblioteca/catalogoDegliStatutiMedievali.nsf/de148d287da34e08c1256e4c002f1718/0d2c586c1c7ddb36c1256fa40048d89d?OpenDocument","Ostra Vetere I 1, I - Statuti dei comuni, 1587-1588",1587,"Ostra Vetere","Ostra Vetere","Ostra Vetere I 1, I - Statuti dei comuni, 1587-1588",1587,"Ostra Vetere",42036,"Ostra Vetere",1,1587,NA,NA,NA,NA
"Monteprandone","Monteprandone","https://www.senato.it/w3/Biblioteca/catalogoDegliStatutiMedievali.nsf/de148d287da34e08c1256e4c002f1718/2aa68dc4a65ff348c1256fa300602985?OpenDocument","Monteprandone I 1, I - Statuti dei comuni, 1537",1537,"Monteprandone","Monteprandone","Monteprandone I 1, I - Statuti dei comuni, 1537",1537,"Monteprandone",44045,"Monteprandone",1,1537,NA,NA,NA,NA
"Montepulciano","Montepulciano","https://www.senato.it/w3/Biblioteca/catalogoDegliStatutiMedievali.nsf/de148d287da34e08c1256e4c002f1718/06f1218f8f3ba7dbc1256fa300602999?OpenDocument","Montepulciano I 1, I - Statuti dei comuni, 1569-1591",1569,"Montepulciano","Montepulciano","Montepulciano I 1, I - Statuti dei comuni, 1569-1591",1569,"Montepulciano",52015,"Montepulciano",1,1569,NA,NA,NA,NA
"Montereale","Montereale","https://www.senato.it/w3/Biblioteca/catalogoDegliStatutiMedievali.nsf/de148d287da34e08c1256e4c002f1718/7f5f9afefde8b871c1256fa300602a23?OpenDocument","Montereale I 1, I - Statuti dei comuni, 1492",1492,"Montereale","Montereale","Montereale I 1, I - Statuti dei comuni, 1492",1492,"Montereale",66056,"Montereale",1,1492,NA,NA,NA,NA
"Monteregio","Monteregio","https://www.senato.it/w3/Biblioteca/catalogoDegliStatutiMedievali.nsf/de148d287da34e08c1256e4c002f1718/fc5e76fcfa35c44ec1256fa3005fddb2?OpenDocument","Marsciano I 1, I - Statuti dei comuni, 1531-1654",1531,"Marsciano","Marsciano","Marsciano I 1, I - Statuti dei comuni, 1531-1654",1531,"Marsciano",54027,"Marsciano",1,1531,NA,NA,NA,NA
"Monteriggioni","Monteriggioni","https://www.senato.it/w3/Biblioteca/catalogoDegliStatutiMedievali.nsf/de148d287da34e08c1256e4c002f1718/44f72134a2ad630ec1256fa300602a3f?OpenDocument","Monteriggioni I 1, I - Statuti dei comuni, 1380",1380,"Monteriggioni","Monteriggioni","Monteriggioni I 1, I - Statuti dei comuni, 1380",1380,"Monteriggioni",52016,"Monteriggioni",1,1380,NA,NA,NA,NA
"Monteritondo","Monteritondo","https://www.senato.it/w3/Biblioteca/catalogoDegliStatutiMedievali.nsf/de148d287da34e08c1256e4c002f1718/8afae8e878878f43c1256fa300602a90?OpenDocument","Monterotondo Marittimo I 1, I - Statuti dei comuni, 1577-1720",1577,"Monterotondo Marittimo","Monterotondo Marittimo","Monterotondo Marittimo I 1, I - Statuti dei comuni, 1577-1720",1577,"Monterotondo Marittimo",53027,"Monterotondo Marittimo",1,1577,NA,NA,NA,NA
"Monterium","Monterium","https://www.senato.it/w3/Biblioteca/catalogoDegliStatutiMedievali.nsf/de148d287da34e08c1256e4c002f1718/3238782fd6320f55c1256fa300602dec?OpenDocument","Montieri I 1, I - Statuti dei comuni, 1215-1222",1215,"Montieri","Montieri","Montieri I 1, I - Statuti dei comuni, 1215-1222",1215,"Montieri",53017,"Montieri",1,1215,NA,NA,NA,NA
"Monterotondo","Monterotondo","https://www.senato.it/w3/Biblioteca/catalogoDegliStatutiMedievali.nsf/de148d287da34e08c1256e4c002f1718/498596918b8c184dc1256fa300602a77?OpenDocument","Monterotondo I 1, I - Statuti dei comuni, 1579-1601",1579,"Monterotondo","Monterotondo","Monterotondo I 1, I - Statuti dei comuni, 1579-1601",1579,"Monterotondo",58065,"Monterotondo",1,1579,NA,NA,NA,NA
"Monterotondo Marittimo","Monterotondo Marittimo","https://www.senato.it/w3/Biblioteca/catalogoDegliStatutiMedievali.nsf/de148d287da34e08c1256e4c002f1718/8afae8e878878f43c1256fa300602a90?OpenDocument","Monterotondo Marittimo I 1, I - Statuti dei comuni, 1577-1720",1577,"Monterotondo Marittimo","Monterotondo Marittimo","Monterotondo Marittimo I 1, I - Statuti dei comuni, 1577-1720",1577,"Monterotondo Marittimo",53027,"Monterotondo Marittimo",1,1577,NA,NA,NA,NA
"Monterubbiano","Monterubbiano","https://www.senato.it/w3/Biblioteca/catalogoDegliStatutiMedievali.nsf/de148d287da34e08c1256e4c002f1718/813e31e8ef4cbf5ac1256fa300602acc?OpenDocument","Monterubbiano I 1, I - Statuti dei comuni, 1574-1759",1574,"Monterubbiano","Monterubbiano","Monterubbiano I 1, I - Statuti dei comuni, 1574-1759",1574,"Monterubbiano",109022,"Monterubbiano",1,1574,NA,NA,NA,NA
"Montesanto","Montesanto","https://www.senato.it/w3/Biblioteca/catalogoDegliStatutiMedievali.nsf/de148d287da34e08c1256e4c002f1718/d7b4b7a3de921c01c1256fa4004921ce?OpenDocument","Potenza Picena I 1, I - Statuti dei comuni, 1433-1585",1433,"Potenza Picena","Potenza Picena","Potenza Picena I 1, I - Statuti dei comuni, 1433-1585",1433,"Potenza Picena",43043,"Potenza Picena",1,1433,NA,NA,NA,NA
"Montescudaio","Montescudaio","https://www.senato.it/w3/Biblioteca/catalogoDegliStatutiMedievali.nsf/de148d287da34e08c1256e4c002f1718/0d494ea9fb714478c1256fa300602aff?OpenDocument","Montescudaio I 1, I - Statuti dei comuni, 1548-1735",1548,"Montescudaio","Montescudaio","Montescudaio I 1, I - Statuti dei comuni, 1548-1735",1548,"Montescudaio",50020,"Montescudaio",1,1548,NA,NA,NA,NA
"Montespertoli","Montespertoli","https://www.senato.it/w3/Biblioteca/catalogoDegliStatutiMedievali.nsf/de148d287da34e08c1256e4c002f1718/ffed4e71d35af510c1256fa300602b87?OpenDocument","Montespertoli I 1, I - Statuti dei comuni, 1398",1398,"Montespertoli","Montespertoli","Montespertoli I 1, I - Statuti dei comuni, 1398",1398,"Montespertoli",48030,"Montespertoli",1,1398,NA,NA,NA,NA
"Monteveglio","Monteveglio","https://www.senato.it/w3/Biblioteca/catalogoDegliStatutiMedievali.nsf/de148d287da34e08c1256e4c002f1718/c35bcd3a9b1f1cb2c1256fa300602d35?OpenDocument","Monteveglio II2 1, II 2 - Confraternite",NA,"Monteveglio","Monteveglio","Monteveglio II2 1, II 2 - Confraternite",NA,"Monteveglio",37043,"Monteveglio",1,NA,NA,NA,NA,NA
"Monticelli","Monticelli","https://www.senato.it/w3/Biblioteca/catalogoDegliStatutiMedievali.nsf/de148d287da34e08c1256e4c002f1718/da82f1b545da2a89c1256fa300602c01?OpenDocument","Monte San Biagio I 1, I - Statuti dei comuni, 1519-1756",1519,"Monte San Biagio","Monte San Biagio","Monte San Biagio I 1, I - Statuti dei comuni, 1519-1756",1519,"Monte San Biagio",59015,"Monte San Biagio",1,1519,NA,NA,NA,NA
"Montichiari","Montichiari","https://www.senato.it/w3/Biblioteca/catalogoDegliStatutiMedievali.nsf/de148d287da34e08c1256e4c002f1718/5b1fa8a608580ebec1256fa300602d6f?OpenDocument","Montichiari I 1, I - Statuti dei comuni, 1167-1766",1167,"Montichiari","Montichiari","Montichiari I 1, I - Statuti dei comuni, 1167-1766",1167,"Montichiari",17113,"Montichiari",1,1167,NA,NA,NA,NA
"Monticiano","Monticiano","https://www.senato.it/w3/Biblioteca/catalogoDegliStatutiMedievali.nsf/de148d287da34e08c1256e4c002f1718/f850769180d46d25c1256fa300602dc5?OpenDocument","Monticiano I 1, I - Statuti dei comuni, 1777",1777,"Monticiano","Monticiano","Monticiano I 1, I - Statuti dei comuni, 1777",1777,"Monticiano",52018,"Monticiano",1,1777,NA,NA,NA,NA
"Monticulum","Monticulum","https://www.senato.it/w3/Biblioteca/catalogoDegliStatutiMedievali.nsf/de148d287da34e08c1256e4c002f1718/ec155fe417c18651c1256f3b004d2f36?OpenDocument","Treia I 1, I - Statuti dei comuni, 1323",1323,"Montecchio","Montecchio","Treia I 1, I - Statuti dei comuni, 1323",1323,"Montecchio",55018,"Montecchio",1,1323,NA,NA,NA,NA
"Monticulum","Monticulum","https://www.senato.it/w3/Biblioteca/catalogoDegliStatutiMedievali.nsf/de148d287da34e08c1256e4c002f1718/ec155fe417c18651c1256f3b004d2f36?OpenDocument","Treia I 1, I - Statuti dei comuni, 1323",1323,"Treia","Treia","Treia I 1, I - Statuti dei comuni, 1323",1323,"Montecchio",55018,"Montecchio",1,1323,NA,NA,NA,NA
"Montieli","Montieli","https://www.senato.it/w3/Biblioteca/catalogoDegliStatutiMedievali.nsf/de148d287da34e08c1256e4c002f1718/3238782fd6320f55c1256fa300602dec?OpenDocument","Montieri I 1, I - Statuti dei comuni, 1215-1222",1215,"Montieri","Montieri","Montieri I 1, I - Statuti dei comuni, 1215-1222",1215,"Montieri",53017,"Montieri",1,1215,NA,NA,NA,NA
"Montieri","Montieri","https://www.senato.it/w3/Biblioteca/catalogoDegliStatutiMedievali.nsf/de148d287da34e08c1256e4c002f1718/3238782fd6320f55c1256fa300602dec?OpenDocument","Montieri I 1, I - Statuti dei comuni, 1215-1222",1215,"Montieri","Montieri","Montieri I 1, I - Statuti dei comuni, 1215-1222",1215,"Montieri",53017,"Montieri",1,1215,NA,NA,NA,NA
"Montignoso","Montignoso","https://www.senato.it/w3/Biblioteca/catalogoDegliStatutiMedievali.nsf/de148d287da34e08c1256e4c002f1718/0766c28751753b96c1256fa300689fb5?OpenDocument","Montignoso I 1, I - Statuti dei comuni, 1438-1555",1438,"Montignoso","Montignoso","Montignoso I 1, I - Statuti dei comuni, 1438-1555",1438,"Montignoso",45011,"Montignoso",1,1438,NA,NA,NA,NA
"Montolmo","Montolmo","https://www.senato.it/w3/Biblioteca/catalogoDegliStatutiMedievali.nsf/de148d287da34e08c1256e4c002f1718/9b0d67e565860cbcc1256f9a0056e1f2?OpenDocument","Corridonia I 1, I - Statuti dei comuni, 1219-1340",1219,"Corridonia","Corridonia","Corridonia I 1, I - Statuti dei comuni, 1219-1340",1219,"Corridonia",43015,"Corridonia",1,1219,NA,NA,NA,NA
"Monza","Monza","https://www.senato.it/w3/Biblioteca/catalogoDegliStatutiMedievali.nsf/de148d287da34e08c1256e4c002f1718/c75394141cd0647ec1256fa300602edc?OpenDocument","Monza I 1, I - Statuti dei comuni, 1335-1480",1335,"Monza","Monza","Monza I 1, I - Statuti dei comuni, 1335-1480",1335,"Monza",108033,"Monza",1,1335,NA,NA,NA,NA
"Monzambano","Monzambano","https://www.senato.it/w3/Biblioteca/catalogoDegliStatutiMedievali.nsf/de148d287da34e08c1256e4c002f1718/560aa1f4e7e77fdfc1256fa300602f2f?OpenDocument","Monzambano I 1, I - Statuti dei comuni, 1355-1696",1355,"Monzambano","Monzambano","Monzambano I 1, I - Statuti dei comuni, 1355-1696",1355,"Monzambano",20036,"Monzambano",1,1355,NA,NA,NA,NA
"Monzambanum","Monzambanum","https://www.senato.it/w3/Biblioteca/catalogoDegliStatutiMedievali.nsf/de148d287da34e08c1256e4c002f1718/560aa1f4e7e77fdfc1256fa300602f2f?OpenDocument","Monzambano I 1, I - Statuti dei comuni, 1355-1696",1355,"Monzambano","Monzambano","Monzambano I 1, I - Statuti dei comuni, 1355-1696",1355,"Monzambano",20036,"Monzambano",1,1355,NA,NA,NA,NA
"Morbello","Morbello","https://www.senato.it/w3/Biblioteca/catalogoDegliStatutiMedievali.nsf/de148d287da34e08c1256e4c002f1718/c795496ab3e0bd9fc1256fa300602f43?OpenDocument","Morbello I 1, I - Statuti dei comuni, 1306-1327",1306,"Morbello","Morbello","Morbello I 1, I - Statuti dei comuni, 1306-1327",1306,"Morbello",6110,"Morbello",1,1306,NA,NA,NA,NA
"Morbellum","Morbellum","https://www.senato.it/w3/Biblioteca/catalogoDegliStatutiMedievali.nsf/de148d287da34e08c1256e4c002f1718/c795496ab3e0bd9fc1256fa300602f43?OpenDocument","Morbello I 1, I - Statuti dei comuni, 1306-1327",1306,"Morbello","Morbello","Morbello I 1, I - Statuti dei comuni, 1306-1327",1306,"Morbello",6110,"Morbello",1,1306,NA,NA,NA,NA
"Morcone","Morcone","https://www.senato.it/w3/Biblioteca/catalogoDegliStatutiMedievali.nsf/de148d287da34e08c1256e4c002f1718/f0342eee62b00fd3c1256fa300602f5b?OpenDocument","Morcone I 1, I - Statuti dei comuni, 1381-1573",1381,"Morcone","Morcone","Morcone I 1, I - Statuti dei comuni, 1381-1573",1381,"Morcone",62044,"Morcone",1,1381,NA,NA,NA,NA
"Moribellum","Moribellum","https://www.senato.it/w3/Biblioteca/catalogoDegliStatutiMedievali.nsf/de148d287da34e08c1256e4c002f1718/c795496ab3e0bd9fc1256fa300602f43?OpenDocument","Morbello I 1, I - Statuti dei comuni, 1306-1327",1306,"Morbello","Morbello","Morbello I 1, I - Statuti dei comuni, 1306-1327",1306,"Morbello",6110,"Morbello",1,1306,NA,NA,NA,NA
"Morotium","Morotium","https://www.senato.it/w3/Biblioteca/catalogoDegliStatutiMedievali.nsf/de148d287da34e08c1256e4c002f1718/97f82b22fdf1eae0c1256fa300603087?OpenDocument","Moruzzo I 1, I - Statuti dei comuni, 1460-1474",1460,"Moruzzo","Moruzzo","Moruzzo I 1, I - Statuti dei comuni, 1460-1474",1460,"Moruzzo",30063,"Moruzzo",1,1460,NA,NA,NA,NA
"Morra","Morra","https://www.senato.it/w3/Biblioteca/catalogoDegliStatutiMedievali.nsf/de148d287da34e08c1256e4c002f1718/47d40782670f2feac1256fa3005ee707?OpenDocument","La Morra I 1, I - Statuti dei comuni, 1461-1680",1461,"La Morra","La Morra","La Morra I 1, I - Statuti dei comuni, 1461-1680",1461,"La Morra",4105,"La Morra",1,1461,NA,NA,NA,NA
"Morreale","Morreale","https://www.senato.it/w3/Biblioteca/catalogoDegliStatutiMedievali.nsf/de148d287da34e08c1256e4c002f1718/99d308041f9ec16cc1256fa300601abe?OpenDocument","Monreale III 1, III - Accademie-ospedali-monti di pietà-ecc.",NA,"Monreale","Monreale","Monreale III 1, III - Accademie-ospedali-monti di pietà-ecc.",NA,"Monreale",82049,"Monreale",1,NA,NA,NA,NA,NA
"Morro d'Alba","Morro d'Alba","https://www.senato.it/w3/Biblioteca/catalogoDegliStatutiMedievali.nsf/de148d287da34e08c1256e4c002f1718/4b4668245aebafb1c1256fa30068a06b?OpenDocument","Morro d'Alba I 1, I - Statuti dei comuni, 1514",1514,"Morro d'Alba","Morro d'Alba","Morro d'Alba I 1, I - Statuti dei comuni, 1514",1514,"Morro d'Alba",42031,"Morro d'Alba",1,1514,NA,NA,NA,NA
"Morro di Valle","Morro di Valle","https://www.senato.it/w3/Biblioteca/catalogoDegliStatutiMedievali.nsf/de148d287da34e08c1256e4c002f1718/1789947db8889c79c1256fa300603047?OpenDocument","Morrovalle I 1, I - Statuti dei comuni, 1569-1570",1569,"Morrovalle","Morrovalle","Morrovalle I 1, I - Statuti dei comuni, 1569-1570",1569,"Morrovalle",43033,"Morrovalle",1,1569,NA,NA,NA,NA
"Morrovalle","Morrovalle","https://www.senato.it/w3/Biblioteca/catalogoDegliStatutiMedievali.nsf/de148d287da34e08c1256e4c002f1718/1789947db8889c79c1256fa300603047?OpenDocument","Morrovalle I 1, I - Statuti dei comuni, 1569-1570",1569,"Morrovalle","Morrovalle","Morrovalle I 1, I - Statuti dei comuni, 1569-1570",1569,"Morrovalle",43033,"Morrovalle",1,1569,NA,NA,NA,NA
"Mortara","Mortara","https://www.senato.it/w3/Biblioteca/catalogoDegliStatutiMedievali.nsf/de148d287da34e08c1256e4c002f1718/14a57ca24af1eb0dc1256fa300603069?OpenDocument","Mortara I 1, I - Statuti dei comuni, 1741",1741,"Mortara","Mortara","Mortara I 1, I - Statuti dei comuni, 1741",1741,"Mortara",18102,"Mortara",1,1741,NA,NA,NA,NA
"Moruzzo","Moruzzo","https://www.senato.it/w3/Biblioteca/catalogoDegliStatutiMedievali.nsf/de148d287da34e08c1256e4c002f1718/97f82b22fdf1eae0c1256fa300603087?OpenDocument","Moruzzo I 1, I - Statuti dei comuni, 1460-1474",1460,"Moruzzo","Moruzzo","Moruzzo I 1, I - Statuti dei comuni, 1460-1474",1460,"Moruzzo",30063,"Moruzzo",1,1460,NA,NA,NA,NA
"Mosacium","Mosacium","https://www.senato.it/w3/Biblioteca/catalogoDegliStatutiMedievali.nsf/de148d287da34e08c1256e4c002f1718/f48983ec346d73cac1256fa3006012aa?OpenDocument","Moggio Udinese I 1, I - Statuti dei comuni, 1337",1337,"Moggio Udinese","Moggio Udinese","Moggio Udinese I 1, I - Statuti dei comuni, 1337",1337,"Moggio Udinese",30059,"Moggio Udinese",1,1337,NA,NA,NA,NA
"Mosnitz","Mosnitz","https://www.senato.it/w3/Biblioteca/catalogoDegliStatutiMedievali.nsf/de148d287da34e08c1256e4c002f1718/f48983ec346d73cac1256fa3006012aa?OpenDocument","Moggio Udinese I 1, I - Statuti dei comuni, 1337",1337,"Moggio Udinese","Moggio Udinese","Moggio Udinese I 1, I - Statuti dei comuni, 1337",1337,"Moggio Udinese",30059,"Moggio Udinese",1,1337,NA,NA,NA,NA
"Mossano","Mossano","https://www.senato.it/w3/Biblioteca/catalogoDegliStatutiMedievali.nsf/de148d287da34e08c1256e4c002f1718/019f7960e896493ac1256f9a004224b6?OpenDocument","Barbarano Vicentino I 1, I - Statuti dei comuni, 1699",1699,"Barbarano Vicentino","Barbarano Vicentino","Barbarano Vicentino I 1, I - Statuti dei comuni, 1699",1699,"Barbarano Vicentino",24011,"Barbarano Vicentino",1,1699,NA,NA,NA,NA
"Mossano","Mossano","https://www.senato.it/w3/Biblioteca/catalogoDegliStatutiMedievali.nsf/de148d287da34e08c1256e4c002f1718/019f7960e896493ac1256f9a004224b6?OpenDocument","Barbarano Vicentino I 1, I - Statuti dei comuni, 1699",1699,"Mossano","Mossano","Barbarano Vicentino I 1, I - Statuti dei comuni, 1699",1699,"Barbarano Vicentino",24011,"Barbarano Vicentino",1,1699,NA,NA,NA,NA
"Motta di Livenza","Motta di Livenza","https://www.senato.it/w3/Biblioteca/catalogoDegliStatutiMedievali.nsf/de148d287da34e08c1256e4c002f1718/acdeb4c24c81574cc1256fa300603125?OpenDocument","Motta di Livenza I 1, I - Statuti dei comuni, 1622-1632",1622,"Motta di Livenza","Motta di Livenza","Motta di Livenza I 1, I - Statuti dei comuni, 1622-1632",1622,"Motta di Livenza",26049,"Motta di Livenza",1,1622,NA,NA,NA,NA
"Mozanica","Mozanica","https://www.senato.it/w3/Biblioteca/catalogoDegliStatutiMedievali.nsf/de148d287da34e08c1256e4c002f1718/7b67889fdf1a3379c1256fa3006031bc?OpenDocument","Mozzanica I 1, I - Statuti dei comuni, 1435-1600",1435,"Mozzanica","Mozzanica","Mozzanica I 1, I - Statuti dei comuni, 1435-1600",1435,"Mozzanica",16142,"Mozzanica",1,1435,NA,NA,NA,NA
"Mozzanica","Mozzanica","https://www.senato.it/w3/Biblioteca/catalogoDegliStatutiMedievali.nsf/de148d287da34e08c1256e4c002f1718/7b67889fdf1a3379c1256fa3006031bc?OpenDocument","Mozzanica I 1, I - Statuti dei comuni, 1435-1600",1435,"Mozzanica","Mozzanica","Mozzanica I 1, I - Statuti dei comuni, 1435-1600",1435,"Mozzanica",16142,"Mozzanica",1,1435,NA,NA,NA,NA
"Muggia","Muggia","https://www.senato.it/w3/Biblioteca/catalogoDegliStatutiMedievali.nsf/de148d287da34e08c1256e4c002f1718/c65688e3579f238ac1256fa300603228?OpenDocument","Muggia I 1, I - Statuti dei comuni, 1420-1529",1420,"Muggia","Muggia","Muggia I 1, I - Statuti dei comuni, 1420-1529",1420,"Muggia",32003,"Muggia",1,1420,NA,NA,NA,NA
"Muggla","Muggla","https://www.senato.it/w3/Biblioteca/catalogoDegliStatutiMedievali.nsf/de148d287da34e08c1256e4c002f1718/c65688e3579f238ac1256fa300603228?OpenDocument","Muggia I 1, I - Statuti dei comuni, 1420-1529",1420,"Muggia","Muggia","Muggia I 1, I - Statuti dei comuni, 1420-1529",1420,"Muggia",32003,"Muggia",1,1420,NA,NA,NA,NA
"Muguzo","Muguzo","https://www.senato.it/w3/Biblioteca/catalogoDegliStatutiMedievali.nsf/de148d287da34e08c1256e4c002f1718/9204fe7d1128004ec1256fa300601a9a?OpenDocument","Monguzzo I 1, I - Statuti dei comuni, 1237",1237,"Monguzzo","Monguzzo","Monguzzo I 1, I - Statuti dei comuni, 1237",1237,"Monguzzo",13153,"Monguzzo",1,1237,NA,NA,NA,NA
"Mulazzo","Mulazzo","https://www.senato.it/w3/Biblioteca/catalogoDegliStatutiMedievali.nsf/de148d287da34e08c1256e4c002f1718/3b292a9b36ceb976c1256fa30060326e?OpenDocument","Mulazzo I 1, I - Statuti dei comuni, 1344-1455",1344,"Mulazzo","Mulazzo","Mulazzo I 1, I - Statuti dei comuni, 1344-1455",1344,"Mulazzo",45012,"Mulazzo",1,1344,NA,NA,NA,NA
"Murbellum","Murbellum","https://www.senato.it/w3/Biblioteca/catalogoDegliStatutiMedievali.nsf/de148d287da34e08c1256e4c002f1718/c795496ab3e0bd9fc1256fa300602f43?OpenDocument","Morbello I 1, I - Statuti dei comuni, 1306-1327",1306,"Morbello","Morbello","Morbello I 1, I - Statuti dei comuni, 1306-1327",1306,"Morbello",6110,"Morbello",1,1306,NA,NA,NA,NA
"Murconum","Murconum","https://www.senato.it/w3/Biblioteca/catalogoDegliStatutiMedievali.nsf/de148d287da34e08c1256e4c002f1718/f0342eee62b00fd3c1256fa300602f5b?OpenDocument","Morcone I 1, I - Statuti dei comuni, 1381-1573",1381,"Morcone","Morcone","Morcone I 1, I - Statuti dei comuni, 1381-1573",1381,"Morcone",62044,"Morcone",1,1381,NA,NA,NA,NA
"Murello","Murello","https://www.senato.it/w3/Biblioteca/catalogoDegliStatutiMedievali.nsf/de148d287da34e08c1256e4c002f1718/5df061aab047cba4c1256fa300603304?OpenDocument","Murello I 1, I - Statuti dei comuni, 1470-1485",1470,"Murello","Murello","Murello I 1, I - Statuti dei comuni, 1470-1485",1470,"Murello",4146,"Murello",1,1470,NA,NA,NA,NA
"Murellum","Murellum","https://www.senato.it/w3/Biblioteca/catalogoDegliStatutiMedievali.nsf/de148d287da34e08c1256e4c002f1718/5df061aab047cba4c1256fa300603304?OpenDocument","Murello I 1, I - Statuti dei comuni, 1470-1485",1470,"Murello","Murello","Murello I 1, I - Statuti dei comuni, 1470-1485",1470,"Murello",4146,"Murello",1,1470,NA,NA,NA,NA
"Murlo","Murlo","https://www.senato.it/w3/Biblioteca/catalogoDegliStatutiMedievali.nsf/de148d287da34e08c1256e4c002f1718/29e361cb7eec0f4fc1256fa300603319?OpenDocument","Murlo I 1, I - Statuti dei comuni, 1323-1414",1323,"Murlo","Murlo","Murlo I 1, I - Statuti dei comuni, 1323-1414",1323,"Murlo",52019,"Murlo",1,1323,NA,NA,NA,NA
"Murra","Murra","https://www.senato.it/w3/Biblioteca/catalogoDegliStatutiMedievali.nsf/de148d287da34e08c1256e4c002f1718/47d40782670f2feac1256fa3005ee707?OpenDocument","La Morra I 1, I - Statuti dei comuni, 1461-1680",1461,"La Morra","La Morra","La Morra I 1, I - Statuti dei comuni, 1461-1680",1461,"La Morra",4105,"La Morra",1,1461,NA,NA,NA,NA
"Murrus Vallium","Murrus Vallium","https://www.senato.it/w3/Biblioteca/catalogoDegliStatutiMedievali.nsf/de148d287da34e08c1256e4c002f1718/1789947db8889c79c1256fa300603047?OpenDocument","Morrovalle I 1, I - Statuti dei comuni, 1569-1570",1569,"Morrovalle","Morrovalle","Morrovalle I 1, I - Statuti dei comuni, 1569-1570",1569,"Morrovalle",43033,"Morrovalle",1,1569,NA,NA,NA,NA
"Mutina","Mutina","https://www.senato.it/w3/Biblioteca/catalogoDegliStatutiMedievali.nsf/de148d287da34e08c1256e4c002f1718/b7bb1aed000f04e2c1256fa300600aec?OpenDocument","Modena I 1, I - Statuti dei comuni, 969-1260",1260,"Modena","Modena","Modena I 1, I - Statuti dei comuni, 969-1260",1260,"Modena",36023,"Modena",1,1260,NA,NA,NA,NA
"Napoli","Napoli","https://www.senato.it/w3/Biblioteca/catalogoDegliStatutiMedievali.nsf/de148d287da34e08c1256e4c002f1718/46a09f645f24a70fc1256fa40048bd46?OpenDocument","Napoli I 1, I - Statuti dei comuni, 1053-1309",1053,"Napoli","Napoli","Napoli I 1, I - Statuti dei comuni, 1053-1309",1053,"Napoli",63049,"Napoli",1,1053,NA,NA,NA,NA
"Narni","Narni","https://www.senato.it/w3/Biblioteca/catalogoDegliStatutiMedievali.nsf/de148d287da34e08c1256e4c002f1718/f6fb43e8f723b411c1256fa40048c35c?OpenDocument","Narni I 1, I - Statuti dei comuni, 1371",1371,"Narni","Narni","Narni I 1, I - Statuti dei comuni, 1371",1371,"Narni",55022,"Narni",1,1371,NA,NA,NA,NA
"Narnia","Narnia","https://www.senato.it/w3/Biblioteca/catalogoDegliStatutiMedievali.nsf/de148d287da34e08c1256e4c002f1718/f6fb43e8f723b411c1256fa40048c35c?OpenDocument","Narni I 1, I - Statuti dei comuni, 1371",1371,"Narni","Narni","Narni I 1, I - Statuti dei comuni, 1371",1371,"Narni",55022,"Narni",1,1371,NA,NA,NA,NA
"Naso","Naso","https://www.senato.it/w3/Biblioteca/catalogoDegliStatutiMedievali.nsf/de148d287da34e08c1256e4c002f1718/32bb8861d5fee866c1256fa40048c480?OpenDocument","Naso I 1, I - Statuti dei comuni, 1610-1689",1610,"Naso","Naso","Naso I 1, I - Statuti dei comuni, 1610-1689",1610,"Naso",83060,"Naso",1,1610,NA,NA,NA,NA
"Nasus","Nasus","https://www.senato.it/w3/Biblioteca/catalogoDegliStatutiMedievali.nsf/de148d287da34e08c1256e4c002f1718/32bb8861d5fee866c1256fa40048c480?OpenDocument","Naso I 1, I - Statuti dei comuni, 1610-1689",1610,"Naso","Naso","Naso I 1, I - Statuti dei comuni, 1610-1689",1610,"Naso",83060,"Naso",1,1610,NA,NA,NA,NA
"Naulum","Naulum","https://www.senato.it/w3/Biblioteca/catalogoDegliStatutiMedievali.nsf/de148d287da34e08c1256e4c002f1718/c94269c0cf4da12fc1256fa40048c900?OpenDocument","Noli I 1, I - Statuti dei comuni, 1542-1796",1542,"Noli","Noli","Noli I 1, I - Statuti dei comuni, 1542-1796",1542,"Noli",9042,"Noli",1,1542,NA,NA,NA,NA
"Nave","Nave","https://www.senato.it/w3/Biblioteca/catalogoDegliStatutiMedievali.nsf/de148d287da34e08c1256e4c002f1718/57bd8cb467484fe0c1256fa40048c4db?OpenDocument","Nave I 1, I - Statuti dei comuni, 1406-1744",1406,"Nave","Nave","Nave I 1, I - Statuti dei comuni, 1406-1744",1406,"Nave",17117,"Nave",1,1406,NA,NA,NA,NA
"Naxos","Naxos","https://www.senato.it/w3/Biblioteca/catalogoDegliStatutiMedievali.nsf/de148d287da34e08c1256e4c002f1718/32bb8861d5fee866c1256fa40048c480?OpenDocument","Naso I 1, I - Statuti dei comuni, 1610-1689",1610,"Naso","Naso","Naso I 1, I - Statuti dei comuni, 1610-1689",1610,"Naso",83060,"Naso",1,1610,NA,NA,NA,NA
"Neapolis","Neapolis","https://www.senato.it/w3/Biblioteca/catalogoDegliStatutiMedievali.nsf/de148d287da34e08c1256e4c002f1718/46a09f645f24a70fc1256fa40048bd46?OpenDocument","Napoli I 1, I - Statuti dei comuni, 1053-1309",1053,"Napoli","Napoli","Napoli I 1, I - Statuti dei comuni, 1053-1309",1053,"Napoli",63049,"Napoli",1,1053,NA,NA,NA,NA
"Negrar","Negrar","https://www.senato.it/w3/Biblioteca/catalogoDegliStatutiMedievali.nsf/de148d287da34e08c1256e4c002f1718/d129698585576d68c1256fa40048c502?OpenDocument","Negrar I 1, I - Statuti dei comuni, 1238",1238,"Negrar","Negrar","Negrar I 1, I - Statuti dei comuni, 1238",1238,"Negrar",23052,"Negrar",1,1238,NA,NA,NA,NA
"Negraro","Negraro","https://www.senato.it/w3/Biblioteca/catalogoDegliStatutiMedievali.nsf/de148d287da34e08c1256e4c002f1718/d129698585576d68c1256fa40048c502?OpenDocument","Negrar I 1, I - Statuti dei comuni, 1238",1238,"Negrar","Negrar","Negrar I 1, I - Statuti dei comuni, 1238",1238,"Negrar",23052,"Negrar",1,1238,NA,NA,NA,NA
"Nemi","Nemi","https://www.senato.it/w3/Biblioteca/catalogoDegliStatutiMedievali.nsf/de148d287da34e08c1256e4c002f1718/d2954cca927be10ec1256fa40048c52e?OpenDocument","Nemi I 1, I - Statuti dei comuni, 1514",1514,"Nemi","Nemi","Nemi I 1, I - Statuti dei comuni, 1514",1514,"Nemi",58070,"Nemi",1,1514,NA,NA,NA,NA
"Nemo","Nemo","https://www.senato.it/w3/Biblioteca/catalogoDegliStatutiMedievali.nsf/de148d287da34e08c1256e4c002f1718/d2954cca927be10ec1256fa40048c52e?OpenDocument","Nemi I 1, I - Statuti dei comuni, 1514",1514,"Nemi","Nemi","Nemi I 1, I - Statuti dei comuni, 1514",1514,"Nemi",58070,"Nemi",1,1514,NA,NA,NA,NA
"Nepe","Nepe","https://www.senato.it/w3/Biblioteca/catalogoDegliStatutiMedievali.nsf/de148d287da34e08c1256e4c002f1718/43568df0c0d6a8c3c1256fa40048c542?OpenDocument","Nepi I 1, I - Statuti dei comuni, 1550-1570",1550,"Nepi","Nepi","Nepi I 1, I - Statuti dei comuni, 1550-1570",1550,"Nepi",56039,"Nepi",1,1550,NA,NA,NA,NA
"Nepete","Nepete","https://www.senato.it/w3/Biblioteca/catalogoDegliStatutiMedievali.nsf/de148d287da34e08c1256e4c002f1718/43568df0c0d6a8c3c1256fa40048c542?OpenDocument","Nepi I 1, I - Statuti dei comuni, 1550-1570",1550,"Nepi","Nepi","Nepi I 1, I - Statuti dei comuni, 1550-1570",1550,"Nepi",56039,"Nepi",1,1550,NA,NA,NA,NA
"Nepi","Nepi","https://www.senato.it/w3/Biblioteca/catalogoDegliStatutiMedievali.nsf/de148d287da34e08c1256e4c002f1718/43568df0c0d6a8c3c1256fa40048c542?OpenDocument","Nepi I 1, I - Statuti dei comuni, 1550-1570",1550,"Nepi","Nepi","Nepi I 1, I - Statuti dei comuni, 1550-1570",1550,"Nepi",56039,"Nepi",1,1550,NA,NA,NA,NA
"Nereto","Nereto","https://www.senato.it/w3/Biblioteca/catalogoDegliStatutiMedievali.nsf/de148d287da34e08c1256e4c002f1718/21b483feb952079bc1256fa40048c5ee?OpenDocument","Nereto I 1, I - Statuti dei comuni, 1490",1490,"Nereto","Nereto","Nereto I 1, I - Statuti dei comuni, 1490",1490,"Nereto",67031,"Nereto",1,1490,NA,NA,NA,NA
"Nerito","Nerito","https://www.senato.it/w3/Biblioteca/catalogoDegliStatutiMedievali.nsf/de148d287da34e08c1256e4c002f1718/21b483feb952079bc1256fa40048c5ee?OpenDocument","Nereto I 1, I - Statuti dei comuni, 1490",1490,"Nereto","Nereto","Nereto I 1, I - Statuti dei comuni, 1490",1490,"Nereto",67031,"Nereto",1,1490,NA,NA,NA,NA
"Nesos","Nesos","https://www.senato.it/w3/Biblioteca/catalogoDegliStatutiMedievali.nsf/de148d287da34e08c1256e4c002f1718/32bb8861d5fee866c1256fa40048c480?OpenDocument","Naso I 1, I - Statuti dei comuni, 1610-1689",1610,"Naso","Naso","Naso I 1, I - Statuti dei comuni, 1610-1689",1610,"Naso",83060,"Naso",1,1610,NA,NA,NA,NA
"Nettuno","Nettuno","https://www.senato.it/w3/Biblioteca/catalogoDegliStatutiMedievali.nsf/de148d287da34e08c1256e4c002f1718/81cea8ebc5344096c1256fa40048c5fd?OpenDocument","Nettuno I 1, I - Statuti dei comuni, 1604",1604,"Nettuno","Nettuno","Nettuno I 1, I - Statuti dei comuni, 1604",1604,"Nettuno",58072,"Nettuno",1,1604,NA,NA,NA,NA
"Netum","Netum","https://www.senato.it/w3/Biblioteca/catalogoDegliStatutiMedievali.nsf/de148d287da34e08c1256e4c002f1718/2d1b756792eb73c7c1256fa40048ca13?OpenDocument","Noto I 1, I - Statuti dei comuni, 1341",1341,"Noto","Noto","Noto I 1, I - Statuti dei comuni, 1341",1341,"Noto",89013,"Noto",1,1341,NA,NA,NA,NA
"Nicia Palearum","Nicia Palearum","https://www.senato.it/w3/Biblioteca/catalogoDegliStatutiMedievali.nsf/de148d287da34e08c1256e4c002f1718/33f9767c3c606990c1256fa40048c7c6?OpenDocument","Nizza Monferrato I 1, I - Statuti dei comuni, 1288-1497",1288,"Nizza Monferrato","Nizza Monferrato","Nizza Monferrato I 1, I - Statuti dei comuni, 1288-1497",1288,"Nizza Monferrato",5080,"Nizza Monferrato",1,1288,NA,NA,NA,NA
"Nicia Straminea","Nicia Straminea","https://www.senato.it/w3/Biblioteca/catalogoDegliStatutiMedievali.nsf/de148d287da34e08c1256e4c002f1718/33f9767c3c606990c1256fa40048c7c6?OpenDocument","Nizza Monferrato I 1, I - Statuti dei comuni, 1288-1497",1288,"Nizza Monferrato","Nizza Monferrato","Nizza Monferrato I 1, I - Statuti dei comuni, 1288-1497",1288,"Nizza Monferrato",5080,"Nizza Monferrato",1,1288,NA,NA,NA,NA
"Niela","Niela","https://www.senato.it/w3/Biblioteca/catalogoDegliStatutiMedievali.nsf/de148d287da34e08c1256e4c002f1718/b8ca7143cb711926c1256fa40048c623?OpenDocument","Niella Tanaro I 1, I - Statuti dei comuni, 1280-1328",1280,"Niella Tanaro","Niella Tanaro","Niella Tanaro I 1, I - Statuti dei comuni, 1280-1328",1280,"Niella Tanaro",4151,"Niella Tanaro",1,1280,NA,NA,NA,NA
"Niella Tanaro","Niella Tanaro","https://www.senato.it/w3/Biblioteca/catalogoDegliStatutiMedievali.nsf/de148d287da34e08c1256e4c002f1718/b8ca7143cb711926c1256fa40048c623?OpenDocument","Niella Tanaro I 1, I - Statuti dei comuni, 1280-1328",1280,"Niella Tanaro","Niella Tanaro","Niella Tanaro I 1, I - Statuti dei comuni, 1280-1328",1280,"Niella Tanaro",4151,"Niella Tanaro",1,1280,NA,NA,NA,NA
"Nigella ad Tanagrum","Nigella ad Tanagrum","https://www.senato.it/w3/Biblioteca/catalogoDegliStatutiMedievali.nsf/de148d287da34e08c1256e4c002f1718/b8ca7143cb711926c1256fa40048c623?OpenDocument","Niella Tanaro I 1, I - Statuti dei comuni, 1280-1328",1280,"Niella Tanaro","Niella Tanaro","Niella Tanaro I 1, I - Statuti dei comuni, 1280-1328",1280,"Niella Tanaro",4151,"Niella Tanaro",1,1280,NA,NA,NA,NA
"Nigrarium","Nigrarium","https://www.senato.it/w3/Biblioteca/catalogoDegliStatutiMedievali.nsf/de148d287da34e08c1256e4c002f1718/d129698585576d68c1256fa40048c502?OpenDocument","Negrar I 1, I - Statuti dei comuni, 1238",1238,"Negrar","Negrar","Negrar I 1, I - Statuti dei comuni, 1238",1238,"Negrar",23052,"Negrar",1,1238,NA,NA,NA,NA
"Nizza della Paglia","Nizza della Paglia","https://www.senato.it/w3/Biblioteca/catalogoDegliStatutiMedievali.nsf/de148d287da34e08c1256e4c002f1718/33f9767c3c606990c1256fa40048c7c6?OpenDocument","Nizza Monferrato I 1, I - Statuti dei comuni, 1288-1497",1288,"Nizza Monferrato","Nizza Monferrato","Nizza Monferrato I 1, I - Statuti dei comuni, 1288-1497",1288,"Nizza Monferrato",5080,"Nizza Monferrato",1,1288,NA,NA,NA,NA
"Nizza Monferrato","Nizza Monferrato","https://www.senato.it/w3/Biblioteca/catalogoDegliStatutiMedievali.nsf/de148d287da34e08c1256e4c002f1718/33f9767c3c606990c1256fa40048c7c6?OpenDocument","Nizza Monferrato I 1, I - Statuti dei comuni, 1288-1497",1288,"Nizza Monferrato","Nizza Monferrato","Nizza Monferrato I 1, I - Statuti dei comuni, 1288-1497",1288,"Nizza Monferrato",5080,"Nizza Monferrato",1,1288,NA,NA,NA,NA
"Noale","Noale","https://www.senato.it/w3/Biblioteca/catalogoDegliStatutiMedievali.nsf/de148d287da34e08c1256e4c002f1718/583ced99cff3cf9cc1256fa40048c81d?OpenDocument","Noale I 1, I - Statuti dei comuni, 1562",1562,"Noale","Noale","Noale I 1, I - Statuti dei comuni, 1562",1562,"Noale",27026,"Noale",1,1562,NA,NA,NA,NA
"Nocera dei Pagani","Nocera dei Pagani","https://www.senato.it/w3/Biblioteca/catalogoDegliStatutiMedievali.nsf/de148d287da34e08c1256e4c002f1718/f69a74a9acfe3eccc1256fa40048c872?OpenDocument","Nocera Inferiore III 1, III - Accademie-ospedali-monti di pietà-ecc.",NA,"Nocera Inferiore","Nocera Inferiore","Nocera Inferiore III 1, III - Accademie-ospedali-monti di pietà-ecc.",NA,"Nocera Inferiore",65078,"Nocera Inferiore",1,NA,NA,NA,NA,NA
"Nocera Inferiore","Nocera Inferiore","https://www.senato.it/w3/Biblioteca/catalogoDegliStatutiMedievali.nsf/de148d287da34e08c1256e4c002f1718/f69a74a9acfe3eccc1256fa40048c872?OpenDocument","Nocera Inferiore III 1, III - Accademie-ospedali-monti di pietà-ecc.",NA,"Nocera Inferiore","Nocera Inferiore","Nocera Inferiore III 1, III - Accademie-ospedali-monti di pietà-ecc.",NA,"Nocera Inferiore",65078,"Nocera Inferiore",1,NA,NA,NA,NA,NA
"Nocera Umbra","Nocera Umbra","https://www.senato.it/w3/Biblioteca/catalogoDegliStatutiMedievali.nsf/de148d287da34e08c1256e4c002f1718/f88d055a1a5f3621c1256fa40048c899?OpenDocument","Nocera Umbra I 1, I - Statuti dei comuni, 1371-1567",1371,"Nocera Umbra","Nocera Umbra","Nocera Umbra I 1, I - Statuti dei comuni, 1371-1567",1371,"Nocera Umbra",54034,"Nocera Umbra",1,1371,NA,NA,NA,NA
"Noepoli","Noepoli","https://www.senato.it/w3/Biblioteca/catalogoDegliStatutiMedievali.nsf/de148d287da34e08c1256e4c002f1718/8365d01f01f88b15c1256fa40048c8c1?OpenDocument","Noepoli I 1, I - Statuti dei comuni, 1492",1492,"Noepoli","Noepoli","Noepoli I 1, I - Statuti dei comuni, 1492",1492,"Noepoli",76055,"Noepoli",1,1492,NA,NA,NA,NA
"Noja","Noja","https://www.senato.it/w3/Biblioteca/catalogoDegliStatutiMedievali.nsf/de148d287da34e08c1256e4c002f1718/8365d01f01f88b15c1256fa40048c8c1?OpenDocument","Noepoli I 1, I - Statuti dei comuni, 1492",1492,"Noepoli","Noepoli","Noepoli I 1, I - Statuti dei comuni, 1492",1492,"Noepoli",76055,"Noepoli",1,1492,NA,NA,NA,NA
"Nola","Nola","https://www.senato.it/w3/Biblioteca/catalogoDegliStatutiMedievali.nsf/de148d287da34e08c1256e4c002f1718/a8c564b28f412c1cc1256fa40048c8d6?OpenDocument","Nola I 1, I - Statuti dei comuni, 1514",1514,"Nola","Nola","Nola I 1, I - Statuti dei comuni, 1514",1514,"Nola",63050,"Nola",1,1514,NA,NA,NA,NA
"Noli","Noli","https://www.senato.it/w3/Biblioteca/catalogoDegliStatutiMedievali.nsf/de148d287da34e08c1256e4c002f1718/c94269c0cf4da12fc1256fa40048c900?OpenDocument","Noli I 1, I - Statuti dei comuni, 1542-1796",1542,"Noli","Noli","Noli I 1, I - Statuti dei comuni, 1542-1796",1542,"Noli",9042,"Noli",1,1542,NA,NA,NA,NA
"Norba","Norba","https://www.senato.it/w3/Biblioteca/catalogoDegliStatutiMedievali.nsf/de148d287da34e08c1256e4c002f1718/7b3a811e79b191bbc1256fa40048c9b5?OpenDocument","Norma I 1, I - Statuti dei comuni, 1595-1709",1595,"Norma","Norma","Norma I 1, I - Statuti dei comuni, 1595-1709",1595,"Norma",59016,"Norma",1,1595,NA,NA,NA,NA
"Norcia","Norcia","https://www.senato.it/w3/Biblioteca/catalogoDegliStatutiMedievali.nsf/de148d287da34e08c1256e4c002f1718/685254a3d17ce0c4c1256fa40048c964?OpenDocument","Norcia I 1, I - Statuti dei comuni, sec. XIII-XIV",NA,"Norcia","Norcia","Norcia I 1, I - Statuti dei comuni, sec. XIII-XIV",NA,"Norcia",54035,"Norcia",1,NA,NA,NA,NA,NA
"Norma","Norma","https://www.senato.it/w3/Biblioteca/catalogoDegliStatutiMedievali.nsf/de148d287da34e08c1256e4c002f1718/7b3a811e79b191bbc1256fa40048c9b5?OpenDocument","Norma I 1, I - Statuti dei comuni, 1595-1709",1595,"Norma","Norma","Norma I 1, I - Statuti dei comuni, 1595-1709",1595,"Norma",59016,"Norma",1,1595,NA,NA,NA,NA
"Norsia","Norsia","https://www.senato.it/w3/Biblioteca/catalogoDegliStatutiMedievali.nsf/de148d287da34e08c1256e4c002f1718/685254a3d17ce0c4c1256fa40048c964?OpenDocument","Norcia I 1, I - Statuti dei comuni, sec. XIII-XIV",NA,"Norcia","Norcia","Norcia I 1, I - Statuti dei comuni, sec. XIII-XIV",NA,"Norcia",54035,"Norcia",1,NA,NA,NA,NA,NA
"Noto","Noto","https://www.senato.it/w3/Biblioteca/catalogoDegliStatutiMedievali.nsf/de148d287da34e08c1256e4c002f1718/2d1b756792eb73c7c1256fa40048ca13?OpenDocument","Noto I 1, I - Statuti dei comuni, 1341",1341,"Noto","Noto","Noto I 1, I - Statuti dei comuni, 1341",1341,"Noto",89013,"Noto",1,1341,NA,NA,NA,NA
"Notom","Notom","https://www.senato.it/w3/Biblioteca/catalogoDegliStatutiMedievali.nsf/de148d287da34e08c1256e4c002f1718/2d1b756792eb73c7c1256fa40048ca13?OpenDocument","Noto I 1, I - Statuti dei comuni, 1341",1341,"Noto","Noto","Noto I 1, I - Statuti dei comuni, 1341",1341,"Noto",89013,"Noto",1,1341,NA,NA,NA,NA
"Novae","Novae","https://www.senato.it/w3/Biblioteca/catalogoDegliStatutiMedievali.nsf/de148d287da34e08c1256e4c002f1718/f89524f6b0e7afbac1256fa40048ccbf?OpenDocument","Novi Ligure I 1, I - Statuti dei comuni, 1535-1600",1535,"Novi Ligure","Novi Ligure","Novi Ligure I 1, I - Statuti dei comuni, 1535-1600",1535,"Novi Ligure",6114,"Novi Ligure",1,1535,NA,NA,NA,NA
"Novale","Novale","https://www.senato.it/w3/Biblioteca/catalogoDegliStatutiMedievali.nsf/de148d287da34e08c1256e4c002f1718/583ced99cff3cf9cc1256fa40048c81d?OpenDocument","Noale I 1, I - Statuti dei comuni, 1562",1562,"Noale","Noale","Noale I 1, I - Statuti dei comuni, 1562",1562,"Noale",27026,"Noale",1,1562,NA,NA,NA,NA
"Novalesa","Novalesa","https://www.senato.it/w3/Biblioteca/catalogoDegliStatutiMedievali.nsf/de148d287da34e08c1256e4c002f1718/a8a15a6adcb057fbc1256fa40048caa4?OpenDocument","Novalesa I 1, I - Statuti dei comuni, 1279",1279,"Novalesa","Novalesa","Novalesa I 1, I - Statuti dei comuni, 1279",1279,"Novalesa",1169,"Novalesa",1,1279,NA,NA,NA,NA
"Novana","Novana","https://www.senato.it/w3/Biblioteca/catalogoDegliStatutiMedievali.nsf/de148d287da34e08c1256e4c002f1718/e0d854ec62514af0c1256f9a0054ca37?OpenDocument","Civitanova Marche I 1, I - Statuti dei comuni, 1235-1515",1235,"Civitanova Marche","Civitanova Marche","Civitanova Marche I 1, I - Statuti dei comuni, 1235-1515",1235,"Civitanova Marche",43013,"Civitanova Marche",1,1235,NA,NA,NA,NA
"Novara","Novara","https://www.senato.it/w3/Biblioteca/catalogoDegliStatutiMedievali.nsf/de148d287da34e08c1256e4c002f1718/4638685cc18a1a65c1256fa40048cac0?OpenDocument","Novara I 1, I - Statuti dei comuni, 1202-1565",1202,"Novara","Novara","Novara I 1, I - Statuti dei comuni, 1202-1565",1202,"Novara",3106,"Novara",1,1202,NA,NA,NA,NA
"Novaria","Novaria","https://www.senato.it/w3/Biblioteca/catalogoDegliStatutiMedievali.nsf/de148d287da34e08c1256e4c002f1718/4638685cc18a1a65c1256fa40048cac0?OpenDocument","Novara I 1, I - Statuti dei comuni, 1202-1565",1202,"Novara","Novara","Novara I 1, I - Statuti dei comuni, 1202-1565",1202,"Novara",3106,"Novara",1,1202,NA,NA,NA,NA
"Novellara","Novellara","https://www.senato.it/w3/Biblioteca/catalogoDegliStatutiMedievali.nsf/de148d287da34e08c1256e4c002f1718/0121226070ad31a2c1256fa40048ccab?OpenDocument","Novellara I 1, I - Statuti dei comuni, 1638",1638,"Novellara","Novellara","Novellara I 1, I - Statuti dei comuni, 1638",1638,"Novellara",35028,"Novellara",1,1638,NA,NA,NA,NA
"Novi Ligure","Novi Ligure","https://www.senato.it/w3/Biblioteca/catalogoDegliStatutiMedievali.nsf/de148d287da34e08c1256e4c002f1718/f89524f6b0e7afbac1256fa40048ccbf?OpenDocument","Novi Ligure I 1, I - Statuti dei comuni, 1535-1600",1535,"Novi Ligure","Novi Ligure","Novi Ligure I 1, I - Statuti dei comuni, 1535-1600",1535,"Novi Ligure",6114,"Novi Ligure",1,1535,NA,NA,NA,NA
"Novocomum","Novocomum","https://www.senato.it/w3/Biblioteca/catalogoDegliStatutiMedievali.nsf/de148d287da34e08c1256e4c002f1718/77384a17e52a5422c1256f9a0054d742?OpenDocument","Como I 1, I - Statuti dei comuni, 1276-1288",1276,"Como","Como","Como I 1, I - Statuti dei comuni, 1276-1288",1276,"Como",13075,"Como",1,1276,NA,NA,NA,NA
"Noya","Noya","https://www.senato.it/w3/Biblioteca/catalogoDegliStatutiMedievali.nsf/de148d287da34e08c1256e4c002f1718/8365d01f01f88b15c1256fa40048c8c1?OpenDocument","Noepoli I 1, I - Statuti dei comuni, 1492",1492,"Noepoli","Noepoli","Noepoli I 1, I - Statuti dei comuni, 1492",1492,"Noepoli",76055,"Noepoli",1,1492,NA,NA,NA,NA
"Nuceria","Nuceria","https://www.senato.it/w3/Biblioteca/catalogoDegliStatutiMedievali.nsf/de148d287da34e08c1256e4c002f1718/f69a74a9acfe3eccc1256fa40048c872?OpenDocument","Nocera Inferiore III 1, III - Accademie-ospedali-monti di pietà-ecc.",NA,"Nocera Inferiore","Nocera Inferiore","Nocera Inferiore III 1, III - Accademie-ospedali-monti di pietà-ecc.",NA,"Nocera Inferiore",65078,"Nocera Inferiore",1,NA,NA,NA,NA,NA
"Nucerium","Nucerium","https://www.senato.it/w3/Biblioteca/catalogoDegliStatutiMedievali.nsf/de148d287da34e08c1256e4c002f1718/f88d055a1a5f3621c1256fa40048c899?OpenDocument","Nocera Umbra I 1, I - Statuti dei comuni, 1371-1567",1371,"Nocera Umbra","Nocera Umbra","Nocera Umbra I 1, I - Statuti dei comuni, 1371-1567",1371,"Nocera Umbra",54034,"Nocera Umbra",1,1371,NA,NA,NA,NA
"Numentum","Numentum","https://www.senato.it/w3/Biblioteca/catalogoDegliStatutiMedievali.nsf/de148d287da34e08c1256e4c002f1718/cd692e728860e38bc1256fa3005fe4ab?OpenDocument","Mentana I 1, I - Statuti dei comuni, 1619",1619,"Mentana","Mentana","Mentana I 1, I - Statuti dei comuni, 1619",1619,"Mentana",58059,"Mentana",1,1619,NA,NA,NA,NA
"Nursia","Nursia","https://www.senato.it/w3/Biblioteca/catalogoDegliStatutiMedievali.nsf/de148d287da34e08c1256e4c002f1718/685254a3d17ce0c4c1256fa40048c964?OpenDocument","Norcia I 1, I - Statuti dei comuni, sec. XIII-XIV",NA,"Norcia","Norcia","Norcia I 1, I - Statuti dei comuni, sec. XIII-XIV",NA,"Norcia",54035,"Norcia",1,NA,NA,NA,NA,NA
"Occimiano","Occimiano","https://www.senato.it/w3/Biblioteca/catalogoDegliStatutiMedievali.nsf/de148d287da34e08c1256e4c002f1718/84dcd5bd030af4eec1256fa40048cd31?OpenDocument","Occimiano I 1, I - Statuti dei comuni, 1389-1582",1389,"Occimiano","Occimiano","Occimiano I 1, I - Statuti dei comuni, 1389-1582",1389,"Occimiano",6115,"Occimiano",1,1389,NA,NA,NA,NA
"Occimianum","Occimianum","https://www.senato.it/w3/Biblioteca/catalogoDegliStatutiMedievali.nsf/de148d287da34e08c1256e4c002f1718/84dcd5bd030af4eec1256fa40048cd31?OpenDocument","Occimiano I 1, I - Statuti dei comuni, 1389-1582",1389,"Occimiano","Occimiano","Occimiano I 1, I - Statuti dei comuni, 1389-1582",1389,"Occimiano",6115,"Occimiano",1,1389,NA,NA,NA,NA
"Offagna","Offagna","https://www.senato.it/w3/Biblioteca/catalogoDegliStatutiMedievali.nsf/de148d287da34e08c1256e4c002f1718/eaaa6b252be6ab7bc1256fa40048cd82?OpenDocument","Offagna I 1, I - Statuti dei comuni, 1368-1555",1368,"Offagna","Offagna","Offagna I 1, I - Statuti dei comuni, 1368-1555",1368,"Offagna",42033,"Offagna",1,1368,NA,NA,NA,NA
"Offania","Offania","https://www.senato.it/w3/Biblioteca/catalogoDegliStatutiMedievali.nsf/de148d287da34e08c1256e4c002f1718/eaaa6b252be6ab7bc1256fa40048cd82?OpenDocument","Offagna I 1, I - Statuti dei comuni, 1368-1555",1368,"Offagna","Offagna","Offagna I 1, I - Statuti dei comuni, 1368-1555",1368,"Offagna",42033,"Offagna",1,1368,NA,NA,NA,NA
"Oglianico","Oglianico","https://www.senato.it/w3/Biblioteca/catalogoDegliStatutiMedievali.nsf/de148d287da34e08c1256e4c002f1718/da5f8da22c4ffbcec1256fa40048cd9d?OpenDocument","Oglianico I 1, I - Statuti dei comuni, 1352-1372",1352,"Oglianico","Oglianico","Oglianico I 1, I - Statuti dei comuni, 1352-1372",1352,"Oglianico",1170,"Oglianico",1,1352,NA,NA,NA,NA
"Olbia","Olbia","https://www.senato.it/w3/Biblioteca/catalogoDegliStatutiMedievali.nsf/de148d287da34e08c1256e4c002f1718/b4e9684a3813fb26c1256fa40048cdc7?OpenDocument","Olbia I 1, I - Statuti dei comuni, 1420-1479",1420,"Olbia","Olbia","Olbia I 1, I - Statuti dei comuni, 1420-1479",1420,"Olbia",104017,"Olbia",1,1420,NA,NA,NA,NA
"Oleoductus","Oleoductus","https://www.senato.it/w3/Biblioteca/catalogoDegliStatutiMedievali.nsf/de148d287da34e08c1256e4c002f1718/b7923c09a192f806c1256fa40048d010?OpenDocument","Origgio I 1, I - Statuti dei comuni, 1228",1228,"Origgio","Origgio","Origgio I 1, I - Statuti dei comuni, 1228",1228,"Origgio",12109,"Origgio",1,1228,NA,NA,NA,NA
"Olevano Romano","Olevano Romano","https://www.senato.it/w3/Biblioteca/catalogoDegliStatutiMedievali.nsf/de148d287da34e08c1256e4c002f1718/4685ea6a7119dedfc1256fa40048cdd8?OpenDocument","Olevano Romano I 1, I - Statuti dei comuni, 1364-1430",1364,"Olevano Romano","Olevano Romano","Olevano Romano I 1, I - Statuti dei comuni, 1364-1430",1364,"Olevano Romano",58073,"Olevano Romano",1,1364,NA,NA,NA,NA
"Olevano sul Tusciano","Olevano sul Tusciano","https://www.senato.it/w3/Biblioteca/catalogoDegliStatutiMedievali.nsf/de148d287da34e08c1256e4c002f1718/d9c860083c67bbd6c1256fa40048ce04?OpenDocument","Olevano sul Tusciano I 1, I - Statuti dei comuni, sec. XVI-XVII",NA,"Olevano sul Tusciano","Olevano sul Tusciano","Olevano sul Tusciano I 1, I - Statuti dei comuni, sec. XVI-XVII",NA,"Olevano sul Tusciano",65082,"Olevano sul Tusciano",1,NA,NA,NA,NA,NA
"Olibanum","Olibanum","https://www.senato.it/w3/Biblioteca/catalogoDegliStatutiMedievali.nsf/de148d287da34e08c1256e4c002f1718/4685ea6a7119dedfc1256fa40048cdd8?OpenDocument","Olevano Romano I 1, I - Statuti dei comuni, 1364-1430",1364,"Olevano Romano","Olevano Romano","Olevano Romano I 1, I - Statuti dei comuni, 1364-1430",1364,"Olevano Romano",58073,"Olevano Romano",1,1364,NA,NA,NA,NA
"Olivola","Olivola","https://www.senato.it/w3/Biblioteca/catalogoDegliStatutiMedievali.nsf/de148d287da34e08c1256e4c002f1718/e5278992e7fc7883c1256fa40048ce31?OpenDocument","Olivola I 1, I - Statuti dei comuni, sec. XVII",NA,"Olivola","Olivola","Olivola I 1, I - Statuti dei comuni, sec. XVII",NA,"Olivola",6118,"Olivola",1,NA,NA,NA,NA,NA
"Olmo al Brembo","Olmo al Brembo","https://www.senato.it/w3/Biblioteca/catalogoDegliStatutiMedievali.nsf/de148d287da34e08c1256e4c002f1718/06719ebeff278c87c1256fa40048ce60?OpenDocument","Olmo al Brembo I 1, I - Statuti dei comuni, 1769",1769,"Olmo al Brembo","Olmo al Brembo","Olmo al Brembo I 1, I - Statuti dei comuni, 1769",1769,"Olmo al Brembo",16145,"Olmo al Brembo",1,1769,NA,NA,NA,NA
"Omegna","Omegna","https://www.senato.it/w3/Biblioteca/catalogoDegliStatutiMedievali.nsf/de148d287da34e08c1256e4c002f1718/24a004015f21547cc1256fa40048ce73?OpenDocument","Omegna I 1, I - Statuti dei comuni, 1384",1384,"Omegna","Omegna","Omegna I 1, I - Statuti dei comuni, 1384",1384,"Omegna",103050,"Omegna",1,1384,NA,NA,NA,NA
"Onano","Onano","https://www.senato.it/w3/Biblioteca/catalogoDegliStatutiMedievali.nsf/de148d287da34e08c1256e4c002f1718/c35f793c3a8af51bc1256fa40048ce94?OpenDocument","Onano I 1, I - Statuti dei comuni, 1561-1678",1561,"Onano","Onano","Onano I 1, I - Statuti dei comuni, 1561-1678",1561,"Onano",56040,"Onano",1,1561,NA,NA,NA,NA
"Ontano","Ontano","https://www.senato.it/w3/Biblioteca/catalogoDegliStatutiMedievali.nsf/de148d287da34e08c1256e4c002f1718/c35f793c3a8af51bc1256fa40048ce94?OpenDocument","Onano I 1, I - Statuti dei comuni, 1561-1678",1561,"Onano","Onano","Onano I 1, I - Statuti dei comuni, 1561-1678",1561,"Onano",56040,"Onano",1,1561,NA,NA,NA,NA
"Onzo","Onzo","https://www.senato.it/w3/Biblioteca/catalogoDegliStatutiMedievali.nsf/de148d287da34e08c1256e4c002f1718/fd82fcb442780276c1256fa40048cee2?OpenDocument","Onzo I 1, I - Statuti dei comuni, 1580",1580,"Onzo","Onzo","Onzo I 1, I - Statuti dei comuni, 1580",1580,"Onzo",9043,"Onzo",1,1580,NA,NA,NA,NA
"Oppido Lucano","Oppido Lucano","https://www.senato.it/w3/Biblioteca/catalogoDegliStatutiMedievali.nsf/de148d287da34e08c1256e4c002f1718/ede5a450e0b19fa7c1256fa40048cf03?OpenDocument","Oppido Lucano I 1, I - Statuti dei comuni, 1532-1559",1532,"Oppido Lucano","Oppido Lucano","Oppido Lucano I 1, I - Statuti dei comuni, 1532-1559",1532,"Oppido Lucano",76056,"Oppido Lucano",1,1532,NA,NA,NA,NA
"Oppidum Basilicatae","Oppidum Basilicatae","https://www.senato.it/w3/Biblioteca/catalogoDegliStatutiMedievali.nsf/de148d287da34e08c1256e4c002f1718/ede5a450e0b19fa7c1256fa40048cf03?OpenDocument","Oppido Lucano I 1, I - Statuti dei comuni, 1532-1559",1532,"Oppido Lucano","Oppido Lucano","Oppido Lucano I 1, I - Statuti dei comuni, 1532-1559",1532,"Oppido Lucano",76056,"Oppido Lucano",1,1532,NA,NA,NA,NA
"Orbassano","Orbassano","https://www.senato.it/w3/Biblioteca/catalogoDegliStatutiMedievali.nsf/de148d287da34e08c1256e4c002f1718/5d1e6d283e7fee20c1256fa40048cf1d?OpenDocument","Orbassano I 1, I - Statuti dei comuni, 1297",1297,"Orbassano","Orbassano","Orbassano I 1, I - Statuti dei comuni, 1297",1297,"Orbassano",1171,"Orbassano",1,1297,NA,NA,NA,NA
"Orbetello","Orbetello","https://www.senato.it/w3/Biblioteca/catalogoDegliStatutiMedievali.nsf/de148d287da34e08c1256e4c002f1718/4c54f986e3bba207c1256fa40048cf2f?OpenDocument","Orbetello I 1, I - Statuti dei comuni, 1319",1319,"Orbetello","Orbetello","Orbetello I 1, I - Statuti dei comuni, 1319",1319,"Orbetello",53018,"Orbetello",1,1319,NA,NA,NA,NA
"Orbetellum","Orbetellum","https://www.senato.it/w3/Biblioteca/catalogoDegliStatutiMedievali.nsf/de148d287da34e08c1256e4c002f1718/4c54f986e3bba207c1256fa40048cf2f?OpenDocument","Orbetello I 1, I - Statuti dei comuni, 1319",1319,"Orbetello","Orbetello","Orbetello I 1, I - Statuti dei comuni, 1319",1319,"Orbetello",53018,"Orbetello",1,1319,NA,NA,NA,NA
"Orceae","Orceae","https://www.senato.it/w3/Biblioteca/catalogoDegliStatutiMedievali.nsf/de148d287da34e08c1256e4c002f1718/e45397f17e5eec0ac1256fa40048d4f2?OpenDocument","Orzinuovi I 1, I - Statuti dei comuni, 1341-1387",1341,"Castel San Giorgio","Castel San Giorgio","Orzinuovi I 1, I - Statuti dei comuni, 1341-1387",1341,"Castel San Giorgio",65034,"Castel San Giorgio",1,1341,NA,NA,NA,NA
"Orceae","Orceae","https://www.senato.it/w3/Biblioteca/catalogoDegliStatutiMedievali.nsf/de148d287da34e08c1256e4c002f1718/e45397f17e5eec0ac1256fa40048d4f2?OpenDocument","Orzinuovi I 1, I - Statuti dei comuni, 1341-1387",1341,"Orzinuovi","Orzinuovi","Orzinuovi I 1, I - Statuti dei comuni, 1341-1387",1341,"Castel San Giorgio",65034,"Castel San Giorgio",1,1341,NA,NA,NA,NA
"Orgiano","Orgiano","https://www.senato.it/w3/Biblioteca/catalogoDegliStatutiMedievali.nsf/de148d287da34e08c1256e4c002f1718/b5dcb9ffd2919752c1256fa40048cf9d?OpenDocument","Orgiano I 1, I - Statuti dei comuni, sec. XV-XVI",NA,"Orgiano","Orgiano","Orgiano I 1, I - Statuti dei comuni, sec. XV-XVI",NA,"Orgiano",24075,"Orgiano",1,NA,NA,NA,NA,NA
"Orglianum","Orglianum","https://www.senato.it/w3/Biblioteca/catalogoDegliStatutiMedievali.nsf/de148d287da34e08c1256e4c002f1718/b5dcb9ffd2919752c1256fa40048cf9d?OpenDocument","Orgiano I 1, I - Statuti dei comuni, sec. XV-XVI",NA,"Orgiano","Orgiano","Orgiano I 1, I - Statuti dei comuni, sec. XV-XVI",NA,"Orgiano",24075,"Orgiano",1,NA,NA,NA,NA,NA
"Oria","Oria","https://www.senato.it/w3/Biblioteca/catalogoDegliStatutiMedievali.nsf/de148d287da34e08c1256e4c002f1718/a4dc7f37b4086ed3c1256fa40048cfd6?OpenDocument","Oria I 1, I - Statuti dei comuni, 1491-1492",1491,"Oria","Oria","Oria I 1, I - Statuti dei comuni, 1491-1492",1491,"Oria",74011,"Oria",1,1491,NA,NA,NA,NA
"Oriano","Oriano","https://www.senato.it/w3/Biblioteca/catalogoDegliStatutiMedievali.nsf/de148d287da34e08c1256e4c002f1718/b5dcb9ffd2919752c1256fa40048cf9d?OpenDocument","Orgiano I 1, I - Statuti dei comuni, sec. XV-XVI",NA,"Orgiano","Orgiano","Orgiano I 1, I - Statuti dei comuni, sec. XV-XVI",NA,"Orgiano",24075,"Orgiano",1,NA,NA,NA,NA,NA
"Origgio","Origgio","https://www.senato.it/w3/Biblioteca/catalogoDegliStatutiMedievali.nsf/de148d287da34e08c1256e4c002f1718/b7923c09a192f806c1256fa40048d010?OpenDocument","Origgio I 1, I - Statuti dei comuni, 1228",1228,"Origgio","Origgio","Origgio I 1, I - Statuti dei comuni, 1228",1228,"Origgio",12109,"Origgio",1,1228,NA,NA,NA,NA
"Origium","Origium","https://www.senato.it/w3/Biblioteca/catalogoDegliStatutiMedievali.nsf/de148d287da34e08c1256e4c002f1718/b7923c09a192f806c1256fa40048d010?OpenDocument","Origgio I 1, I - Statuti dei comuni, 1228",1228,"Origgio","Origgio","Origgio I 1, I - Statuti dei comuni, 1228",1228,"Origgio",12109,"Origgio",1,1228,NA,NA,NA,NA
"Orio Canavese","Orio Canavese","https://www.senato.it/w3/Biblioteca/catalogoDegliStatutiMedievali.nsf/de148d287da34e08c1256e4c002f1718/8a187a48220e687fc1256fa40048d02c?OpenDocument","Orio Canavese I 1, I - Statuti dei comuni, 1473",1473,"Orio Canavese","Orio Canavese","Orio Canavese I 1, I - Statuti dei comuni, 1473",1473,"Orio Canavese",1172,"Orio Canavese",1,1473,NA,NA,NA,NA
"Oristano","Oristano","https://www.senato.it/w3/Biblioteca/catalogoDegliStatutiMedievali.nsf/de148d287da34e08c1256e4c002f1718/2a70beae98608146c1256fa40048d03b?OpenDocument","Oristano I 1, I - Statuti dei comuni, 1479-1485",1479,"Oristano","Oristano","Oristano I 1, I - Statuti dei comuni, 1479-1485",1479,"Oristano",95038,"Oristano",1,1479,NA,NA,NA,NA
"Ormea","Ormea","https://www.senato.it/w3/Biblioteca/catalogoDegliStatutiMedievali.nsf/de148d287da34e08c1256e4c002f1718/388b1e02725a1198c1256fa40048d077?OpenDocument","Ormea I 1, I - Statuti dei comuni, 1291-1538",1291,"Ormea","Ormea","Ormea I 1, I - Statuti dei comuni, 1291-1538",1291,"Ormea",4155,"Ormea",1,1291,NA,NA,NA,NA
"Ornavasso","Ornavasso","https://www.senato.it/w3/Biblioteca/catalogoDegliStatutiMedievali.nsf/de148d287da34e08c1256e4c002f1718/3f171a201da60de0c1256fa40048d099?OpenDocument","Ornavasso I 1, I - Statuti dei comuni, 1575-1590",1575,"Ornavasso","Ornavasso","Ornavasso I 1, I - Statuti dei comuni, 1575-1590",1575,"Ornavasso",103051,"Ornavasso",1,1575,NA,NA,NA,NA
"Orsogna","Orsogna","https://www.senato.it/w3/Biblioteca/catalogoDegliStatutiMedievali.nsf/de148d287da34e08c1256e4c002f1718/cb9b3ec69a0cb53bc1256fa40048d127?OpenDocument","Orsogna I 1, I - Statuti dei comuni, sec. XIV-XVI",NA,"Orsogna","Orsogna","Orsogna I 1, I - Statuti dei comuni, sec. XIV-XVI",NA,"Orsogna",69057,"Orsogna",1,NA,NA,NA,NA,NA
"Orta San Giulio","Orta San Giulio","https://www.senato.it/w3/Biblioteca/catalogoDegliStatutiMedievali.nsf/de148d287da34e08c1256e4c002f1718/4390e1072272017bc1256fa40048d215?OpenDocument","Orta San Giulio I 1, I - Statuti dei comuni, 1343-1390",1343,"Orta San Giulio","Orta San Giulio","Orta San Giulio I 1, I - Statuti dei comuni, 1343-1390",1343,"Orta San Giulio",3112,"Orta San Giulio",1,1343,NA,NA,NA,NA
"Ortona","Ortona","https://www.senato.it/w3/Biblioteca/catalogoDegliStatutiMedievali.nsf/de148d287da34e08c1256e4c002f1718/d72b74e1f2ecb5d4c1256fa40048d2a6?OpenDocument","Ortona I 1, I - Statuti dei comuni, 1464",1464,"Ortona","Ortona","Ortona I 1, I - Statuti dei comuni, 1464",1464,"Ortona",69058,"Ortona",1,1464,NA,NA,NA,NA
"Ortonovo","Ortonovo","https://www.senato.it/w3/Biblioteca/catalogoDegliStatutiMedievali.nsf/de148d287da34e08c1256e4c002f1718/2fabc47d7507ff82c1256fa40048d2d2?OpenDocument","Ortonovo I 1, I - Statuti dei comuni, 1237",1237,"Ortonovo","Ortonovo","Ortonovo I 1, I - Statuti dei comuni, 1237",1237,"Ortonovo",11020,"Ortonovo",1,1237,NA,NA,NA,NA
"Orvieto","Orvieto","https://www.senato.it/w3/Biblioteca/catalogoDegliStatutiMedievali.nsf/de148d287da34e08c1256e4c002f1718/07d1ac5f79b61b66c1256fa40048d33c?OpenDocument","Orvieto I 1, I - Statuti dei comuni, 1209-1220",1209,"Orvieto","Orvieto","Orvieto I 1, I - Statuti dei comuni, 1209-1220",1209,"Orvieto",55023,"Orvieto",1,1209,NA,NA,NA,NA
"Orzinovi","Orzinovi","https://www.senato.it/w3/Biblioteca/catalogoDegliStatutiMedievali.nsf/de148d287da34e08c1256e4c002f1718/e45397f17e5eec0ac1256fa40048d4f2?OpenDocument","Orzinuovi I 1, I - Statuti dei comuni, 1341-1387",1341,"Castel San Giorgio","Castel San Giorgio","Orzinuovi I 1, I - Statuti dei comuni, 1341-1387",1341,"Castel San Giorgio",65034,"Castel San Giorgio",1,1341,NA,NA,NA,NA
"Orzinovi","Orzinovi","https://www.senato.it/w3/Biblioteca/catalogoDegliStatutiMedievali.nsf/de148d287da34e08c1256e4c002f1718/e45397f17e5eec0ac1256fa40048d4f2?OpenDocument","Orzinuovi I 1, I - Statuti dei comuni, 1341-1387",1341,"Orzinuovi","Orzinuovi","Orzinuovi I 1, I - Statuti dei comuni, 1341-1387",1341,"Castel San Giorgio",65034,"Castel San Giorgio",1,1341,NA,NA,NA,NA
"Orzinuovi","Orzinuovi","https://www.senato.it/w3/Biblioteca/catalogoDegliStatutiMedievali.nsf/de148d287da34e08c1256e4c002f1718/e45397f17e5eec0ac1256fa40048d4f2?OpenDocument","Orzinuovi I 1, I - Statuti dei comuni, 1341-1387",1341,"Castel San Giorgio","Castel San Giorgio","Orzinuovi I 1, I - Statuti dei comuni, 1341-1387",1341,"Castel San Giorgio",65034,"Castel San Giorgio",1,1341,NA,NA,NA,NA
"Orzinuovi","Orzinuovi","https://www.senato.it/w3/Biblioteca/catalogoDegliStatutiMedievali.nsf/de148d287da34e08c1256e4c002f1718/e45397f17e5eec0ac1256fa40048d4f2?OpenDocument","Orzinuovi I 1, I - Statuti dei comuni, 1341-1387",1341,"Orzinuovi","Orzinuovi","Orzinuovi I 1, I - Statuti dei comuni, 1341-1387",1341,"Castel San Giorgio",65034,"Castel San Giorgio",1,1341,NA,NA,NA,NA
"Osasco","Osasco","https://www.senato.it/w3/Biblioteca/catalogoDegliStatutiMedievali.nsf/de148d287da34e08c1256e4c002f1718/ec91f0649a247939c1256fa40048d54e?OpenDocument","Osasco I 1, I - Statuti dei comuni, 1467-1701",1467,"Osasco","Osasco","Osasco I 1, I - Statuti dei comuni, 1467-1701",1467,"Osasco",1173,"Osasco",1,1467,NA,NA,NA,NA
"Osimo","Osimo","https://www.senato.it/w3/Biblioteca/catalogoDegliStatutiMedievali.nsf/de148d287da34e08c1256e4c002f1718/0ee541ae7d156c1ec1256fa40048d56a?OpenDocument","Osimo I 1, I - Statuti dei comuni, 1308-1571",1308,"Osimo","Osimo","Osimo I 1, I - Statuti dei comuni, 1308-1571",1308,"Osimo",42034,"Osimo",1,1308,NA,NA,NA,NA
"Ospitaletto","Ospitaletto","https://www.senato.it/w3/Biblioteca/catalogoDegliStatutiMedievali.nsf/de148d287da34e08c1256e4c002f1718/e46682b49958705cc1256fa40048d677?OpenDocument","Ospitaletto I 1, I - Statuti dei comuni, 1404-1744",1404,"Ospitaletto","Ospitaletto","Ospitaletto I 1, I - Statuti dei comuni, 1404-1744",1404,"Ospitaletto",17127,"Ospitaletto",1,1404,NA,NA,NA,NA
"Ostiano","Ostiano","https://www.senato.it/w3/Biblioteca/catalogoDegliStatutiMedievali.nsf/de148d287da34e08c1256e4c002f1718/2f758146136b102fc1256fa40048d716?OpenDocument","Ostiano I 1, I - Statuti dei comuni, 1451-1603",1451,"Ostiano","Ostiano","Ostiano I 1, I - Statuti dei comuni, 1451-1603",1451,"Ostiano",19064,"Ostiano",1,1451,NA,NA,NA,NA
"Ostianum","Ostianum","https://www.senato.it/w3/Biblioteca/catalogoDegliStatutiMedievali.nsf/de148d287da34e08c1256e4c002f1718/2f758146136b102fc1256fa40048d716?OpenDocument","Ostiano I 1, I - Statuti dei comuni, 1451-1603",1451,"Ostiano","Ostiano","Ostiano I 1, I - Statuti dei comuni, 1451-1603",1451,"Ostiano",19064,"Ostiano",1,1451,NA,NA,NA,NA
"Ostra","Ostra","https://www.senato.it/w3/Biblioteca/catalogoDegliStatutiMedievali.nsf/de148d287da34e08c1256e4c002f1718/61393770a2238573c1256fa40048d77d?OpenDocument","Ostra I 1, I - Statuti dei comuni, 1194-1196",1194,"Ostra","Ostra","Ostra I 1, I - Statuti dei comuni, 1194-1196",1194,"Ostra",42035,"Ostra",1,1194,NA,NA,NA,NA
"Ostra Vetere","Ostra Vetere","https://www.senato.it/w3/Biblioteca/catalogoDegliStatutiMedievali.nsf/de148d287da34e08c1256e4c002f1718/0d2c586c1c7ddb36c1256fa40048d89d?OpenDocument","Ostra Vetere I 1, I - Statuti dei comuni, 1587-1588",1587,"Ostra Vetere","Ostra Vetere","Ostra Vetere I 1, I - Statuti dei comuni, 1587-1588",1587,"Ostra Vetere",42036,"Ostra Vetere",1,1587,NA,NA,NA,NA
"Ostuni","Ostuni","https://www.senato.it/w3/Biblioteca/catalogoDegliStatutiMedievali.nsf/de148d287da34e08c1256e4c002f1718/d253078bf9dfc483c1256fa40048d8c2?OpenDocument","Ostuni I 1, I - Statuti dei comuni, 1463-1508",1463,"Ostuni","Ostuni","Ostuni I 1, I - Statuti dei comuni, 1463-1508",1463,"Ostuni",74012,"Ostuni",1,1463,NA,NA,NA,NA
"Ostunium","Ostunium","https://www.senato.it/w3/Biblioteca/catalogoDegliStatutiMedievali.nsf/de148d287da34e08c1256e4c002f1718/d253078bf9dfc483c1256fa40048d8c2?OpenDocument","Ostuni I 1, I - Statuti dei comuni, 1463-1508",1463,"Ostuni","Ostuni","Ostuni I 1, I - Statuti dei comuni, 1463-1508",1463,"Ostuni",74012,"Ostuni",1,1463,NA,NA,NA,NA
"Otricoli","Otricoli","https://www.senato.it/w3/Biblioteca/catalogoDegliStatutiMedievali.nsf/de148d287da34e08c1256e4c002f1718/9b49c75c2b7eb14fc1256fa40048d8fa?OpenDocument","Otricoli I 1, I - Statuti dei comuni, 1576-1764",1576,"Otricoli","Otricoli","Otricoli I 1, I - Statuti dei comuni, 1576-1764",1576,"Otricoli",55024,"Otricoli",1,1576,NA,NA,NA,NA
"Otriculum","Otriculum","https://www.senato.it/w3/Biblioteca/catalogoDegliStatutiMedievali.nsf/de148d287da34e08c1256e4c002f1718/9b49c75c2b7eb14fc1256fa40048d8fa?OpenDocument","Otricoli I 1, I - Statuti dei comuni, 1576-1764",1576,"Otricoli","Otricoli","Otricoli I 1, I - Statuti dei comuni, 1576-1764",1576,"Otricoli",55024,"Otricoli",1,1576,NA,NA,NA,NA
"Otteglio","Otteglio","https://www.senato.it/w3/Biblioteca/catalogoDegliStatutiMedievali.nsf/de148d287da34e08c1256e4c002f1718/c556f503b7e7337ac1256fa40048d928?OpenDocument","Ottiglio I 1, I - Statuti dei comuni, 1494-1512",1494,"Ottiglio","Ottiglio","Ottiglio I 1, I - Statuti dei comuni, 1494-1512",1494,"Ottiglio",6120,"Ottiglio",1,1494,NA,NA,NA,NA
"Ottiglio","Ottiglio","https://www.senato.it/w3/Biblioteca/catalogoDegliStatutiMedievali.nsf/de148d287da34e08c1256e4c002f1718/c556f503b7e7337ac1256fa40048d928?OpenDocument","Ottiglio I 1, I - Statuti dei comuni, 1494-1512",1494,"Ottiglio","Ottiglio","Ottiglio I 1, I - Statuti dei comuni, 1494-1512",1494,"Ottiglio",6120,"Ottiglio",1,1494,NA,NA,NA,NA
"Ousognia","Ousognia","https://www.senato.it/w3/Biblioteca/catalogoDegliStatutiMedievali.nsf/de148d287da34e08c1256e4c002f1718/e4c0f10147e44047c1256fa40048d96b?OpenDocument","Ozegna I 1, I - Statuti dei comuni, 1432-1458",1432,"Ozegna","Ozegna","Ozegna I 1, I - Statuti dei comuni, 1432-1458",1432,"Ozegna",1176,"Ozegna",1,1432,NA,NA,NA,NA
"Oximianum","Oximianum","https://www.senato.it/w3/Biblioteca/catalogoDegliStatutiMedievali.nsf/de148d287da34e08c1256e4c002f1718/84dcd5bd030af4eec1256fa40048cd31?OpenDocument","Occimiano I 1, I - Statuti dei comuni, 1389-1582",1389,"Occimiano","Occimiano","Occimiano I 1, I - Statuti dei comuni, 1389-1582",1389,"Occimiano",6115,"Occimiano",1,1389,NA,NA,NA,NA
"Ozegna","Ozegna","https://www.senato.it/w3/Biblioteca/catalogoDegliStatutiMedievali.nsf/de148d287da34e08c1256e4c002f1718/e4c0f10147e44047c1256fa40048d96b?OpenDocument","Ozegna I 1, I - Statuti dei comuni, 1432-1458",1432,"Ozegna","Ozegna","Ozegna I 1, I - Statuti dei comuni, 1432-1458",1432,"Ozegna",1176,"Ozegna",1,1432,NA,NA,NA,NA
"Ozicimiano","Ozicimiano","https://www.senato.it/w3/Biblioteca/catalogoDegliStatutiMedievali.nsf/de148d287da34e08c1256e4c002f1718/84dcd5bd030af4eec1256fa40048cd31?OpenDocument","Occimiano I 1, I - Statuti dei comuni, 1389-1582",1389,"Occimiano","Occimiano","Occimiano I 1, I - Statuti dei comuni, 1389-1582",1389,"Occimiano",6115,"Occimiano",1,1389,NA,NA,NA,NA
"Pactae","Pactae","https://www.senato.it/w3/Biblioteca/catalogoDegliStatutiMedievali.nsf/de148d287da34e08c1256e4c002f1718/9c08643ed492879ec1256fa40048f003?OpenDocument","Patti I 1, I - Statuti dei comuni, 1312",1312,"Patti","Patti","Patti I 1, I - Statuti dei comuni, 1312",1312,"Patti",83066,"Patti",1,1312,NA,NA,NA,NA
"Padergnone","Padergnone","https://www.senato.it/w3/Biblioteca/catalogoDegliStatutiMedievali.nsf/de148d287da34e08c1256e4c002f1718/0a1215445561b7dec1256fa40048d982?OpenDocument","Padergnone I 1, I - Statuti dei comuni, 1420-1787",1420,"Padergnone","Padergnone","Padergnone I 1, I - Statuti dei comuni, 1420-1787",1420,"Padergnone",22132,"Padergnone",1,1420,NA,NA,NA,NA
"Padoa","Padoa","https://www.senato.it/w3/Biblioteca/catalogoDegliStatutiMedievali.nsf/de148d287da34e08c1256e4c002f1718/e7bd56e336da6395c1256fa40048d9ac?OpenDocument","Padova I 1, I - Statuti dei comuni, 1215-1608",1215,"Padova","Padova","Padova I 1, I - Statuti dei comuni, 1215-1608",1215,"Padova",28060,"Padova",1,1215,NA,NA,NA,NA
"Padonum","Padonum","https://www.senato.it/w3/Biblioteca/catalogoDegliStatutiMedievali.nsf/de148d287da34e08c1256e4c002f1718/601177219ed40710c1256fa40048f677?OpenDocument","Pavone Canavese I 1, I - Statuti dei comuni, 1326-1507",1326,"Pavone Canavese","Pavone Canavese","Pavone Canavese I 1, I - Statuti dei comuni, 1326-1507",1326,"Pavone Canavese",1181,"Pavone Canavese",1,1326,NA,NA,NA,NA
"Padova","Padova","https://www.senato.it/w3/Biblioteca/catalogoDegliStatutiMedievali.nsf/de148d287da34e08c1256e4c002f1718/e7bd56e336da6395c1256fa40048d9ac?OpenDocument","Padova I 1, I - Statuti dei comuni, 1215-1608",1215,"Padova","Padova","Padova I 1, I - Statuti dei comuni, 1215-1608",1215,"Padova",28060,"Padova",1,1215,NA,NA,NA,NA
"Padua","Padua","https://www.senato.it/w3/Biblioteca/catalogoDegliStatutiMedievali.nsf/de148d287da34e08c1256e4c002f1718/e7bd56e336da6395c1256fa40048d9ac?OpenDocument","Padova I 1, I - Statuti dei comuni, 1215-1608",1215,"Padova","Padova","Padova I 1, I - Statuti dei comuni, 1215-1608",1215,"Padova",28060,"Padova",1,1215,NA,NA,NA,NA
"Padula","Padula","https://www.senato.it/w3/Biblioteca/catalogoDegliStatutiMedievali.nsf/de148d287da34e08c1256e4c002f1718/eb488a4b58bc6c00c1256fa40048e155?OpenDocument","Padula I 1, I - Statuti dei comuni, 1451-1647",1451,"Padula","Padula","Padula I 1, I - Statuti dei comuni, 1451-1647",1451,"Padula",65087,"Padula",1,1451,NA,NA,NA,NA
"Pagno","Pagno","https://www.senato.it/w3/Biblioteca/catalogoDegliStatutiMedievali.nsf/de148d287da34e08c1256e4c002f1718/1e5b5b682a943aa4c1256fa40048e209?OpenDocument","Pagno I 1, I - Statuti dei comuni, 1508",1508,"Pagno","Pagno","Pagno I 1, I - Statuti dei comuni, 1508",1508,"Pagno",4158,"Pagno",1,1508,NA,NA,NA,NA
"Pagnum","Pagnum","https://www.senato.it/w3/Biblioteca/catalogoDegliStatutiMedievali.nsf/de148d287da34e08c1256e4c002f1718/1e5b5b682a943aa4c1256fa40048e209?OpenDocument","Pagno I 1, I - Statuti dei comuni, 1508",1508,"Pagno","Pagno","Pagno I 1, I - Statuti dei comuni, 1508",1508,"Pagno",4158,"Pagno",1,1508,NA,NA,NA,NA
"Palacium Adriani","Palacium Adriani","https://www.senato.it/w3/Biblioteca/catalogoDegliStatutiMedievali.nsf/de148d287da34e08c1256e4c002f1718/9d31135f6913a840c1256fa40048e2c9?OpenDocument","Palazzo Adriano I 1, I - Statuti dei comuni, 1482-1553",1482,"Palazzo Adriano","Palazzo Adriano","Palazzo Adriano I 1, I - Statuti dei comuni, 1482-1553",1482,"Palazzo Adriano",82052,"Palazzo Adriano",1,1482,NA,NA,NA,NA
"Palaia","Palaia","https://www.senato.it/w3/Biblioteca/catalogoDegliStatutiMedievali.nsf/de148d287da34e08c1256e4c002f1718/541f88ac4ce1b41ec12570900043a6f1?OpenDocument","Palaia I 1, I - Statuti dei comuni, 1545-1574",1545,"Palaia","Palaia","Palaia I 1, I - Statuti dei comuni, 1545-1574",1545,"Palaia",50024,"Palaia",1,1545,NA,NA,NA,NA
"Palaria","Palaria","https://www.senato.it/w3/Biblioteca/catalogoDegliStatutiMedievali.nsf/de148d287da34e08c1256e4c002f1718/541f88ac4ce1b41ec12570900043a6f1?OpenDocument","Palaia I 1, I - Statuti dei comuni, 1545-1574",1545,"Palaia","Palaia","Palaia I 1, I - Statuti dei comuni, 1545-1574",1545,"Palaia",50024,"Palaia",1,1545,NA,NA,NA,NA
"Palazzago","Palazzago","https://www.senato.it/w3/Biblioteca/catalogoDegliStatutiMedievali.nsf/de148d287da34e08c1256e4c002f1718/2e6286e7dc6b4270c1256fa40048e299?OpenDocument","Palazzago I 1, I - Statuti dei comuni, 1427-1660",1427,"Palazzago","Palazzago","Palazzago I 1, I - Statuti dei comuni, 1427-1660",1427,"Palazzago",16156,"Palazzago",1,1427,NA,NA,NA,NA
"Palazzo Adriano","Palazzo Adriano","https://www.senato.it/w3/Biblioteca/catalogoDegliStatutiMedievali.nsf/de148d287da34e08c1256e4c002f1718/9d31135f6913a840c1256fa40048e2c9?OpenDocument","Palazzo Adriano I 1, I - Statuti dei comuni, 1482-1553",1482,"Palazzo Adriano","Palazzo Adriano","Palazzo Adriano I 1, I - Statuti dei comuni, 1482-1553",1482,"Palazzo Adriano",82052,"Palazzo Adriano",1,1482,NA,NA,NA,NA
"Palermo","Palermo","https://www.senato.it/w3/Biblioteca/catalogoDegliStatutiMedievali.nsf/de148d287da34e08c1256e4c002f1718/fb16c665dd8eea94c1256fa40048e2ef?OpenDocument","Palermo I 1, I - Statuti dei comuni, 1140-1706",1140,"Palermo","Palermo","Palermo I 1, I - Statuti dei comuni, 1140-1706",1140,"Palermo",82053,"Palermo",1,1140,NA,NA,NA,NA
"Palestrina","Palestrina","https://www.senato.it/w3/Biblioteca/catalogoDegliStatutiMedievali.nsf/de148d287da34e08c1256e4c002f1718/bddae1dc8f457d75c1256fa40048e75d?OpenDocument","Palestrina II1 1, II 1 - Corporazioni",NA,"Palestrina","Palestrina","Palestrina II1 1, II 1 - Corporazioni",NA,"Palestrina",58074,"Palestrina",1,NA,NA,NA,NA,NA
"Paliano","Paliano","https://www.senato.it/w3/Biblioteca/catalogoDegliStatutiMedievali.nsf/de148d287da34e08c1256e4c002f1718/20a15e2c81c32c75c1256fa40048e77e?OpenDocument","Paliano I 1, I - Statuti dei comuni, 1531",1531,"Paliano","Paliano","Paliano I 1, I - Statuti dei comuni, 1531",1531,"Paliano",60046,"Paliano",1,1531,NA,NA,NA,NA
"Palma Campania","Palma Campania","https://www.senato.it/w3/Biblioteca/catalogoDegliStatutiMedievali.nsf/de148d287da34e08c1256e4c002f1718/1c39e03eb18f42d9c1256fa40048e806?OpenDocument","Palma Campania I 1, I - Statuti dei comuni, 1552-1725",1552,"Palma Campania","Palma Campania","Palma Campania I 1, I - Statuti dei comuni, 1552-1725",1552,"Palma Campania",63052,"Palma Campania",1,1552,NA,NA,NA,NA
"Palodum","Palodum","https://www.senato.it/w3/Biblioteca/catalogoDegliStatutiMedievali.nsf/de148d287da34e08c1256e4c002f1718/dd30d35233ced7a0c1256fa40048ef5e?OpenDocument","Paroldo I 1, I - Statuti dei comuni, 1474-1530",1474,"Paroldo","Paroldo","Paroldo I 1, I - Statuti dei comuni, 1474-1530",1474,"Paroldo",4160,"Paroldo",1,1474,NA,NA,NA,NA
"Palombara Sabina","Palombara Sabina","https://www.senato.it/w3/Biblioteca/catalogoDegliStatutiMedievali.nsf/de148d287da34e08c1256e4c002f1718/5aa9c85a0525fb09c1256fa40048e81c?OpenDocument","Palombara Sabina I 1, I - Statuti dei comuni, 1562-1637",1562,"Palombara Sabina","Palombara Sabina","Palombara Sabina I 1, I - Statuti dei comuni, 1562-1637",1562,"Palombara Sabina",58075,"Palombara Sabina",1,1562,NA,NA,NA,NA
"Palumbaria","Palumbaria","https://www.senato.it/w3/Biblioteca/catalogoDegliStatutiMedievali.nsf/de148d287da34e08c1256e4c002f1718/5aa9c85a0525fb09c1256fa40048e81c?OpenDocument","Palombara Sabina I 1, I - Statuti dei comuni, 1562-1637",1562,"Palombara Sabina","Palombara Sabina","Palombara Sabina I 1, I - Statuti dei comuni, 1562-1637",1562,"Palombara Sabina",58075,"Palombara Sabina",1,1562,NA,NA,NA,NA
"Panhormus","Panhormus","https://www.senato.it/w3/Biblioteca/catalogoDegliStatutiMedievali.nsf/de148d287da34e08c1256e4c002f1718/fb16c665dd8eea94c1256fa40048e2ef?OpenDocument","Palermo I 1, I - Statuti dei comuni, 1140-1706",1140,"Palermo","Palermo","Palermo I 1, I - Statuti dei comuni, 1140-1706",1140,"Palermo",82053,"Palermo",1,1140,NA,NA,NA,NA
"Panormus","Panormus","https://www.senato.it/w3/Biblioteca/catalogoDegliStatutiMedievali.nsf/de148d287da34e08c1256e4c002f1718/fb16c665dd8eea94c1256fa40048e2ef?OpenDocument","Palermo I 1, I - Statuti dei comuni, 1140-1706",1140,"Palermo","Palermo","Palermo I 1, I - Statuti dei comuni, 1140-1706",1140,"Palermo",82053,"Palermo",1,1140,NA,NA,NA,NA
"Papia","Papia","https://www.senato.it/w3/Biblioteca/catalogoDegliStatutiMedievali.nsf/de148d287da34e08c1256e4c002f1718/edbb5853e8901fd2c1256fa40048f0ce?OpenDocument","Pavia I 1, I - Statuti dei comuni, 1164",1164,"Pavia","Pavia","Pavia I 1, I - Statuti dei comuni, 1164",1164,"Pavia",18110,"Pavia",1,1164,NA,NA,NA,NA
"Pardrignonum","Pardrignonum","https://www.senato.it/w3/Biblioteca/catalogoDegliStatutiMedievali.nsf/de148d287da34e08c1256e4c002f1718/0a1215445561b7dec1256fa40048d982?OpenDocument","Padergnone I 1, I - Statuti dei comuni, 1420-1787",1420,"Padergnone","Padergnone","Padergnone I 1, I - Statuti dei comuni, 1420-1787",1420,"Padergnone",22132,"Padergnone",1,1420,NA,NA,NA,NA
"Parma","Parma","https://www.senato.it/w3/Biblioteca/catalogoDegliStatutiMedievali.nsf/de148d287da34e08c1256e4c002f1718/a760a2c368fde8a1c1256fa40048e8ce?OpenDocument","Parma I 1, I - Statuti dei comuni, 1255-1374",1255,"Parma","Parma","Parma I 1, I - Statuti dei comuni, 1255-1374",1255,"Parma",34027,"Parma",1,1255,NA,NA,NA,NA
"Parodum","Parodum","https://www.senato.it/w3/Biblioteca/catalogoDegliStatutiMedievali.nsf/de148d287da34e08c1256e4c002f1718/dd30d35233ced7a0c1256fa40048ef5e?OpenDocument","Paroldo I 1, I - Statuti dei comuni, 1474-1530",1474,"Paroldo","Paroldo","Paroldo I 1, I - Statuti dei comuni, 1474-1530",1474,"Paroldo",4160,"Paroldo",1,1474,NA,NA,NA,NA
"Paroldo","Paroldo","https://www.senato.it/w3/Biblioteca/catalogoDegliStatutiMedievali.nsf/de148d287da34e08c1256e4c002f1718/dd30d35233ced7a0c1256fa40048ef5e?OpenDocument","Paroldo I 1, I - Statuti dei comuni, 1474-1530",1474,"Paroldo","Paroldo","Paroldo I 1, I - Statuti dei comuni, 1474-1530",1474,"Paroldo",4160,"Paroldo",1,1474,NA,NA,NA,NA
"Paros","Paros","https://www.senato.it/w3/Biblioteca/catalogoDegliStatutiMedievali.nsf/de148d287da34e08c1256e4c002f1718/c3d95a5e30b4f163c1256fa3005eee01?OpenDocument","Lesina I 1, I - Statuti dei comuni, 1331-1643",1331,"Lesina","Lesina","Lesina I 1, I - Statuti dei comuni, 1331-1643",1331,"Lesina",71027,"Lesina",1,1331,NA,NA,NA,NA
"Paruzzario","Paruzzario","https://www.senato.it/w3/Biblioteca/catalogoDegliStatutiMedievali.nsf/de148d287da34e08c1256e4c002f1718/dace10eb77ea591cc1256fa40048ef99?OpenDocument","Paruzzaro I 1, I - Statuti dei comuni, 1366",1366,"Paruzzaro","Paruzzaro","Paruzzaro I 1, I - Statuti dei comuni, 1366",1366,"Paruzzaro",3114,"Paruzzaro",1,1366,NA,NA,NA,NA
"Paruzzarium","Paruzzarium","https://www.senato.it/w3/Biblioteca/catalogoDegliStatutiMedievali.nsf/de148d287da34e08c1256e4c002f1718/dace10eb77ea591cc1256fa40048ef99?OpenDocument","Paruzzaro I 1, I - Statuti dei comuni, 1366",1366,"Paruzzaro","Paruzzaro","Paruzzaro I 1, I - Statuti dei comuni, 1366",1366,"Paruzzaro",3114,"Paruzzaro",1,1366,NA,NA,NA,NA
"Paruzzaro","Paruzzaro","https://www.senato.it/w3/Biblioteca/catalogoDegliStatutiMedievali.nsf/de148d287da34e08c1256e4c002f1718/dace10eb77ea591cc1256fa40048ef99?OpenDocument","Paruzzaro I 1, I - Statuti dei comuni, 1366",1366,"Paruzzaro","Paruzzaro","Paruzzaro I 1, I - Statuti dei comuni, 1366",1366,"Paruzzaro",3114,"Paruzzaro",1,1366,NA,NA,NA,NA
"Patavium","Patavium","https://www.senato.it/w3/Biblioteca/catalogoDegliStatutiMedievali.nsf/de148d287da34e08c1256e4c002f1718/e7bd56e336da6395c1256fa40048d9ac?OpenDocument","Padova I 1, I - Statuti dei comuni, 1215-1608",1215,"Padova","Padova","Padova I 1, I - Statuti dei comuni, 1215-1608",1215,"Padova",28060,"Padova",1,1215,NA,NA,NA,NA
"Patrica","Patrica","https://www.senato.it/w3/Biblioteca/catalogoDegliStatutiMedievali.nsf/de148d287da34e08c1256e4c002f1718/cd625f55729c2b44c1256fa40048efea?OpenDocument","Patrica I 1, I - Statuti dei comuni, 1696",1696,"Patrica","Patrica","Patrica I 1, I - Statuti dei comuni, 1696",1696,"Patrica",60048,"Patrica",1,1696,NA,NA,NA,NA
"Patti","Patti","https://www.senato.it/w3/Biblioteca/catalogoDegliStatutiMedievali.nsf/de148d287da34e08c1256e4c002f1718/9c08643ed492879ec1256fa40048f003?OpenDocument","Patti I 1, I - Statuti dei comuni, 1312",1312,"Patti","Patti","Patti I 1, I - Statuti dei comuni, 1312",1312,"Patti",83066,"Patti",1,1312,NA,NA,NA,NA
"Pausula","Pausula","https://www.senato.it/w3/Biblioteca/catalogoDegliStatutiMedievali.nsf/de148d287da34e08c1256e4c002f1718/9b0d67e565860cbcc1256f9a0056e1f2?OpenDocument","Corridonia I 1, I - Statuti dei comuni, 1219-1340",1219,"Corridonia","Corridonia","Corridonia I 1, I - Statuti dei comuni, 1219-1340",1219,"Corridonia",43015,"Corridonia",1,1219,NA,NA,NA,NA
"Pava","Pava","https://www.senato.it/w3/Biblioteca/catalogoDegliStatutiMedievali.nsf/de148d287da34e08c1256e4c002f1718/e7bd56e336da6395c1256fa40048d9ac?OpenDocument","Padova I 1, I - Statuti dei comuni, 1215-1608",1215,"Padova","Padova","Padova I 1, I - Statuti dei comuni, 1215-1608",1215,"Padova",28060,"Padova",1,1215,NA,NA,NA,NA
"Pavia","Pavia","https://www.senato.it/w3/Biblioteca/catalogoDegliStatutiMedievali.nsf/de148d287da34e08c1256e4c002f1718/edbb5853e8901fd2c1256fa40048f0ce?OpenDocument","Pavia I 1, I - Statuti dei comuni, 1164",1164,"Pavia","Pavia","Pavia I 1, I - Statuti dei comuni, 1164",1164,"Pavia",18110,"Pavia",1,1164,NA,NA,NA,NA
"Pavone Canavese","Pavone Canavese","https://www.senato.it/w3/Biblioteca/catalogoDegliStatutiMedievali.nsf/de148d287da34e08c1256e4c002f1718/601177219ed40710c1256fa40048f677?OpenDocument","Pavone Canavese I 1, I - Statuti dei comuni, 1326-1507",1326,"Pavone Canavese","Pavone Canavese","Pavone Canavese I 1, I - Statuti dei comuni, 1326-1507",1326,"Pavone Canavese",1181,"Pavone Canavese",1,1326,NA,NA,NA,NA
"Pavullo nel Frignano","Pavullo nel Frignano","https://www.senato.it/w3/Biblioteca/catalogoDegliStatutiMedievali.nsf/de148d287da34e08c1256e4c002f1718/483c92a7282f8b44c1256fa40048f6ad?OpenDocument","Pavullo nel Frignano I 1, I - Statuti dei comuni, 1547-1785",1547,"Pavullo nel Frignano","Pavullo nel Frignano","Pavullo nel Frignano I 1, I - Statuti dei comuni, 1547-1785",1547,"Pavullo nel Frignano",36030,"Pavullo nel Frignano",1,1547,NA,NA,NA,NA
"Pectoranum","Pectoranum","https://www.senato.it/w3/Biblioteca/catalogoDegliStatutiMedievali.nsf/de148d287da34e08c1256e4c002f1718/761213cb45b8b926c1256fa400490342?OpenDocument","Pettorano sul Gizio I 1, I - Statuti dei comuni, 1494",1494,"Pettorano sul Gizio","Pettorano sul Gizio","Pettorano sul Gizio I 1, I - Statuti dei comuni, 1494",1494,"Pettorano sul Gizio",66071,"Pettorano sul Gizio",1,1494,NA,NA,NA,NA
"Pedemonte","Pedemonte","https://www.senato.it/w3/Biblioteca/catalogoDegliStatutiMedievali.nsf/de148d287da34e08c1256e4c002f1718/1655e0426b12f1f5c1256fa40048f6f8?OpenDocument","Pedemonte I 1, I - Statuti dei comuni, 1473-1500",1473,"Pedemonte","Pedemonte","Pedemonte I 1, I - Statuti dei comuni, 1473-1500",1473,"Pedemonte",24076,"Pedemonte",1,1473,NA,NA,NA,NA
"Peglio","Peglio","https://www.senato.it/w3/Biblioteca/catalogoDegliStatutiMedievali.nsf/de148d287da34e08c1256e4c002f1718/794754a9e7884d24c1256fa40048f727?OpenDocument","Peglio I 1, I - Statuti dei comuni, 1617-1677",1617,"Peglio","Peglio","Peglio I 1, I - Statuti dei comuni, 1617-1677",1617,"Peglio",13178,"Peglio",1,1617,NA,NA,NA,NA
"Penna di Montefeltro","Penna di Montefeltro","https://www.senato.it/w3/Biblioteca/catalogoDegliStatutiMedievali.nsf/de148d287da34e08c1256e4c002f1718/318dcdce1030a3d2c1256fa40048f742?OpenDocument","Pennabilli I 1, I - Statuti dei comuni, 1756",1756,"Pennabilli","Pennabilli","Pennabilli I 1, I - Statuti dei comuni, 1756",1756,"Pennabilli",99024,"Pennabilli",1,1756,NA,NA,NA,NA
"Penna San Giovanni","Penna San Giovanni","https://www.senato.it/w3/Biblioteca/catalogoDegliStatutiMedievali.nsf/de148d287da34e08c1256e4c002f1718/fa2ed29749c352c8c125709000490c3e?OpenDocument","Penna San Giovanni I 1, I - Statuti dei comuni, 1248-1524",1248,"Penna San Giovanni","Penna San Giovanni","Penna San Giovanni I 1, I - Statuti dei comuni, 1248-1524",1248,"Penna San Giovanni",43035,"Penna San Giovanni",1,1248,NA,NA,NA,NA
"Pennabilli","Pennabilli","https://www.senato.it/w3/Biblioteca/catalogoDegliStatutiMedievali.nsf/de148d287da34e08c1256e4c002f1718/318dcdce1030a3d2c1256fa40048f742?OpenDocument","Pennabilli I 1, I - Statuti dei comuni, 1756",1756,"Pennabilli","Pennabilli","Pennabilli I 1, I - Statuti dei comuni, 1756",1756,"Pennabilli",99024,"Pennabilli",1,1756,NA,NA,NA,NA
"Penne","Penne","https://www.senato.it/w3/Biblioteca/catalogoDegliStatutiMedievali.nsf/de148d287da34e08c1256e4c002f1718/f8721ce71c894e08c1256fa40048f795?OpenDocument","Penne I 1, I - Statuti dei comuni, 1457-1548",1457,"Penne","Penne","Penne I 1, I - Statuti dei comuni, 1457-1548",1457,"Penne",68027,"Penne",1,1457,NA,NA,NA,NA
"Pergamum","Pergamum","https://www.senato.it/w3/Biblioteca/catalogoDegliStatutiMedievali.nsf/de148d287da34e08c1256e4c002f1718/cbe15330b6d47ea0c1256f9a00422d2f?OpenDocument","Bergamo I 1, I - Statuti dei comuni, 1217-1577",1217,"Bergamo","Bergamo","Bergamo I 1, I - Statuti dei comuni, 1217-1577",1217,"Bergamo",16024,"Bergamo",1,1217,NA,NA,NA,NA
"Pergola","Pergola","https://www.senato.it/w3/Biblioteca/catalogoDegliStatutiMedievali.nsf/de148d287da34e08c1256e4c002f1718/15492b16ceda0294c1256fa40048f848?OpenDocument","Pergola I 1, I - Statuti dei comuni, 1508-1752",1508,"Pergola","Pergola","Pergola I 1, I - Statuti dei comuni, 1508-1752",1508,"Pergola",41043,"Pergola",1,1508,NA,NA,NA,NA
"Pergula","Pergula","https://www.senato.it/w3/Biblioteca/catalogoDegliStatutiMedievali.nsf/de148d287da34e08c1256e4c002f1718/15492b16ceda0294c1256fa40048f848?OpenDocument","Pergola I 1, I - Statuti dei comuni, 1508-1752",1508,"Pergola","Pergola","Pergola I 1, I - Statuti dei comuni, 1508-1752",1508,"Pergola",41043,"Pergola",1,1508,NA,NA,NA,NA
"Pernumia","Pernumia","https://www.senato.it/w3/Biblioteca/catalogoDegliStatutiMedievali.nsf/de148d287da34e08c1256e4c002f1718/9515bd469b7bfb4fc1256fa40048f887?OpenDocument","Pernumia I 1, I - Statuti dei comuni, 1225-1315",1225,"Pernumia","Pernumia","Pernumia I 1, I - Statuti dei comuni, 1225-1315",1225,"Pernumia",28061,"Pernumia",1,1225,NA,NA,NA,NA
"Peroscia","Peroscia","https://www.senato.it/w3/Biblioteca/catalogoDegliStatutiMedievali.nsf/de148d287da34e08c1256e4c002f1718/897b76deb80f46c2c1256fa40048f8ca?OpenDocument","Perugia I 1, I - Statuti dei comuni, 1058-1307",1058,"Perugia","Perugia","Perugia I 1, I - Statuti dei comuni, 1058-1307",1058,"Perugia",54039,"Perugia",1,1058,NA,NA,NA,NA
"Perugia","Perugia","https://www.senato.it/w3/Biblioteca/catalogoDegliStatutiMedievali.nsf/de148d287da34e08c1256e4c002f1718/897b76deb80f46c2c1256fa40048f8ca?OpenDocument","Perugia I 1, I - Statuti dei comuni, 1058-1307",1058,"Perugia","Perugia","Perugia I 1, I - Statuti dei comuni, 1058-1307",1058,"Perugia",54039,"Perugia",1,1058,NA,NA,NA,NA
"Perusia","Perusia","https://www.senato.it/w3/Biblioteca/catalogoDegliStatutiMedievali.nsf/de148d287da34e08c1256e4c002f1718/897b76deb80f46c2c1256fa40048f8ca?OpenDocument","Perugia I 1, I - Statuti dei comuni, 1058-1307",1058,"Perugia","Perugia","Perugia I 1, I - Statuti dei comuni, 1058-1307",1058,"Perugia",54039,"Perugia",1,1058,NA,NA,NA,NA
"Perusium","Perusium","https://www.senato.it/w3/Biblioteca/catalogoDegliStatutiMedievali.nsf/de148d287da34e08c1256e4c002f1718/897b76deb80f46c2c1256fa40048f8ca?OpenDocument","Perugia I 1, I - Statuti dei comuni, 1058-1307",1058,"Perugia","Perugia","Perugia I 1, I - Statuti dei comuni, 1058-1307",1058,"Perugia",54039,"Perugia",1,1058,NA,NA,NA,NA
"Pesaro","Pesaro","https://www.senato.it/w3/Biblioteca/catalogoDegliStatutiMedievali.nsf/de148d287da34e08c1256e4c002f1718/e837643c60385a9dc1256fa400490092?OpenDocument","Pesaro I 1, I - Statuti dei comuni, 1530-1531",1530,"Pesaro","Pesaro","Pesaro I 1, I - Statuti dei comuni, 1530-1531",1530,"Pesaro",41044,"Pesaro",1,1530,NA,NA,NA,NA
"Pescasseroli","Pescasseroli","https://www.senato.it/w3/Biblioteca/catalogoDegliStatutiMedievali.nsf/de148d287da34e08c1256e4c002f1718/73bf5c31be25b98bc1256fa400490205?OpenDocument","Pescasseroli I 1, I - Statuti dei comuni, sec. XV-XVI",NA,"Pescasseroli","Pescasseroli","Pescasseroli I 1, I - Statuti dei comuni, sec. XV-XVI",NA,"Pescasseroli",66068,"Pescasseroli",1,NA,NA,NA,NA,NA
"Peschiera del Garda","Peschiera del Garda","https://www.senato.it/w3/Biblioteca/catalogoDegliStatutiMedievali.nsf/de148d287da34e08c1256e4c002f1718/27b387848450ceeac1256fa400490227?OpenDocument","Peschiera del Garda I 1, I - Statuti dei comuni, 1441-1753",1441,"Peschiera del Garda","Peschiera del Garda","Peschiera del Garda I 1, I - Statuti dei comuni, 1441-1753",1441,"Peschiera del Garda",23059,"Peschiera del Garda",1,1441,NA,NA,NA,NA
"Peschio Constanzo","Peschio Constanzo","https://www.senato.it/w3/Biblioteca/catalogoDegliStatutiMedievali.nsf/de148d287da34e08c1256e4c002f1718/a3854c32fc2f7386c1256fa400490290?OpenDocument","Pescocostanzo I 1, I - Statuti dei comuni, 1464-1497",1464,"Pescocostanzo","Pescocostanzo","Pescocostanzo I 1, I - Statuti dei comuni, 1464-1497",1464,"Pescocostanzo",66070,"Pescocostanzo",1,1464,NA,NA,NA,NA
"Peschisolido","Peschisolido","https://www.senato.it/w3/Biblioteca/catalogoDegliStatutiMedievali.nsf/de148d287da34e08c1256e4c002f1718/3b6f6ee24e2e519fc1256fa4004902ec?OpenDocument","Pescosolido I 1, I - Statuti dei comuni, 1517",1517,"Pescosolido","Pescosolido","Pescosolido I 1, I - Statuti dei comuni, 1517",1517,"Pescosolido",60049,"Pescosolido",1,1517,NA,NA,NA,NA
"Peschium Constancium","Peschium Constancium","https://www.senato.it/w3/Biblioteca/catalogoDegliStatutiMedievali.nsf/de148d287da34e08c1256e4c002f1718/a3854c32fc2f7386c1256fa400490290?OpenDocument","Pescocostanzo I 1, I - Statuti dei comuni, 1464-1497",1464,"Pescocostanzo","Pescocostanzo","Pescocostanzo I 1, I - Statuti dei comuni, 1464-1497",1464,"Pescocostanzo",66070,"Pescocostanzo",1,1464,NA,NA,NA,NA
"Pescia","Pescia","https://www.senato.it/w3/Biblioteca/catalogoDegliStatutiMedievali.nsf/de148d287da34e08c1256e4c002f1718/66072db36787480bc1256fa400490275?OpenDocument","Pescia I 1, I - Statuti dei comuni, 1339",1339,"Pescia","Pescia","Pescia I 1, I - Statuti dei comuni, 1339",1339,"Pescia",47012,"Pescia",1,1339,NA,NA,NA,NA
"Pesclum Sodolum","Pesclum Sodolum","https://www.senato.it/w3/Biblioteca/catalogoDegliStatutiMedievali.nsf/de148d287da34e08c1256e4c002f1718/3b6f6ee24e2e519fc1256fa4004902ec?OpenDocument","Pescosolido I 1, I - Statuti dei comuni, 1517",1517,"Pescosolido","Pescosolido","Pescosolido I 1, I - Statuti dei comuni, 1517",1517,"Pescosolido",60049,"Pescosolido",1,1517,NA,NA,NA,NA
"Pescocostanzo","Pescocostanzo","https://www.senato.it/w3/Biblioteca/catalogoDegliStatutiMedievali.nsf/de148d287da34e08c1256e4c002f1718/a3854c32fc2f7386c1256fa400490290?OpenDocument","Pescocostanzo I 1, I - Statuti dei comuni, 1464-1497",1464,"Pescocostanzo","Pescocostanzo","Pescocostanzo I 1, I - Statuti dei comuni, 1464-1497",1464,"Pescocostanzo",66070,"Pescocostanzo",1,1464,NA,NA,NA,NA
"Pescosolido","Pescosolido","https://www.senato.it/w3/Biblioteca/catalogoDegliStatutiMedievali.nsf/de148d287da34e08c1256e4c002f1718/3b6f6ee24e2e519fc1256fa4004902ec?OpenDocument","Pescosolido I 1, I - Statuti dei comuni, 1517",1517,"Pescosolido","Pescosolido","Pescosolido I 1, I - Statuti dei comuni, 1517",1517,"Pescosolido",60049,"Pescosolido",1,1517,NA,NA,NA,NA
"Pesculum Asserulum","Pesculum Asserulum","https://www.senato.it/w3/Biblioteca/catalogoDegliStatutiMedievali.nsf/de148d287da34e08c1256e4c002f1718/73bf5c31be25b98bc1256fa400490205?OpenDocument","Pescasseroli I 1, I - Statuti dei comuni, sec. XV-XVI",NA,"Pescasseroli","Pescasseroli","Pescasseroli I 1, I - Statuti dei comuni, sec. XV-XVI",NA,"Pescasseroli",66068,"Pescasseroli",1,NA,NA,NA,NA,NA
"Pesculum Constantium","Pesculum Constantium","https://www.senato.it/w3/Biblioteca/catalogoDegliStatutiMedievali.nsf/de148d287da34e08c1256e4c002f1718/a3854c32fc2f7386c1256fa400490290?OpenDocument","Pescocostanzo I 1, I - Statuti dei comuni, 1464-1497",1464,"Pescocostanzo","Pescocostanzo","Pescocostanzo I 1, I - Statuti dei comuni, 1464-1497",1464,"Pescocostanzo",66070,"Pescocostanzo",1,1464,NA,NA,NA,NA
"Petigliano","Petigliano","https://www.senato.it/w3/Biblioteca/catalogoDegliStatutiMedievali.nsf/de148d287da34e08c1256e4c002f1718/3fc98d91119dd4d9c1256fa4004918f9?OpenDocument","Pitigliano I 1, I - Statuti dei comuni, sec. XVI",NA,"Pitigliano","Pitigliano","Pitigliano I 1, I - Statuti dei comuni, sec. XVI",NA,"Pitigliano",53019,"Pitigliano",1,NA,NA,NA,NA,NA
"Petinascum","Petinascum","https://www.senato.it/w3/Biblioteca/catalogoDegliStatutiMedievali.nsf/de148d287da34e08c1256e4c002f1718/7400400820870a4ac1256fa400490324?OpenDocument","Pettenasco I 1, I - Statuti dei comuni, 1443",1443,"Pettenasco","Pettenasco","Pettenasco I 1, I - Statuti dei comuni, 1443",1443,"Pettenasco",3116,"Pettenasco",1,1443,NA,NA,NA,NA
"Petra Appii","Petra Appii","https://www.senato.it/w3/Biblioteca/catalogoDegliStatutiMedievali.nsf/de148d287da34e08c1256e4c002f1718/93ae373021e0f320c1256fa400492303?OpenDocument","Predappio I 1, I - Statuti dei comuni, 1383-1421",1383,"Predappio","Predappio","Predappio I 1, I - Statuti dei comuni, 1383-1421",1383,"Predappio",40032,"Predappio",1,1383,NA,NA,NA,NA
"Petra Appli","Petra Appli","https://www.senato.it/w3/Biblioteca/catalogoDegliStatutiMedievali.nsf/de148d287da34e08c1256e4c002f1718/93ae373021e0f320c1256fa400492303?OpenDocument","Predappio I 1, I - Statuti dei comuni, 1383-1421",1383,"Predappio","Predappio","Predappio I 1, I - Statuti dei comuni, 1383-1421",1383,"Predappio",40032,"Predappio",1,1383,NA,NA,NA,NA
"Petra Vairana","Petra Vairana","https://www.senato.it/w3/Biblioteca/catalogoDegliStatutiMedievali.nsf/de148d287da34e08c1256e4c002f1718/bb10a5333fffcbbbc1256fa400490c83?OpenDocument","Pietravairano I 1, I - Statuti dei comuni, 1544-1580",1544,"Pietravairano","Pietravairano","Pietravairano I 1, I - Statuti dei comuni, 1544-1580",1544,"Pietravairano",61059,"Pietravairano",1,1544,NA,NA,NA,NA
"Petramillaria","Petramillaria","https://www.senato.it/w3/Biblioteca/catalogoDegliStatutiMedievali.nsf/de148d287da34e08c1256e4c002f1718/3d61216173763721c1256fa400490c4a?OpenDocument","Pietramelara I 1, I - Statuti dei comuni, 1545-1565",1545,"Pietramelara","Pietramelara","Pietramelara I 1, I - Statuti dei comuni, 1545-1565",1545,"Pietramelara",61058,"Pietramelara",1,1545,NA,NA,NA,NA
"Petremellaria","Petremellaria","https://www.senato.it/w3/Biblioteca/catalogoDegliStatutiMedievali.nsf/de148d287da34e08c1256e4c002f1718/3d61216173763721c1256fa400490c4a?OpenDocument","Pietramelara I 1, I - Statuti dei comuni, 1545-1565",1545,"Pietramelara","Pietramelara","Pietramelara I 1, I - Statuti dei comuni, 1545-1565",1545,"Pietramelara",61058,"Pietramelara",1,1545,NA,NA,NA,NA
"Petriolo","Petriolo","https://www.senato.it/w3/Biblioteca/catalogoDegliStatutiMedievali.nsf/de148d287da34e08c1256e4c002f1718/ee5fa44dfe306bd2c1256fa400490311?OpenDocument","Petriolo I 1, I - Statuti dei comuni, 1292",1292,"Petriolo","Petriolo","Petriolo I 1, I - Statuti dei comuni, 1292",1292,"Petriolo",43036,"Petriolo",1,1292,NA,NA,NA,NA
"Pettenasco","Pettenasco","https://www.senato.it/w3/Biblioteca/catalogoDegliStatutiMedievali.nsf/de148d287da34e08c1256e4c002f1718/7400400820870a4ac1256fa400490324?OpenDocument","Pettenasco I 1, I - Statuti dei comuni, 1443",1443,"Pettenasco","Pettenasco","Pettenasco I 1, I - Statuti dei comuni, 1443",1443,"Pettenasco",3116,"Pettenasco",1,1443,NA,NA,NA,NA
"Pettorano sul Gizio","Pettorano sul Gizio","https://www.senato.it/w3/Biblioteca/catalogoDegliStatutiMedievali.nsf/de148d287da34e08c1256e4c002f1718/761213cb45b8b926c1256fa400490342?OpenDocument","Pettorano sul Gizio I 1, I - Statuti dei comuni, 1494",1494,"Pettorano sul Gizio","Pettorano sul Gizio","Pettorano sul Gizio I 1, I - Statuti dei comuni, 1494",1494,"Pettorano sul Gizio",66071,"Pettorano sul Gizio",1,1494,NA,NA,NA,NA
"Phanum","Phanum","https://www.senato.it/w3/Biblioteca/catalogoDegliStatutiMedievali.nsf/de148d287da34e08c1256e4c002f1718/773e682ce9e6e43fc1256fa20059f9ef?OpenDocument","Fano I 1, I - Statuti dei comuni, 1367-1463",1367,"Fano","Fano","Fano I 1, I - Statuti dei comuni, 1367-1463",1367,"Fano",41013,"Fano",1,1367,NA,NA,NA,NA
"Phara","Phara","https://www.senato.it/w3/Biblioteca/catalogoDegliStatutiMedievali.nsf/de148d287da34e08c1256e4c002f1718/c3d95a5e30b4f163c1256fa3005eee01?OpenDocument","Lesina I 1, I - Statuti dei comuni, 1331-1643",1331,"Lesina","Lesina","Lesina I 1, I - Statuti dei comuni, 1331-1643",1331,"Lesina",71027,"Lesina",1,1331,NA,NA,NA,NA
"Pharia","Pharia","https://www.senato.it/w3/Biblioteca/catalogoDegliStatutiMedievali.nsf/de148d287da34e08c1256e4c002f1718/c3d95a5e30b4f163c1256fa3005eee01?OpenDocument","Lesina I 1, I - Statuti dei comuni, 1331-1643",1331,"Lesina","Lesina","Lesina I 1, I - Statuti dei comuni, 1331-1643",1331,"Lesina",71027,"Lesina",1,1331,NA,NA,NA,NA
"Pharo","Pharo","https://www.senato.it/w3/Biblioteca/catalogoDegliStatutiMedievali.nsf/de148d287da34e08c1256e4c002f1718/c3d95a5e30b4f163c1256fa3005eee01?OpenDocument","Lesina I 1, I - Statuti dei comuni, 1331-1643",1331,"Lesina","Lesina","Lesina I 1, I - Statuti dei comuni, 1331-1643",1331,"Lesina",71027,"Lesina",1,1331,NA,NA,NA,NA
"Piacenza","Piacenza","https://www.senato.it/w3/Biblioteca/catalogoDegliStatutiMedievali.nsf/de148d287da34e08c1256e4c002f1718/c6e452bd45cd3730c1256fa40049037f?OpenDocument","Piacenza I 1, I - Statuti dei comuni, 1135-1182",1135,"Piacenza","Piacenza","Piacenza I 1, I - Statuti dei comuni, 1135-1182",1135,"Piacenza",33032,"Piacenza",1,1135,NA,NA,NA,NA
"Piana degli Albanesi","Piana degli Albanesi","https://www.senato.it/w3/Biblioteca/catalogoDegliStatutiMedievali.nsf/de148d287da34e08c1256e4c002f1718/6d7581ab5c5be794c1256fa400490aff?OpenDocument","Piana degli Albanesi I 1, I - Statuti dei comuni",NA,"Piana degli Albanesi","Piana degli Albanesi","Piana degli Albanesi I 1, I - Statuti dei comuni",NA,"Piana degli Albanesi",82057,"Piana degli Albanesi",1,NA,NA,NA,NA,NA
"Piana dei Greci","Piana dei Greci","https://www.senato.it/w3/Biblioteca/catalogoDegliStatutiMedievali.nsf/de148d287da34e08c1256e4c002f1718/6d7581ab5c5be794c1256fa400490aff?OpenDocument","Piana degli Albanesi I 1, I - Statuti dei comuni",NA,"Piana degli Albanesi","Piana degli Albanesi","Piana degli Albanesi I 1, I - Statuti dei comuni",NA,"Piana degli Albanesi",82057,"Piana degli Albanesi",1,NA,NA,NA,NA,NA
"Piancastagnaio","Piancastagnaio","https://www.senato.it/w3/Biblioteca/catalogoDegliStatutiMedievali.nsf/de148d287da34e08c1256e4c002f1718/75280f2122c8a83bc1256fa400490b13?OpenDocument","Piancastagnaio I 1, I - Statuti dei comuni",NA,"Piancastagnaio","Piancastagnaio","Piancastagnaio I 1, I - Statuti dei comuni",NA,"Piancastagnaio",52020,"Piancastagnaio",1,NA,NA,NA,NA,NA
"Pianella","Pianella","https://www.senato.it/w3/Biblioteca/catalogoDegliStatutiMedievali.nsf/de148d287da34e08c1256e4c002f1718/06d35b837b2ef0b6c1256fa400490b28?OpenDocument","Pianella I 1, I - Statuti dei comuni, 1549-1569",1549,"Pianella","Pianella","Pianella I 1, I - Statuti dei comuni, 1549-1569",1549,"Pianella",68030,"Pianella",1,1549,NA,NA,NA,NA
"Piazza Armerina","Piazza Armerina","https://www.senato.it/w3/Biblioteca/catalogoDegliStatutiMedievali.nsf/de148d287da34e08c1256e4c002f1718/70dbc44e0c908498c1256fa400490b95?OpenDocument","Piazza Armerina I 1, I - Statuti dei comuni, 1309",1309,"Piazza Armerina","Piazza Armerina","Piazza Armerina I 1, I - Statuti dei comuni, 1309",1309,"Piazza Armerina",86014,"Piazza Armerina",1,1309,NA,NA,NA,NA
"Piczulo","Piczulo","https://www.senato.it/w3/Biblioteca/catalogoDegliStatutiMedievali.nsf/de148d287da34e08c1256e4c002f1718/beb26666eea48a64c1256fa400491994?OpenDocument","Pizzoli I 1, I - Statuti dei comuni, 1462-1484",1462,"Pizzoli","Pizzoli","Pizzoli I 1, I - Statuti dei comuni, 1462-1484",1462,"Pizzoli",66072,"Pizzoli",1,1462,NA,NA,NA,NA
"Pienza","Pienza","https://www.senato.it/w3/Biblioteca/catalogoDegliStatutiMedievali.nsf/de148d287da34e08c1256e4c002f1718/66655ef2636aad50c1256fa400490bd4?OpenDocument","Pienza I 1, I - Statuti dei comuni, 1564",1564,"Pienza","Pienza","Pienza I 1, I - Statuti dei comuni, 1564",1564,"Pienza",52021,"Pienza",1,1564,NA,NA,NA,NA
"Pietrafitta","Pietrafitta","https://www.senato.it/w3/Biblioteca/catalogoDegliStatutiMedievali.nsf/de148d287da34e08c1256e4c002f1718/8912b25846efbb63c1256fa400490bff?OpenDocument","Pietrafitta I 1, I - Statuti dei comuni, 1602",1602,"Pietrafitta","Pietrafitta","Pietrafitta I 1, I - Statuti dei comuni, 1602",1602,"Pietrafitta",78098,"Pietrafitta",1,1602,NA,NA,NA,NA
"Pietralonga","Pietralonga","https://www.senato.it/w3/Biblioteca/catalogoDegliStatutiMedievali.nsf/de148d287da34e08c1256e4c002f1718/941ca84c40d94dd0c1256fa400490c10?OpenDocument","Pietralunga I 1, I - Statuti dei comuni, 1696",1696,"Pietralunga","Pietralunga","Pietralunga I 1, I - Statuti dei comuni, 1696",1696,"Pietralunga",54041,"Pietralunga",1,1696,NA,NA,NA,NA
"Pietralunga","Pietralunga","https://www.senato.it/w3/Biblioteca/catalogoDegliStatutiMedievali.nsf/de148d287da34e08c1256e4c002f1718/941ca84c40d94dd0c1256fa400490c10?OpenDocument","Pietralunga I 1, I - Statuti dei comuni, 1696",1696,"Pietralunga","Pietralunga","Pietralunga I 1, I - Statuti dei comuni, 1696",1696,"Pietralunga",54041,"Pietralunga",1,1696,NA,NA,NA,NA
"Pietramelara","Pietramelara","https://www.senato.it/w3/Biblioteca/catalogoDegliStatutiMedievali.nsf/de148d287da34e08c1256e4c002f1718/3d61216173763721c1256fa400490c4a?OpenDocument","Pietramelara I 1, I - Statuti dei comuni, 1545-1565",1545,"Pietramelara","Pietramelara","Pietramelara I 1, I - Statuti dei comuni, 1545-1565",1545,"Pietramelara",61058,"Pietramelara",1,1545,NA,NA,NA,NA
"Pietrappia","Pietrappia","https://www.senato.it/w3/Biblioteca/catalogoDegliStatutiMedievali.nsf/de148d287da34e08c1256e4c002f1718/93ae373021e0f320c1256fa400492303?OpenDocument","Predappio I 1, I - Statuti dei comuni, 1383-1421",1383,"Predappio","Predappio","Predappio I 1, I - Statuti dei comuni, 1383-1421",1383,"Predappio",40032,"Predappio",1,1383,NA,NA,NA,NA
"Pietrasanta","Pietrasanta","https://www.senato.it/w3/Biblioteca/catalogoDegliStatutiMedievali.nsf/de148d287da34e08c1256e4c002f1718/c23a2825d1998ddec1256fa400490c6d?OpenDocument","Pietrasanta I 1, I - Statuti dei comuni, 1484-1507",1484,"Pietrasanta","Pietrasanta","Pietrasanta I 1, I - Statuti dei comuni, 1484-1507",1484,"Pietrasanta",46024,"Pietrasanta",1,1484,NA,NA,NA,NA
"Pietravairano","Pietravairano","https://www.senato.it/w3/Biblioteca/catalogoDegliStatutiMedievali.nsf/de148d287da34e08c1256e4c002f1718/bb10a5333fffcbbbc1256fa400490c83?OpenDocument","Pietravairano I 1, I - Statuti dei comuni, 1544-1580",1544,"Pietravairano","Pietravairano","Pietravairano I 1, I - Statuti dei comuni, 1544-1580",1544,"Pietravairano",61059,"Pietravairano",1,1544,NA,NA,NA,NA
"Pieve di Bono","Pieve di Bono","https://www.senato.it/w3/Biblioteca/catalogoDegliStatutiMedievali.nsf/de148d287da34e08c1256e4c002f1718/e1f339a8f5aa03b5c1256fa400490ccf?OpenDocument","Pieve di Bono I 1, I - Statuti dei comuni, 1000-1350",1000,"Pieve di Bono","Pieve di Bono","Pieve di Bono I 1, I - Statuti dei comuni, 1000-1350",1000,"Pieve di Bono",22140,"Pieve di Bono",1,1000,NA,NA,NA,NA
"Pieve di Teco","Pieve di Teco","https://www.senato.it/w3/Biblioteca/catalogoDegliStatutiMedievali.nsf/de148d287da34e08c1256e4c002f1718/296b9d4448ae433ec1256fa400490ced?OpenDocument","Pieve di Teco I 1, I - Statuti dei comuni, 1650-1652",1650,"Pieve di Teco","Pieve di Teco","Pieve di Teco I 1, I - Statuti dei comuni, 1650-1652",1650,"Pieve di Teco",8042,"Pieve di Teco",1,1650,NA,NA,NA,NA
"Pieve Santo Stefano","Pieve Santo Stefano","https://www.senato.it/w3/Biblioteca/catalogoDegliStatutiMedievali.nsf/de148d287da34e08c1256e4c002f1718/81fbb41c98537851c1256fa400490d0a?OpenDocument","Pieve Santo Stefano I 1, I - Statuti dei comuni, 1490",1490,"Pieve Santo Stefano","Pieve Santo Stefano","Pieve Santo Stefano I 1, I - Statuti dei comuni, 1490",1490,"Pieve Santo Stefano",51030,"Pieve Santo Stefano",1,1490,NA,NA,NA,NA
"Pileo","Pileo","https://www.senato.it/w3/Biblioteca/catalogoDegliStatutiMedievali.nsf/de148d287da34e08c1256e4c002f1718/794754a9e7884d24c1256fa40048f727?OpenDocument","Peglio I 1, I - Statuti dei comuni, 1617-1677",1617,"Peglio","Peglio","Peglio I 1, I - Statuti dei comuni, 1617-1677",1617,"Peglio",13178,"Peglio",1,1617,NA,NA,NA,NA
"Pinerolium","Pinerolium","https://www.senato.it/w3/Biblioteca/catalogoDegliStatutiMedievali.nsf/de148d287da34e08c1256e4c002f1718/f1206b4511a6ae79c1256fa400490d1a?OpenDocument","Pinerolo I 1, I - Statuti dei comuni, 1220-1529",1220,"Pinerolo","Pinerolo","Pinerolo I 1, I - Statuti dei comuni, 1220-1529",1220,"Pinerolo",1191,"Pinerolo",1,1220,NA,NA,NA,NA
"Pinerolo","Pinerolo","https://www.senato.it/w3/Biblioteca/catalogoDegliStatutiMedievali.nsf/de148d287da34e08c1256e4c002f1718/f1206b4511a6ae79c1256fa400490d1a?OpenDocument","Pinerolo I 1, I - Statuti dei comuni, 1220-1529",1220,"Pinerolo","Pinerolo","Pinerolo I 1, I - Statuti dei comuni, 1220-1529",1220,"Pinerolo",1191,"Pinerolo",1,1220,NA,NA,NA,NA
"Pinna","Pinna","https://www.senato.it/w3/Biblioteca/catalogoDegliStatutiMedievali.nsf/de148d287da34e08c1256e4c002f1718/f8721ce71c894e08c1256fa40048f795?OpenDocument","Penne I 1, I - Statuti dei comuni, 1457-1548",1457,"Penne","Penne","Penne I 1, I - Statuti dei comuni, 1457-1548",1457,"Penne",68027,"Penne",1,1457,NA,NA,NA,NA
"Pinna Billorum","Pinna Billorum","https://www.senato.it/w3/Biblioteca/catalogoDegliStatutiMedievali.nsf/de148d287da34e08c1256e4c002f1718/318dcdce1030a3d2c1256fa40048f742?OpenDocument","Pennabilli I 1, I - Statuti dei comuni, 1756",1756,"Pennabilli","Pennabilli","Pennabilli I 1, I - Statuti dei comuni, 1756",1756,"Pennabilli",99024,"Pennabilli",1,1756,NA,NA,NA,NA
"Pinna Feretrana","Pinna Feretrana","https://www.senato.it/w3/Biblioteca/catalogoDegliStatutiMedievali.nsf/de148d287da34e08c1256e4c002f1718/318dcdce1030a3d2c1256fa40048f742?OpenDocument","Pennabilli I 1, I - Statuti dei comuni, 1756",1756,"Pennabilli","Pennabilli","Pennabilli I 1, I - Statuti dei comuni, 1756",1756,"Pennabilli",99024,"Pennabilli",1,1756,NA,NA,NA,NA
"Piobbico","Piobbico","https://www.senato.it/w3/Biblioteca/catalogoDegliStatutiMedievali.nsf/de148d287da34e08c1256e4c002f1718/89bc2d492b34cd62c1256fa400490e70?OpenDocument","Piobbico I 1, I - Statuti dei comuni, 1518-1662",1518,"Piobbico","Piobbico","Piobbico I 1, I - Statuti dei comuni, 1518-1662",1518,"Piobbico",41049,"Piobbico",1,1518,NA,NA,NA,NA
"Piove di Sacco","Piove di Sacco","https://www.senato.it/w3/Biblioteca/catalogoDegliStatutiMedievali.nsf/de148d287da34e08c1256e4c002f1718/43218d60eeccf937c1256fa400490eac?OpenDocument","Piove di Sacco I 1, I - Statuti dei comuni, 1265-1787",1265,"Piove di Sacco","Piove di Sacco","Piove di Sacco I 1, I - Statuti dei comuni, 1265-1787",1265,"Piove di Sacco",28065,"Piove di Sacco",1,1265,NA,NA,NA,NA
"Piperno","Piperno","https://www.senato.it/w3/Biblioteca/catalogoDegliStatutiMedievali.nsf/de148d287da34e08c1256e4c002f1718/cd18f6971d57b385c1256fa4004923c5?OpenDocument","Priverno I 1, I - Statuti dei comuni, 1604",1604,"Priverno","Priverno","Priverno I 1, I - Statuti dei comuni, 1604",1604,"Priverno",59019,"Priverno",1,1604,NA,NA,NA,NA
"Pisa","Pisa","https://www.senato.it/w3/Biblioteca/catalogoDegliStatutiMedievali.nsf/de148d287da34e08c1256e4c002f1718/e8a9e53b4a465caac1256fa400490f66?OpenDocument","Pisa I 1, I - Statuti dei comuni, 1156-1160",1156,"Pisa","Pisa","Pisa I 1, I - Statuti dei comuni, 1156-1160",1156,"Pisa",50026,"Pisa",1,1156,NA,NA,NA,NA
"Pisae","Pisae","https://www.senato.it/w3/Biblioteca/catalogoDegliStatutiMedievali.nsf/de148d287da34e08c1256e4c002f1718/e8a9e53b4a465caac1256fa400490f66?OpenDocument","Pisa I 1, I - Statuti dei comuni, 1156-1160",1156,"Pisa","Pisa","Pisa I 1, I - Statuti dei comuni, 1156-1160",1156,"Pisa",50026,"Pisa",1,1156,NA,NA,NA,NA
"Pisaurum","Pisaurum","https://www.senato.it/w3/Biblioteca/catalogoDegliStatutiMedievali.nsf/de148d287da34e08c1256e4c002f1718/e837643c60385a9dc1256fa400490092?OpenDocument","Pesaro I 1, I - Statuti dei comuni, 1530-1531",1530,"Pesaro","Pesaro","Pesaro I 1, I - Statuti dei comuni, 1530-1531",1530,"Pesaro",41044,"Pesaro",1,1530,NA,NA,NA,NA
"Pischeria","Pischeria","https://www.senato.it/w3/Biblioteca/catalogoDegliStatutiMedievali.nsf/de148d287da34e08c1256e4c002f1718/27b387848450ceeac1256fa400490227?OpenDocument","Peschiera del Garda I 1, I - Statuti dei comuni, 1441-1753",1441,"Peschiera del Garda","Peschiera del Garda","Peschiera del Garda I 1, I - Statuti dei comuni, 1441-1753",1441,"Peschiera del Garda",23059,"Peschiera del Garda",1,1441,NA,NA,NA,NA
"Piscia","Piscia","https://www.senato.it/w3/Biblioteca/catalogoDegliStatutiMedievali.nsf/de148d287da34e08c1256e4c002f1718/66072db36787480bc1256fa400490275?OpenDocument","Pescia I 1, I - Statuti dei comuni, 1339",1339,"Pescia","Pescia","Pescia I 1, I - Statuti dei comuni, 1339",1339,"Pescia",47012,"Pescia",1,1339,NA,NA,NA,NA
"Pistoia","Pistoia","https://www.senato.it/w3/Biblioteca/catalogoDegliStatutiMedievali.nsf/de148d287da34e08c1256e4c002f1718/bfbde218a4529e51c1256fa4004915ea?OpenDocument","Pistoia I 1, I - Statuti dei comuni",NA,"Pistoia","Pistoia","Pistoia I 1, I - Statuti dei comuni",NA,"Pistoia",47014,"Pistoia",1,NA,NA,NA,NA,NA
"Pistoria","Pistoria","https://www.senato.it/w3/Biblioteca/catalogoDegliStatutiMedievali.nsf/de148d287da34e08c1256e4c002f1718/bfbde218a4529e51c1256fa4004915ea?OpenDocument","Pistoia I 1, I - Statuti dei comuni",NA,"Pistoia","Pistoia","Pistoia I 1, I - Statuti dei comuni",NA,"Pistoia",47014,"Pistoia",1,NA,NA,NA,NA,NA
"Pistorium","Pistorium","https://www.senato.it/w3/Biblioteca/catalogoDegliStatutiMedievali.nsf/de148d287da34e08c1256e4c002f1718/bfbde218a4529e51c1256fa4004915ea?OpenDocument","Pistoia I 1, I - Statuti dei comuni",NA,"Pistoia","Pistoia","Pistoia I 1, I - Statuti dei comuni",NA,"Pistoia",47014,"Pistoia",1,NA,NA,NA,NA,NA
"Pitigliano","Pitigliano","https://www.senato.it/w3/Biblioteca/catalogoDegliStatutiMedievali.nsf/de148d287da34e08c1256e4c002f1718/3fc98d91119dd4d9c1256fa4004918f9?OpenDocument","Pitigliano I 1, I - Statuti dei comuni, sec. XVI",NA,"Pitigliano","Pitigliano","Pitigliano I 1, I - Statuti dei comuni, sec. XVI",NA,"Pitigliano",53019,"Pitigliano",1,NA,NA,NA,NA,NA
"Piuro","Piuro","https://www.senato.it/w3/Biblioteca/catalogoDegliStatutiMedievali.nsf/de148d287da34e08c1256e4c002f1718/248128e7c2a52e39c1256fa40049193c?OpenDocument","Piuro I 1, I - Statuti dei comuni, 1539-1784",1539,"Piuro","Piuro","Piuro I 1, I - Statuti dei comuni, 1539-1784",1539,"Piuro",14050,"Piuro",1,1539,NA,NA,NA,NA
"Piverone","Piverone","https://www.senato.it/w3/Biblioteca/catalogoDegliStatutiMedievali.nsf/de148d287da34e08c1256e4c002f1718/5e835dad8c22bfb4c1256fa40049196d?OpenDocument","Piverone I 1, I - Statuti dei comuni, 1202-1210",1202,"Piverone","Piverone","Piverone I 1, I - Statuti dei comuni, 1202-1210",1202,"Piverone",1196,"Piverone",1,1202,NA,NA,NA,NA
"Pizulo","Pizulo","https://www.senato.it/w3/Biblioteca/catalogoDegliStatutiMedievali.nsf/de148d287da34e08c1256e4c002f1718/beb26666eea48a64c1256fa400491994?OpenDocument","Pizzoli I 1, I - Statuti dei comuni, 1462-1484",1462,"Pizzoli","Pizzoli","Pizzoli I 1, I - Statuti dei comuni, 1462-1484",1462,"Pizzoli",66072,"Pizzoli",1,1462,NA,NA,NA,NA
"Pizzoli","Pizzoli","https://www.senato.it/w3/Biblioteca/catalogoDegliStatutiMedievali.nsf/de148d287da34e08c1256e4c002f1718/beb26666eea48a64c1256fa400491994?OpenDocument","Pizzoli I 1, I - Statuti dei comuni, 1462-1484",1462,"Pizzoli","Pizzoli","Pizzoli I 1, I - Statuti dei comuni, 1462-1484",1462,"Pizzoli",66072,"Pizzoli",1,1462,NA,NA,NA,NA
"Plana","Plana","https://www.senato.it/w3/Biblioteca/catalogoDegliStatutiMedievali.nsf/de148d287da34e08c1256e4c002f1718/6d7581ab5c5be794c1256fa400490aff?OpenDocument","Piana degli Albanesi I 1, I - Statuti dei comuni",NA,"Piana degli Albanesi","Piana degli Albanesi","Piana degli Albanesi I 1, I - Statuti dei comuni",NA,"Piana degli Albanesi",82057,"Piana degli Albanesi",1,NA,NA,NA,NA,NA
"Platea","Platea","https://www.senato.it/w3/Biblioteca/catalogoDegliStatutiMedievali.nsf/de148d287da34e08c1256e4c002f1718/70dbc44e0c908498c1256fa400490b95?OpenDocument","Piazza Armerina I 1, I - Statuti dei comuni, 1309",1309,"Piazza Armerina","Piazza Armerina","Piazza Armerina I 1, I - Statuti dei comuni, 1309",1309,"Piazza Armerina",86014,"Piazza Armerina",1,1309,NA,NA,NA,NA
"Platia","Platia","https://www.senato.it/w3/Biblioteca/catalogoDegliStatutiMedievali.nsf/de148d287da34e08c1256e4c002f1718/70dbc44e0c908498c1256fa400490b95?OpenDocument","Piazza Armerina I 1, I - Statuti dei comuni, 1309",1309,"Piazza Armerina","Piazza Armerina","Piazza Armerina I 1, I - Statuti dei comuni, 1309",1309,"Piazza Armerina",86014,"Piazza Armerina",1,1309,NA,NA,NA,NA
"Plebs Sacci","Plebs Sacci","https://www.senato.it/w3/Biblioteca/catalogoDegliStatutiMedievali.nsf/de148d287da34e08c1256e4c002f1718/43218d60eeccf937c1256fa400490eac?OpenDocument","Piove di Sacco I 1, I - Statuti dei comuni, 1265-1787",1265,"Piove di Sacco","Piove di Sacco","Piove di Sacco I 1, I - Statuti dei comuni, 1265-1787",1265,"Piove di Sacco",28065,"Piove di Sacco",1,1265,NA,NA,NA,NA
"Plebs Teuci","Plebs Teuci","https://www.senato.it/w3/Biblioteca/catalogoDegliStatutiMedievali.nsf/de148d287da34e08c1256e4c002f1718/296b9d4448ae433ec1256fa400490ced?OpenDocument","Pieve di Teco I 1, I - Statuti dei comuni, 1650-1652",1650,"Pieve di Teco","Pieve di Teco","Pieve di Teco I 1, I - Statuti dei comuni, 1650-1652",1650,"Pieve di Teco",8042,"Pieve di Teco",1,1650,NA,NA,NA,NA
"Plobicum","Plobicum","https://www.senato.it/w3/Biblioteca/catalogoDegliStatutiMedievali.nsf/de148d287da34e08c1256e4c002f1718/89bc2d492b34cd62c1256fa400490e70?OpenDocument","Piobbico I 1, I - Statuti dei comuni, 1518-1662",1518,"Piobbico","Piobbico","Piobbico I 1, I - Statuti dei comuni, 1518-1662",1518,"Piobbico",41049,"Piobbico",1,1518,NA,NA,NA,NA
"Podium Bonizi","Podium Bonizi","https://www.senato.it/w3/Biblioteca/catalogoDegliStatutiMedievali.nsf/de148d287da34e08c1256e4c002f1718/689c7b1ab746e075c1256fa4004919d9?OpenDocument","Poggibonsi I 1, I - Statuti dei comuni, 1332-1561",1332,"Poggibonsi","Poggibonsi","Poggibonsi I 1, I - Statuti dei comuni, 1332-1561",1332,"Poggibonsi",52022,"Poggibonsi",1,1332,NA,NA,NA,NA
"Podium Catinus","Podium Catinus","https://www.senato.it/w3/Biblioteca/catalogoDegliStatutiMedievali.nsf/de148d287da34e08c1256e4c002f1718/8d8a4b4271f25f59c1256fa400491a01?OpenDocument","Poggio Catino I 1, I - Statuti dei comuni, 1614-1615",1614,"Poggio Catino","Poggio Catino","Poggio Catino I 1, I - Statuti dei comuni, 1614-1615",1614,"Poggio Catino",57052,"Poggio Catino",1,1614,NA,NA,NA,NA
"Podium Donadei","Podium Donadei","https://www.senato.it/w3/Biblioteca/catalogoDegliStatutiMedievali.nsf/de148d287da34e08c1256e4c002f1718/ac08e545870dae02c1256fa400491a22?OpenDocument","Poggio Nativo I 1, I - Statuti dei comuni, 1548",1548,"Poggio Nativo","Poggio Nativo","Poggio Nativo I 1, I - Statuti dei comuni, 1548",1548,"Poggio Nativo",57055,"Poggio Nativo",1,1548,NA,NA,NA,NA
"Podium Sancti Juliani","Podium Sancti Juliani","https://www.senato.it/w3/Biblioteca/catalogoDegliStatutiMedievali.nsf/de148d287da34e08c1256e4c002f1718/55ac19938cc5380bc1256fa3005fc92b?OpenDocument","Macerata I 1, I - Statuti dei comuni, 1138",1138,"Macerata","Macerata","Macerata I 1, I - Statuti dei comuni, 1138",1138,"Macerata",43023,"Macerata",1,1138,NA,NA,NA,NA
"Podium Varini","Podium Varini","https://www.senato.it/w3/Biblioteca/catalogoDegliStatutiMedievali.nsf/de148d287da34e08c1256e4c002f1718/f933cba5230fe472c1256fa400491a7e?OpenDocument","Poirino I 1, I - Statuti dei comuni, 1372",1372,"Poirino","Poirino","Poirino I 1, I - Statuti dei comuni, 1372",1372,"Poirino",1197,"Poirino",1,1372,NA,NA,NA,NA
"Pofi","Pofi","https://www.senato.it/w3/Biblioteca/catalogoDegliStatutiMedievali.nsf/de148d287da34e08c1256e4c002f1718/2f0083562010bdc5c1256fa4004919ae?OpenDocument","Pofi I 1, I - Statuti dei comuni, 1569-1686",1569,"Pofi","Pofi","Pofi I 1, I - Statuti dei comuni, 1569-1686",1569,"Pofi",60055,"Pofi",1,1569,NA,NA,NA,NA
"Poggibonsi","Poggibonsi","https://www.senato.it/w3/Biblioteca/catalogoDegliStatutiMedievali.nsf/de148d287da34e08c1256e4c002f1718/689c7b1ab746e075c1256fa4004919d9?OpenDocument","Poggibonsi I 1, I - Statuti dei comuni, 1332-1561",1332,"Poggibonsi","Poggibonsi","Poggibonsi I 1, I - Statuti dei comuni, 1332-1561",1332,"Poggibonsi",52022,"Poggibonsi",1,1332,NA,NA,NA,NA
"Poggio Catino","Poggio Catino","https://www.senato.it/w3/Biblioteca/catalogoDegliStatutiMedievali.nsf/de148d287da34e08c1256e4c002f1718/8d8a4b4271f25f59c1256fa400491a01?OpenDocument","Poggio Catino I 1, I - Statuti dei comuni, 1614-1615",1614,"Poggio Catino","Poggio Catino","Poggio Catino I 1, I - Statuti dei comuni, 1614-1615",1614,"Poggio Catino",57052,"Poggio Catino",1,1614,NA,NA,NA,NA
"Poggio Nativo","Poggio Nativo","https://www.senato.it/w3/Biblioteca/catalogoDegliStatutiMedievali.nsf/de148d287da34e08c1256e4c002f1718/ac08e545870dae02c1256fa400491a22?OpenDocument","Poggio Nativo I 1, I - Statuti dei comuni, 1548",1548,"Poggio Nativo","Poggio Nativo","Poggio Nativo I 1, I - Statuti dei comuni, 1548",1548,"Poggio Nativo",57055,"Poggio Nativo",1,1548,NA,NA,NA,NA
"Poggio San Giuliano","Poggio San Giuliano","https://www.senato.it/w3/Biblioteca/catalogoDegliStatutiMedievali.nsf/de148d287da34e08c1256e4c002f1718/55ac19938cc5380bc1256fa3005fc92b?OpenDocument","Macerata I 1, I - Statuti dei comuni, 1138",1138,"Macerata","Macerata","Macerata I 1, I - Statuti dei comuni, 1138",1138,"Macerata",43023,"Macerata",1,1138,NA,NA,NA,NA
"Poirino","Poirino","https://www.senato.it/w3/Biblioteca/catalogoDegliStatutiMedievali.nsf/de148d287da34e08c1256e4c002f1718/f933cba5230fe472c1256fa400491a7e?OpenDocument","Poirino I 1, I - Statuti dei comuni, 1372",1372,"Poirino","Poirino","Poirino I 1, I - Statuti dei comuni, 1372",1372,"Poirino",1197,"Poirino",1,1372,NA,NA,NA,NA
"Polcenigo","Polcenigo","https://www.senato.it/w3/Biblioteca/catalogoDegliStatutiMedievali.nsf/de148d287da34e08c1256e4c002f1718/9940befae7f4ead5c1256fa400491b1a?OpenDocument","Polcenigo I 1, I - Statuti dei comuni, 1301",1301,"Polcenigo","Polcenigo","Polcenigo I 1, I - Statuti dei comuni, 1301",1301,"Polcenigo",93031,"Polcenigo",1,1301,NA,NA,NA,NA
"Polcinicum","Polcinicum","https://www.senato.it/w3/Biblioteca/catalogoDegliStatutiMedievali.nsf/de148d287da34e08c1256e4c002f1718/9940befae7f4ead5c1256fa400491b1a?OpenDocument","Polcenigo I 1, I - Statuti dei comuni, 1301",1301,"Polcenigo","Polcenigo","Polcenigo I 1, I - Statuti dei comuni, 1301",1301,"Polcenigo",93031,"Polcenigo",1,1301,NA,NA,NA,NA
"Polino","Polino","https://www.senato.it/w3/Biblioteca/catalogoDegliStatutiMedievali.nsf/de148d287da34e08c1256e4c002f1718/52f2bf3a339cc4b1c1256fa400491bd0?OpenDocument","Polino I 1, I - Statuti dei comuni, 1545",1545,"Polino","Polino","Polino I 1, I - Statuti dei comuni, 1545",1545,"Polino",55027,"Polino",1,1545,NA,NA,NA,NA
"Polinum","Polinum","https://www.senato.it/w3/Biblioteca/catalogoDegliStatutiMedievali.nsf/de148d287da34e08c1256e4c002f1718/52f2bf3a339cc4b1c1256fa400491bd0?OpenDocument","Polino I 1, I - Statuti dei comuni, 1545",1545,"Polino","Polino","Polino I 1, I - Statuti dei comuni, 1545",1545,"Polino",55027,"Polino",1,1545,NA,NA,NA,NA
"Politium","Politium","https://www.senato.it/w3/Biblioteca/catalogoDegliStatutiMedievali.nsf/de148d287da34e08c1256e4c002f1718/fff4c57767102202c1256fa400491be7?OpenDocument","Polizzi Generosa I 1, I - Statuti dei comuni, 1382-1494",1382,"Polizzi Generosa","Polizzi Generosa","Polizzi Generosa I 1, I - Statuti dei comuni, 1382-1494",1382,"Polizzi Generosa",82058,"Polizzi Generosa",1,1382,NA,NA,NA,NA
"Polizzi","Polizzi","https://www.senato.it/w3/Biblioteca/catalogoDegliStatutiMedievali.nsf/de148d287da34e08c1256e4c002f1718/fff4c57767102202c1256fa400491be7?OpenDocument","Polizzi Generosa I 1, I - Statuti dei comuni, 1382-1494",1382,"Polizzi Generosa","Polizzi Generosa","Polizzi Generosa I 1, I - Statuti dei comuni, 1382-1494",1382,"Polizzi Generosa",82058,"Polizzi Generosa",1,1382,NA,NA,NA,NA
"Polizzi Generosa","Polizzi Generosa","https://www.senato.it/w3/Biblioteca/catalogoDegliStatutiMedievali.nsf/de148d287da34e08c1256e4c002f1718/fff4c57767102202c1256fa400491be7?OpenDocument","Polizzi Generosa I 1, I - Statuti dei comuni, 1382-1494",1382,"Polizzi Generosa","Polizzi Generosa","Polizzi Generosa I 1, I - Statuti dei comuni, 1382-1494",1382,"Polizzi Generosa",82058,"Polizzi Generosa",1,1382,NA,NA,NA,NA
"Pollenza","Pollenza","https://www.senato.it/w3/Biblioteca/catalogoDegliStatutiMedievali.nsf/de148d287da34e08c1256e4c002f1718/920e9392347544c0c1256fa400491c02?OpenDocument","Pollenza I 1, I - Statuti dei comuni, 1471-1484",1471,"Pollenza","Pollenza","Pollenza I 1, I - Statuti dei comuni, 1471-1484",1471,"Pollenza",43041,"Pollenza",1,1471,NA,NA,NA,NA
"Pomarance","Pomarance","https://www.senato.it/w3/Biblioteca/catalogoDegliStatutiMedievali.nsf/de148d287da34e08c1256e4c002f1718/077a14add2146920c1256fa400491c1b?OpenDocument","Pomarance II2 1, II 2 - Confraternite",NA,"Pomarance","Pomarance","Pomarance II2 1, II 2 - Confraternite",NA,"Pomarance",50027,"Pomarance",1,NA,NA,NA,NA,NA
"Pomarolo","Pomarolo","https://www.senato.it/w3/Biblioteca/catalogoDegliStatutiMedievali.nsf/de148d287da34e08c1256e4c002f1718/dbf57ef9e0d0f5f7c1256fa400491c2a?OpenDocument","Pomarolo I 1, I - Statuti dei comuni, 1611",1611,"Pomarolo","Pomarolo","Pomarolo I 1, I - Statuti dei comuni, 1611",1611,"Pomarolo",22144,"Pomarolo",1,1611,NA,NA,NA,NA
"Ponscurvus","Ponscurvus","https://www.senato.it/w3/Biblioteca/catalogoDegliStatutiMedievali.nsf/de148d287da34e08c1256e4c002f1718/d58a559a3bdd5983c1256fa400491c80?OpenDocument","Pontecorvo I 1, I - Statuti dei comuni, sec. XII-XIII",NA,"Pontecorvo","Pontecorvo","Pontecorvo I 1, I - Statuti dei comuni, sec. XII-XIII",NA,"Pontecorvo",60056,"Pontecorvo",1,NA,NA,NA,NA,NA
"Pontadera","Pontadera","https://www.senato.it/w3/Biblioteca/catalogoDegliStatutiMedievali.nsf/de148d287da34e08c1256e4c002f1718/f552558d93a47dc9c1256fa400491ce0?OpenDocument","Pontedera I 1, I - Statuti dei comuni, 1529-1657",1529,"Pontedera","Pontedera","Pontedera I 1, I - Statuti dei comuni, 1529-1657",1529,"Pontedera",50029,"Pontedera",1,1529,NA,NA,NA,NA
"Pontechianale","Pontechianale","https://www.senato.it/w3/Biblioteca/catalogoDegliStatutiMedievali.nsf/de148d287da34e08c1256e4c002f1718/ae3c6d3b23ab9f79c1256fa400491c6a?OpenDocument","Pontechianale I 1, I - Statuti dei comuni, 1344-1458",1344,"Pontechianale","Pontechianale","Pontechianale I 1, I - Statuti dei comuni, 1344-1458",1344,"Pontechianale",4172,"Pontechianale",1,1344,NA,NA,NA,NA
"Pontecorvo","Pontecorvo","https://www.senato.it/w3/Biblioteca/catalogoDegliStatutiMedievali.nsf/de148d287da34e08c1256e4c002f1718/d58a559a3bdd5983c1256fa400491c80?OpenDocument","Pontecorvo I 1, I - Statuti dei comuni, sec. XII-XIII",NA,"Pontecorvo","Pontecorvo","Pontecorvo I 1, I - Statuti dei comuni, sec. XII-XIII",NA,"Pontecorvo",60056,"Pontecorvo",1,NA,NA,NA,NA,NA
"Pontedera","Pontedera","https://www.senato.it/w3/Biblioteca/catalogoDegliStatutiMedievali.nsf/de148d287da34e08c1256e4c002f1718/f552558d93a47dc9c1256fa400491ce0?OpenDocument","Pontedera I 1, I - Statuti dei comuni, 1529-1657",1529,"Pontedera","Pontedera","Pontedera I 1, I - Statuti dei comuni, 1529-1657",1529,"Pontedera",50029,"Pontedera",1,1529,NA,NA,NA,NA
"Pontestura","Pontestura","https://www.senato.it/w3/Biblioteca/catalogoDegliStatutiMedievali.nsf/de148d287da34e08c1256e4c002f1718/753f4ee6b3ad3579c1256fa400491d2e?OpenDocument","Pontestura I 1, I - Statuti dei comuni, 1465",1465,"Pontestura","Pontestura","Pontestura I 1, I - Statuti dei comuni, 1465",1465,"Pontestura",6133,"Pontestura",1,1465,NA,NA,NA,NA
"Pontida","Pontida","https://www.senato.it/w3/Biblioteca/catalogoDegliStatutiMedievali.nsf/de148d287da34e08c1256e4c002f1718/388c836e3d879de4c1256fa400491d7a?OpenDocument","Pontida I 1, I - Statuti dei comuni, 1428",1428,"Pontida","Pontida","Pontida I 1, I - Statuti dei comuni, 1428",1428,"Pontida",16171,"Pontida",1,1428,NA,NA,NA,NA
"Pontita","Pontita","https://www.senato.it/w3/Biblioteca/catalogoDegliStatutiMedievali.nsf/de148d287da34e08c1256e4c002f1718/388c836e3d879de4c1256fa400491d7a?OpenDocument","Pontida I 1, I - Statuti dei comuni, 1428",1428,"Pontida","Pontida","Pontida I 1, I - Statuti dei comuni, 1428",1428,"Pontida",16171,"Pontida",1,1428,NA,NA,NA,NA
"Pontremoli","Pontremoli","https://www.senato.it/w3/Biblioteca/catalogoDegliStatutiMedievali.nsf/de148d287da34e08c1256e4c002f1718/b6e4b57ebbfc562ec1256fa400491d8d?OpenDocument","Pontremoli I 1, I - Statuti dei comuni, 1441-1577",1441,"Pontremoli","Pontremoli","Pontremoli I 1, I - Statuti dei comuni, 1441-1577",1441,"Pontremoli",45014,"Pontremoli",1,1441,NA,NA,NA,NA
"Pontremulum","Pontremulum","https://www.senato.it/w3/Biblioteca/catalogoDegliStatutiMedievali.nsf/de148d287da34e08c1256e4c002f1718/b6e4b57ebbfc562ec1256fa400491d8d?OpenDocument","Pontremoli I 1, I - Statuti dei comuni, 1441-1577",1441,"Pontremoli","Pontremoli","Pontremoli I 1, I - Statuti dei comuni, 1441-1577",1441,"Pontremoli",45014,"Pontremoli",1,1441,NA,NA,NA,NA
"Popha","Popha","https://www.senato.it/w3/Biblioteca/catalogoDegliStatutiMedievali.nsf/de148d287da34e08c1256e4c002f1718/2f0083562010bdc5c1256fa4004919ae?OpenDocument","Pofi I 1, I - Statuti dei comuni, 1569-1686",1569,"Pofi","Pofi","Pofi I 1, I - Statuti dei comuni, 1569-1686",1569,"Pofi",60055,"Pofi",1,1569,NA,NA,NA,NA
"Popoli","Popoli","https://www.senato.it/w3/Biblioteca/catalogoDegliStatutiMedievali.nsf/de148d287da34e08c1256e4c002f1718/1bfaf39d9070e47dc1256fa400491ea5?OpenDocument","Popoli I 1, I - Statuti dei comuni, 1404",1404,"Popoli","Popoli","Popoli I 1, I - Statuti dei comuni, 1404",1404,"Popoli",68033,"Popoli",1,1404,NA,NA,NA,NA
"Porcia","Porcia","https://www.senato.it/w3/Biblioteca/catalogoDegliStatutiMedievali.nsf/de148d287da34e08c1256e4c002f1718/a7735dbdfd9f4df3c1256fa400491eb1?OpenDocument","Porcia I 1, I - Statuti dei comuni, 1461-1556",1461,"Porcia","Porcia","Porcia I 1, I - Statuti dei comuni, 1461-1556",1461,"Porcia",93032,"Porcia",1,1461,NA,NA,NA,NA
"Porciglia","Porciglia","https://www.senato.it/w3/Biblioteca/catalogoDegliStatutiMedievali.nsf/de148d287da34e08c1256e4c002f1718/a7735dbdfd9f4df3c1256fa400491eb1?OpenDocument","Porcia I 1, I - Statuti dei comuni, 1461-1556",1461,"Porcia","Porcia","Porcia I 1, I - Statuti dei comuni, 1461-1556",1461,"Porcia",93032,"Porcia",1,1461,NA,NA,NA,NA
"Pordenone","Pordenone","https://www.senato.it/w3/Biblioteca/catalogoDegliStatutiMedievali.nsf/de148d287da34e08c1256e4c002f1718/9370282de428893bc1256fa400491eda?OpenDocument","Pordenone I 1, I - Statuti dei comuni, 1438-1670",1438,"Pordenone","Pordenone","Pordenone I 1, I - Statuti dei comuni, 1438-1670",1438,"Pordenone",93033,"Pordenone",1,1438,NA,NA,NA,NA
"Porlezza","Porlezza","https://www.senato.it/w3/Biblioteca/catalogoDegliStatutiMedievali.nsf/de148d287da34e08c1256e4c002f1718/e1740e849e431e7fc1256fa400491f83?OpenDocument","Porlezza I 1, I - Statuti dei comuni, 1338-1348",1338,"Porlezza","Porlezza","Porlezza I 1, I - Statuti dei comuni, 1338-1348",1338,"Porlezza",13189,"Porlezza",1,1338,NA,NA,NA,NA
"Porretta Terme","Porretta Terme","https://www.senato.it/w3/Biblioteca/catalogoDegliStatutiMedievali.nsf/de148d287da34e08c1256e4c002f1718/e520702988d64d90c1256fa400491fc4?OpenDocument","Porretta Terme I 1, I - Statuti dei comuni, 1749",1749,"Porretta Terme","Porretta Terme","Porretta Terme I 1, I - Statuti dei comuni, 1749",1749,"Porretta Terme",37049,"Porretta Terme",1,1749,NA,NA,NA,NA
"Portia","Portia","https://www.senato.it/w3/Biblioteca/catalogoDegliStatutiMedievali.nsf/de148d287da34e08c1256e4c002f1718/a7735dbdfd9f4df3c1256fa400491eb1?OpenDocument","Porcia I 1, I - Statuti dei comuni, 1461-1556",1461,"Porcia","Porcia","Porcia I 1, I - Statuti dei comuni, 1461-1556",1461,"Porcia",93032,"Porcia",1,1461,NA,NA,NA,NA
"Porto Recanati","Porto Recanati","https://www.senato.it/w3/Biblioteca/catalogoDegliStatutiMedievali.nsf/de148d287da34e08c1256e4c002f1718/6ec25e1005cf5889c1256fa4004920d9?OpenDocument","Porto Recanati I 1, I - Statuti dei comuni, 1302-1360",1302,"Porto Recanati","Porto Recanati","Porto Recanati I 1, I - Statuti dei comuni, 1302-1360",1302,"Porto Recanati",43042,"Porto Recanati",1,1302,NA,NA,NA,NA
"Portoferraio","Portoferraio","https://www.senato.it/w3/Biblioteca/catalogoDegliStatutiMedievali.nsf/de148d287da34e08c1256e4c002f1718/c70f818fcf3119a3c1256fa40049200e?OpenDocument","Portoferraio I 1, I - Statuti dei comuni, 1574-1758",1574,"Portoferraio","Portoferraio","Portoferraio I 1, I - Statuti dei comuni, 1574-1758",1574,"Portoferraio",49014,"Portoferraio",1,1574,NA,NA,NA,NA
"Portogruaro","Portogruaro","https://www.senato.it/w3/Biblioteca/catalogoDegliStatutiMedievali.nsf/de148d287da34e08c1256e4c002f1718/bdb24e71d0303adbc1256fa400492027?OpenDocument","Portogruaro I 1, I - Statuti dei comuni, 1300-1304",1300,"Portogruaro","Portogruaro","Portogruaro I 1, I - Statuti dei comuni, 1300-1304",1300,"Portogruaro",27029,"Portogruaro",1,1300,NA,NA,NA,NA
"Portovenere","Portovenere","https://www.senato.it/w3/Biblioteca/catalogoDegliStatutiMedievali.nsf/de148d287da34e08c1256e4c002f1718/2fe1783acd8a3decc1256fa400492127?OpenDocument","Portovenere I 1, I - Statuti dei comuni, 1370-1409",1370,"Portovenere","Portovenere","Portovenere I 1, I - Statuti dei comuni, 1370-1409",1370,"Portovenere",11022,"Portovenere",1,1370,NA,NA,NA,NA
"Portus Caesenaticus","Portus Caesenaticus","https://www.senato.it/w3/Biblioteca/catalogoDegliStatutiMedievali.nsf/de148d287da34e08c1256e4c002f1718/65fd8a3bb58d7d20c1256f9a0047df79?OpenDocument","Cesenatico I 1, I - Statuti dei comuni, 1498",1498,"Cesenatico","Cesenatico","Cesenatico I 1, I - Statuti dei comuni, 1498",1498,"Cesenatico",40008,"Cesenatico",1,1498,NA,NA,NA,NA
"Portusgruarius","Portusgruarius","https://www.senato.it/w3/Biblioteca/catalogoDegliStatutiMedievali.nsf/de148d287da34e08c1256e4c002f1718/bdb24e71d0303adbc1256fa400492027?OpenDocument","Portogruaro I 1, I - Statuti dei comuni, 1300-1304",1300,"Portogruaro","Portogruaro","Portogruaro I 1, I - Statuti dei comuni, 1300-1304",1300,"Portogruaro",27029,"Portogruaro",1,1300,NA,NA,NA,NA
"Portusnaonis","Portusnaonis","https://www.senato.it/w3/Biblioteca/catalogoDegliStatutiMedievali.nsf/de148d287da34e08c1256e4c002f1718/9370282de428893bc1256fa400491eda?OpenDocument","Pordenone I 1, I - Statuti dei comuni, 1438-1670",1438,"Pordenone","Pordenone","Pordenone I 1, I - Statuti dei comuni, 1438-1670",1438,"Pordenone",93033,"Pordenone",1,1438,NA,NA,NA,NA
"Porzia","Porzia","https://www.senato.it/w3/Biblioteca/catalogoDegliStatutiMedievali.nsf/de148d287da34e08c1256e4c002f1718/a7735dbdfd9f4df3c1256fa400491eb1?OpenDocument","Porcia I 1, I - Statuti dei comuni, 1461-1556",1461,"Porcia","Porcia","Porcia I 1, I - Statuti dei comuni, 1461-1556",1461,"Porcia",93032,"Porcia",1,1461,NA,NA,NA,NA
"Posena","Posena","https://www.senato.it/w3/Biblioteca/catalogoDegliStatutiMedievali.nsf/de148d287da34e08c1256e4c002f1718/3cfc5373aec5e85dc1256fa4004921be?OpenDocument","Posina I 1, I - Statuti dei comuni, 1772",1772,"Posina","Posina","Posina I 1, I - Statuti dei comuni, 1772",1772,"Posina",24080,"Posina",1,1772,NA,NA,NA,NA
"Posina","Posina","https://www.senato.it/w3/Biblioteca/catalogoDegliStatutiMedievali.nsf/de148d287da34e08c1256e4c002f1718/3cfc5373aec5e85dc1256fa4004921be?OpenDocument","Posina I 1, I - Statuti dei comuni, 1772",1772,"Posina","Posina","Posina I 1, I - Statuti dei comuni, 1772",1772,"Posina",24080,"Posina",1,1772,NA,NA,NA,NA
"Potenza Picena","Potenza Picena","https://www.senato.it/w3/Biblioteca/catalogoDegliStatutiMedievali.nsf/de148d287da34e08c1256e4c002f1718/d7b4b7a3de921c01c1256fa4004921ce?OpenDocument","Potenza Picena I 1, I - Statuti dei comuni, 1433-1585",1433,"Potenza Picena","Potenza Picena","Potenza Picena I 1, I - Statuti dei comuni, 1433-1585",1433,"Potenza Picena",43043,"Potenza Picena",1,1433,NA,NA,NA,NA
"Prata di Pordenone","Prata di Pordenone","https://www.senato.it/w3/Biblioteca/catalogoDegliStatutiMedievali.nsf/de148d287da34e08c1256e4c002f1718/5b2dfcc053fc25c5c1256fa40049220d?OpenDocument","Prata di Pordenone I 1, I - Statuti dei comuni, 1361-1366",1361,"Prata di Pordenone","Prata di Pordenone","Prata di Pordenone I 1, I - Statuti dei comuni, 1361-1366",1361,"Prata di Pordenone",93034,"Prata di Pordenone",1,1361,NA,NA,NA,NA
"Pratalonga","Pratalonga","https://www.senato.it/w3/Biblioteca/catalogoDegliStatutiMedievali.nsf/de148d287da34e08c1256e4c002f1718/941ca84c40d94dd0c1256fa400490c10?OpenDocument","Pietralunga I 1, I - Statuti dei comuni, 1696",1696,"Pietralunga","Pietralunga","Pietralunga I 1, I - Statuti dei comuni, 1696",1696,"Pietralunga",54041,"Pietralunga",1,1696,NA,NA,NA,NA
"Prato","Prato","https://www.senato.it/w3/Biblioteca/catalogoDegliStatutiMedievali.nsf/de148d287da34e08c1256e4c002f1718/172a0917c1983ff5c1256fa400492224?OpenDocument","Prato I 1, I - Statuti dei comuni, 1270-1279",1270,"Prato","Prato","Prato I 1, I - Statuti dei comuni, 1270-1279",1270,"Prato",100005,"Prato",1,1270,NA,NA,NA,NA
"Prato in Toscana","Prato in Toscana","https://www.senato.it/w3/Biblioteca/catalogoDegliStatutiMedievali.nsf/de148d287da34e08c1256e4c002f1718/172a0917c1983ff5c1256fa400492224?OpenDocument","Prato I 1, I - Statuti dei comuni, 1270-1279",1270,"Prato","Prato","Prato I 1, I - Statuti dei comuni, 1270-1279",1270,"Prato",100005,"Prato",1,1270,NA,NA,NA,NA
"Prattica","Prattica","https://www.senato.it/w3/Biblioteca/catalogoDegliStatutiMedievali.nsf/de148d287da34e08c1256e4c002f1718/cd625f55729c2b44c1256fa40048efea?OpenDocument","Patrica I 1, I - Statuti dei comuni, 1696",1696,"Patrica","Patrica","Patrica I 1, I - Statuti dei comuni, 1696",1696,"Patrica",60048,"Patrica",1,1696,NA,NA,NA,NA
"Pratum","Pratum","https://www.senato.it/w3/Biblioteca/catalogoDegliStatutiMedievali.nsf/de148d287da34e08c1256e4c002f1718/172a0917c1983ff5c1256fa400492224?OpenDocument","Prato I 1, I - Statuti dei comuni, 1270-1279",1270,"Prato","Prato","Prato I 1, I - Statuti dei comuni, 1270-1279",1270,"Prato",100005,"Prato",1,1270,NA,NA,NA,NA
"Predappio","Predappio","https://www.senato.it/w3/Biblioteca/catalogoDegliStatutiMedievali.nsf/de148d287da34e08c1256e4c002f1718/93ae373021e0f320c1256fa400492303?OpenDocument","Predappio I 1, I - Statuti dei comuni, 1383-1421",1383,"Predappio","Predappio","Predappio I 1, I - Statuti dei comuni, 1383-1421",1383,"Predappio",40032,"Predappio",1,1383,NA,NA,NA,NA
"Premilcuore","Premilcuore","https://www.senato.it/w3/Biblioteca/catalogoDegliStatutiMedievali.nsf/de148d287da34e08c1256e4c002f1718/12df51c0fedc20b5c1256fa40049236f?OpenDocument","Premilcuore I 1, I - Statuti dei comuni, 1379",1379,"Premilcuore","Premilcuore","Premilcuore I 1, I - Statuti dei comuni, 1379",1379,"Premilcuore",40033,"Premilcuore",1,1379,NA,NA,NA,NA
"Premosello-Chiovenda","Premosello-Chiovenda","https://www.senato.it/w3/Biblioteca/catalogoDegliStatutiMedievali.nsf/de148d287da34e08c1256e4c002f1718/45f046fe516d3ea0c1256fa400492380?OpenDocument","Premosello-Chiovenda I 1, I - Statuti dei comuni, 1571-1572",1571,"Premosello-Chiovenda","Premosello-Chiovenda","Premosello-Chiovenda I 1, I - Statuti dei comuni, 1571-1572",1571,"Premosello-Chiovenda",103057,"Premosello-Chiovenda",1,1571,NA,NA,NA,NA
"Premosellum","Premosellum","https://www.senato.it/w3/Biblioteca/catalogoDegliStatutiMedievali.nsf/de148d287da34e08c1256e4c002f1718/45f046fe516d3ea0c1256fa400492380?OpenDocument","Premosello-Chiovenda I 1, I - Statuti dei comuni, 1571-1572",1571,"Premosello-Chiovenda","Premosello-Chiovenda","Premosello-Chiovenda I 1, I - Statuti dei comuni, 1571-1572",1571,"Premosello-Chiovenda",103057,"Premosello-Chiovenda",1,1571,NA,NA,NA,NA
"Presenzano","Presenzano","https://www.senato.it/w3/Biblioteca/catalogoDegliStatutiMedievali.nsf/de148d287da34e08c1256e4c002f1718/15f7e3af4da42d8cc1256fa400492395?OpenDocument","Presenzano I 1, I - Statuti dei comuni, sec. XV",NA,"Presenzano","Presenzano","Presenzano I 1, I - Statuti dei comuni, sec. XV",NA,"Presenzano",61065,"Presenzano",1,NA,NA,NA,NA,NA
"Pretaloga","Pretaloga","https://www.senato.it/w3/Biblioteca/catalogoDegliStatutiMedievali.nsf/de148d287da34e08c1256e4c002f1718/941ca84c40d94dd0c1256fa400490c10?OpenDocument","Pietralunga I 1, I - Statuti dei comuni, 1696",1696,"Pietralunga","Pietralunga","Pietralunga I 1, I - Statuti dei comuni, 1696",1696,"Pietralunga",54041,"Pietralunga",1,1696,NA,NA,NA,NA
"Priverno","Priverno","https://www.senato.it/w3/Biblioteca/catalogoDegliStatutiMedievali.nsf/de148d287da34e08c1256e4c002f1718/cd18f6971d57b385c1256fa4004923c5?OpenDocument","Priverno I 1, I - Statuti dei comuni, 1604",1604,"Priverno","Priverno","Priverno I 1, I - Statuti dei comuni, 1604",1604,"Priverno",59019,"Priverno",1,1604,NA,NA,NA,NA
"Pufe","Pufe","https://www.senato.it/w3/Biblioteca/catalogoDegliStatutiMedievali.nsf/de148d287da34e08c1256e4c002f1718/2f0083562010bdc5c1256fa4004919ae?OpenDocument","Pofi I 1, I - Statuti dei comuni, 1569-1686",1569,"Pofi","Pofi","Pofi I 1, I - Statuti dei comuni, 1569-1686",1569,"Pofi",60055,"Pofi",1,1569,NA,NA,NA,NA
"Purtiliae","Purtiliae","https://www.senato.it/w3/Biblioteca/catalogoDegliStatutiMedievali.nsf/de148d287da34e08c1256e4c002f1718/a7735dbdfd9f4df3c1256fa400491eb1?OpenDocument","Porcia I 1, I - Statuti dei comuni, 1461-1556",1461,"Porcia","Porcia","Porcia I 1, I - Statuti dei comuni, 1461-1556",1461,"Porcia",93032,"Porcia",1,1461,NA,NA,NA,NA
"Quarata","Quarata","https://www.senato.it/w3/Biblioteca/catalogoDegliStatutiMedievali.nsf/de148d287da34e08c1256e4c002f1718/3116167e51071e30c1256f9a0054e1e2?OpenDocument","Corato I 1, I - Statuti dei comuni, 1492",1492,"Corato","Corato","Corato I 1, I - Statuti dei comuni, 1492",1492,"Corato",72020,"Corato",1,1492,NA,NA,NA,NA
"Quarona","Quarona","https://www.senato.it/w3/Biblioteca/catalogoDegliStatutiMedievali.nsf/de148d287da34e08c1256e4c002f1718/369a4f8b504bb7b1c1256fa4004923f3?OpenDocument","Quarona I 1, I - Statuti dei comuni, 1384-1454",1384,"Quarona","Quarona","Quarona I 1, I - Statuti dei comuni, 1384-1454",1384,"Quarona",2107,"Quarona",1,1384,NA,NA,NA,NA
"Querium","Querium","https://www.senato.it/w3/Biblioteca/catalogoDegliStatutiMedievali.nsf/de148d287da34e08c1256e4c002f1718/c5557122721cb63bc1256f9a00491ca8?OpenDocument","Chieri I 1, I - Statuti dei comuni, 1212",1212,"Chieri","Chieri","Chieri I 1, I - Statuti dei comuni, 1212",1212,"Chieri",1078,"Chieri",1,1212,NA,NA,NA,NA
"Quiliano","Quiliano","https://www.senato.it/w3/Biblioteca/catalogoDegliStatutiMedievali.nsf/de148d287da34e08c1256e4c002f1718/f99d15c54972d5aec1256fa40049240f?OpenDocument","Quiliano I 1, I - Statuti dei comuni, 1407",1407,"Quiliano","Quiliano","Quiliano I 1, I - Statuti dei comuni, 1407",1407,"Quiliano",9052,"Quiliano",1,1407,NA,NA,NA,NA
"Quilianum","Quilianum","https://www.senato.it/w3/Biblioteca/catalogoDegliStatutiMedievali.nsf/de148d287da34e08c1256e4c002f1718/f99d15c54972d5aec1256fa40049240f?OpenDocument","Quiliano I 1, I - Statuti dei comuni, 1407",1407,"Quiliano","Quiliano","Quiliano I 1, I - Statuti dei comuni, 1407",1407,"Quiliano",9052,"Quiliano",1,1407,NA,NA,NA,NA
"Quomoviana","Quomoviana","https://www.senato.it/w3/Biblioteca/catalogoDegliStatutiMedievali.nsf/de148d287da34e08c1256e4c002f1718/f3b2f1524a6de2b8c1256f9a0056f09c?OpenDocument","Cumiana I 1, I - Statuti dei comuni, 1429-1431",1429,"Cumiana","Cumiana","Cumiana I 1, I - Statuti dei comuni, 1429-1431",1429,"Cumiana",1097,"Cumiana",1,1429,NA,NA,NA,NA
"Racanetum","Racanetum","https://www.senato.it/w3/Biblioteca/catalogoDegliStatutiMedievali.nsf/de148d287da34e08c1256e4c002f1718/197bbe24103338d8c1256fac003ee69f?OpenDocument","Recanati I 1, I - Statuti dei comuni, 1229-1605",1229,"Recanati","Recanati","Recanati I 1, I - Statuti dei comuni, 1229-1605",1229,"Recanati",43044,"Recanati",1,1229,NA,NA,NA,NA
"Racconigi","Racconigi","https://www.senato.it/w3/Biblioteca/catalogoDegliStatutiMedievali.nsf/de148d287da34e08c1256e4c002f1718/74ccccd4141674ecc1256fac003edf2b?OpenDocument","Racconigi II1 1, II 1 - Corporazioni",NA,"Racconigi","Racconigi","Racconigi II1 1, II 1 - Corporazioni",NA,"Racconigi",4179,"Racconigi",1,NA,NA,NA,NA,NA
"Rachanatum","Rachanatum","https://www.senato.it/w3/Biblioteca/catalogoDegliStatutiMedievali.nsf/de148d287da34e08c1256e4c002f1718/197bbe24103338d8c1256fac003ee69f?OpenDocument","Recanati I 1, I - Statuti dei comuni, 1229-1605",1229,"Recanati","Recanati","Recanati I 1, I - Statuti dei comuni, 1229-1605",1229,"Recanati",43044,"Recanati",1,1229,NA,NA,NA,NA
"Rachanetum","Rachanetum","https://www.senato.it/w3/Biblioteca/catalogoDegliStatutiMedievali.nsf/de148d287da34e08c1256e4c002f1718/197bbe24103338d8c1256fac003ee69f?OpenDocument","Recanati I 1, I - Statuti dei comuni, 1229-1605",1229,"Recanati","Recanati","Recanati I 1, I - Statuti dei comuni, 1229-1605",1229,"Recanati",43044,"Recanati",1,1229,NA,NA,NA,NA
"Radicofani","Radicofani","https://www.senato.it/w3/Biblioteca/catalogoDegliStatutiMedievali.nsf/de148d287da34e08c1256e4c002f1718/124e5752de2adaa1c1256fac003edf57?OpenDocument","Radicofani I 1, I - Statuti dei comuni, 1255",1255,"Radicofani","Radicofani","Radicofani I 1, I - Statuti dei comuni, 1255",1255,"Radicofani",52024,"Radicofani",1,1255,NA,NA,NA,NA
"Radicondoli","Radicondoli","https://www.senato.it/w3/Biblioteca/catalogoDegliStatutiMedievali.nsf/de148d287da34e08c1256e4c002f1718/0c1767377da50bd4c1256fac003edfbe?OpenDocument","Radicondoli I 1, I - Statuti dei comuni, 1777",1777,"Radicondoli","Radicondoli","Radicondoli I 1, I - Statuti dei comuni, 1777",1777,"Radicondoli",52025,"Radicondoli",1,1777,NA,NA,NA,NA
"Ragogna","Ragogna","https://www.senato.it/w3/Biblioteca/catalogoDegliStatutiMedievali.nsf/de148d287da34e08c1256e4c002f1718/b33ea45775e4d852c1256fac003ee014?OpenDocument","Ragogna I 1, I - Statuti dei comuni, 1442-1535",1442,"Ragogna","Ragogna","Ragogna I 1, I - Statuti dei comuni, 1442-1535",1442,"Ragogna",30087,"Ragogna",1,1442,NA,NA,NA,NA
"Randazzo","Randazzo","https://www.senato.it/w3/Biblioteca/catalogoDegliStatutiMedievali.nsf/de148d287da34e08c1256e4c002f1718/d36fef0c1d62a12ec1256fac003ee369?OpenDocument","Randazzo II1 1, II 1 - Corporazioni",NA,"Randazzo","Randazzo","Randazzo II1 1, II 1 - Corporazioni",NA,"Randazzo",87038,"Randazzo",1,NA,NA,NA,NA,NA
"Ravello","Ravello","https://www.senato.it/w3/Biblioteca/catalogoDegliStatutiMedievali.nsf/de148d287da34e08c1256e4c002f1718/f1f929d8a16621e0c1256fac003ee3aa?OpenDocument","Ravello I 1, I - Statuti dei comuni, 1544",1544,"Ravello","Ravello","Ravello I 1, I - Statuti dei comuni, 1544",1544,"Ravello",65104,"Ravello",1,1544,NA,NA,NA,NA
"Ravenna","Ravenna","https://www.senato.it/w3/Biblioteca/catalogoDegliStatutiMedievali.nsf/de148d287da34e08c1256e4c002f1718/dc2d2f480713d1bec1256fac003ee410?OpenDocument","Ravenna I 1, I - Statuti dei comuni, 1162",1162,"Ravenna","Ravenna","Ravenna I 1, I - Statuti dei comuni, 1162",1162,"Ravenna",39014,"Ravenna",1,1162,NA,NA,NA,NA
"Reate","Reate","https://www.senato.it/w3/Biblioteca/catalogoDegliStatutiMedievali.nsf/de148d287da34e08c1256e4c002f1718/4e15effb05b9f019c1256fac003eeb4d?OpenDocument","Rieti I 1, I - Statuti dei comuni, 1549",1549,"Rieti","Rieti","Rieti I 1, I - Statuti dei comuni, 1549",1549,"Rieti",57059,"Rieti",1,1549,NA,NA,NA,NA
"Recanati","Recanati","https://www.senato.it/w3/Biblioteca/catalogoDegliStatutiMedievali.nsf/de148d287da34e08c1256e4c002f1718/197bbe24103338d8c1256fac003ee69f?OpenDocument","Recanati I 1, I - Statuti dei comuni, 1229-1605",1229,"Recanati","Recanati","Recanati I 1, I - Statuti dei comuni, 1229-1605",1229,"Recanati",43044,"Recanati",1,1229,NA,NA,NA,NA
"Recanatum","Recanatum","https://www.senato.it/w3/Biblioteca/catalogoDegliStatutiMedievali.nsf/de148d287da34e08c1256e4c002f1718/197bbe24103338d8c1256fac003ee69f?OpenDocument","Recanati I 1, I - Statuti dei comuni, 1229-1605",1229,"Recanati","Recanati","Recanati I 1, I - Statuti dei comuni, 1229-1605",1229,"Recanati",43044,"Recanati",1,1229,NA,NA,NA,NA
"Recanetum","Recanetum","https://www.senato.it/w3/Biblioteca/catalogoDegliStatutiMedievali.nsf/de148d287da34e08c1256e4c002f1718/197bbe24103338d8c1256fac003ee69f?OpenDocument","Recanati I 1, I - Statuti dei comuni, 1229-1605",1229,"Recanati","Recanati","Recanati I 1, I - Statuti dei comuni, 1229-1605",1229,"Recanati",43044,"Recanati",1,1229,NA,NA,NA,NA
"Recinetum","Recinetum","https://www.senato.it/w3/Biblioteca/catalogoDegliStatutiMedievali.nsf/de148d287da34e08c1256e4c002f1718/197bbe24103338d8c1256fac003ee69f?OpenDocument","Recanati I 1, I - Statuti dei comuni, 1229-1605",1229,"Recanati","Recanati","Recanati I 1, I - Statuti dei comuni, 1229-1605",1229,"Recanati",43044,"Recanati",1,1229,NA,NA,NA,NA
"Refrancore","Refrancore","https://www.senato.it/w3/Biblioteca/catalogoDegliStatutiMedievali.nsf/de148d287da34e08c1256e4c002f1718/f97ff1a3e0c95e7bc1256fac003ee7e1?OpenDocument","Refrancore I 1, I - Statuti dei comuni, 1725",1725,"Refrancore","Refrancore","Refrancore I 1, I - Statuti dei comuni, 1725",1725,"Refrancore",5089,"Refrancore",1,1725,NA,NA,NA,NA
"Revello","Revello","https://www.senato.it/w3/Biblioteca/catalogoDegliStatutiMedievali.nsf/de148d287da34e08c1256e4c002f1718/17a89cf31b067c7ac1256fac003eeaee?OpenDocument","Revello I 1, I - Statuti dei comuni, 1396-1477",1396,"Revello","Revello","Revello I 1, I - Statuti dei comuni, 1396-1477",1396,"Revello",4180,"Revello",1,1396,NA,NA,NA,NA
"Revellum","Revellum","https://www.senato.it/w3/Biblioteca/catalogoDegliStatutiMedievali.nsf/de148d287da34e08c1256e4c002f1718/17a89cf31b067c7ac1256fac003eeaee?OpenDocument","Revello I 1, I - Statuti dei comuni, 1396-1477",1396,"Revello","Revello","Revello I 1, I - Statuti dei comuni, 1396-1477",1396,"Revello",4180,"Revello",1,1396,NA,NA,NA,NA
"Rezzato","Rezzato","https://www.senato.it/w3/Biblioteca/catalogoDegliStatutiMedievali.nsf/de148d287da34e08c1256e4c002f1718/fa84878a78f3c365c1256fac003eeb28?OpenDocument","Rezzato I 1, I - Statuti dei comuni, 1404-1744",1404,"Rezzato","Rezzato","Rezzato I 1, I - Statuti dei comuni, 1404-1744",1404,"Rezzato",17161,"Rezzato",1,1404,NA,NA,NA,NA
"Rhodigum","Rhodigum","https://www.senato.it/w3/Biblioteca/catalogoDegliStatutiMedievali.nsf/de148d287da34e08c1256e4c002f1718/308e647ba6284cc9c1256fac003efcba?OpenDocument","Rovigo I 1, I - Statuti dei comuni, 1482-1778",1482,"Rovigo","Rovigo","Rovigo I 1, I - Statuti dei comuni, 1482-1778",1482,"Rovigo",29041,"Rovigo",1,1482,NA,NA,NA,NA
"Riesi","Riesi","https://www.senato.it/w3/Biblioteca/catalogoDegliStatutiMedievali.nsf/de148d287da34e08c1256e4c002f1718/a81bfe49df116135c1256fac003eeb37?OpenDocument","Riesi I 1, I - Statuti dei comuni, 1617",1617,"Riesi","Riesi","Riesi I 1, I - Statuti dei comuni, 1617",1617,"Riesi",85015,"Riesi",1,1617,NA,NA,NA,NA
"Rieti","Rieti","https://www.senato.it/w3/Biblioteca/catalogoDegliStatutiMedievali.nsf/de148d287da34e08c1256e4c002f1718/4e15effb05b9f019c1256fac003eeb4d?OpenDocument","Rieti I 1, I - Statuti dei comuni, 1549",1549,"Rieti","Rieti","Rieti I 1, I - Statuti dei comuni, 1549",1549,"Rieti",57059,"Rieti",1,1549,NA,NA,NA,NA
"Rifreddo","Rifreddo","https://www.senato.it/w3/Biblioteca/catalogoDegliStatutiMedievali.nsf/de148d287da34e08c1256e4c002f1718/9ca7474130385b48c1256fac003eeb95?OpenDocument","Rifreddo I 1, I - Statuti dei comuni, 1434",1434,"Rifreddo","Rifreddo","Rifreddo I 1, I - Statuti dei comuni, 1434",1434,"Rifreddo",4181,"Rifreddo",1,1434,NA,NA,NA,NA
"Rimini","Rimini","https://www.senato.it/w3/Biblioteca/catalogoDegliStatutiMedievali.nsf/de148d287da34e08c1256e4c002f1718/576d118ef158c2d8c1256fac003eebb9?OpenDocument","Rimini I 1, I - Statuti dei comuni, 1195-1295",1195,"Rimini","Rimini","Rimini I 1, I - Statuti dei comuni, 1195-1295",1195,"Rimini",99014,"Rimini",1,1195,NA,NA,NA,NA
"Rio Marina","Rio Marina","https://www.senato.it/w3/Biblioteca/catalogoDegliStatutiMedievali.nsf/de148d287da34e08c1256e4c002f1718/9a3c80b865374020c1256fac003eedd7?OpenDocument","Riomarina I 1, I - Statuti dei comuni, sec. XV-XVIII",NA,"Rio Marina","Rio Marina","Riomarina I 1, I - Statuti dei comuni, sec. XV-XVIII",NA,"Rio Marina",49015,"Rio Marina",1,NA,NA,NA,NA,NA
"Ripa","Ripa","https://www.senato.it/w3/Biblioteca/catalogoDegliStatutiMedievali.nsf/de148d287da34e08c1256e4c002f1718/848c7b91eb1887f7c1256fac003eee00?OpenDocument","Ripalimosano I 1, I - Statuti dei comuni, 1588",1588,"Ripalimosani","Ripalimosani","Ripalimosano I 1, I - Statuti dei comuni, 1588",1588,"Ripalimosani",70059,"Ripalimosani",1,1588,NA,NA,NA,NA
"Ripa de theti","Ripa de theti","https://www.senato.it/w3/Biblioteca/catalogoDegliStatutiMedievali.nsf/de148d287da34e08c1256e4c002f1718/f324387edc748b8bc1256fac003eee49?OpenDocument","Ripa Teatina I 1, I - Statuti dei comuni, 1492",1492,"Ripa Teatina","Ripa Teatina","Ripa Teatina I 1, I - Statuti dei comuni, 1492",1492,"Ripa Teatina",69072,"Ripa Teatina",1,1492,NA,NA,NA,NA
"Ripa Teatina","Ripa Teatina","https://www.senato.it/w3/Biblioteca/catalogoDegliStatutiMedievali.nsf/de148d287da34e08c1256e4c002f1718/f324387edc748b8bc1256fac003eee49?OpenDocument","Ripa Teatina I 1, I - Statuti dei comuni, 1492",1492,"Ripa Teatina","Ripa Teatina","Ripa Teatina I 1, I - Statuti dei comuni, 1492",1492,"Ripa Teatina",69072,"Ripa Teatina",1,1492,NA,NA,NA,NA
"Ripa Transonis","Ripa Transonis","https://www.senato.it/w3/Biblioteca/catalogoDegliStatutiMedievali.nsf/de148d287da34e08c1256e4c002f1718/ea450b1077bf31a1c1256fac003eee1f?OpenDocument","Ripatransone I 1, I - Statuti dei comuni, 1568",1568,"Ripatransone","Ripatransone","Ripatransone I 1, I - Statuti dei comuni, 1568",1568,"Ripatransone",44063,"Ripatransone",1,1568,NA,NA,NA,NA
"Ripaelimonsanorum","Ripaelimonsanorum","https://www.senato.it/w3/Biblioteca/catalogoDegliStatutiMedievali.nsf/de148d287da34e08c1256e4c002f1718/848c7b91eb1887f7c1256fac003eee00?OpenDocument","Ripalimosano I 1, I - Statuti dei comuni, 1588",1588,"Ripalimosani","Ripalimosani","Ripalimosano I 1, I - Statuti dei comuni, 1588",1588,"Ripalimosani",70059,"Ripalimosani",1,1588,NA,NA,NA,NA
"Ripalimosani","Ripalimosani","https://www.senato.it/w3/Biblioteca/catalogoDegliStatutiMedievali.nsf/de148d287da34e08c1256e4c002f1718/848c7b91eb1887f7c1256fac003eee00?OpenDocument","Ripalimosano I 1, I - Statuti dei comuni, 1588",1588,"Ripalimosani","Ripalimosani","Ripalimosano I 1, I - Statuti dei comuni, 1588",1588,"Ripalimosani",70059,"Ripalimosani",1,1588,NA,NA,NA,NA
"Ripalimosano","Ripalimosano","https://www.senato.it/w3/Biblioteca/catalogoDegliStatutiMedievali.nsf/de148d287da34e08c1256e4c002f1718/848c7b91eb1887f7c1256fac003eee00?OpenDocument","Ripalimosano I 1, I - Statuti dei comuni, 1588",1588,"Ripalimosani","Ripalimosani","Ripalimosano I 1, I - Statuti dei comuni, 1588",1588,"Ripalimosani",70059,"Ripalimosani",1,1588,NA,NA,NA,NA
"Ripalta Taurinensis","Ripalta Taurinensis","https://www.senato.it/w3/Biblioteca/catalogoDegliStatutiMedievali.nsf/de148d287da34e08c1256e4c002f1718/f975ca5e3cba09a4c1256fac003eef0b?OpenDocument","Rivalta di Torino I 1, I - Statuti dei comuni, 1297",1297,"Rivalta di Torino","Rivalta di Torino","Rivalta di Torino I 1, I - Statuti dei comuni, 1297",1297,"Rivalta di Torino",1214,"Rivalta di Torino",1,1297,NA,NA,NA,NA
"Riparia","Riparia","https://www.senato.it/w3/Biblioteca/catalogoDegliStatutiMedievali.nsf/de148d287da34e08c1256e4c002f1718/4390e1072272017bc1256fa40048d215?OpenDocument","Orta San Giulio I 1, I - Statuti dei comuni, 1343-1390",1343,"Orta San Giulio","Orta San Giulio","Orta San Giulio I 1, I - Statuti dei comuni, 1343-1390",1343,"Orta San Giulio",3112,"Orta San Giulio",1,1343,NA,NA,NA,NA
"Riparolium","Riparolium","https://www.senato.it/w3/Biblioteca/catalogoDegliStatutiMedievali.nsf/de148d287da34e08c1256e4c002f1718/a906ee80ed32f54fc1256fac003eef30?OpenDocument","Rivarolo Canavese I 1, I - Statuti dei comuni, 1358",1358,"Rivarolo Canavese","Rivarolo Canavese","Rivarolo Canavese I 1, I - Statuti dei comuni, 1358",1358,"Rivarolo Canavese",1217,"Rivarolo Canavese",1,1358,NA,NA,NA,NA
"Riparolus","Riparolus","https://www.senato.it/w3/Biblioteca/catalogoDegliStatutiMedievali.nsf/de148d287da34e08c1256e4c002f1718/5f9f7918d35ec900c1258c4900534f83?OpenDocument","Rivarolo Mantovano I 1, I - Statuti dei comuni, 1483-1766",1483,"Rivarolo Mantovano","Rivarolo Mantovano","Rivarolo Mantovano I 1, I - Statuti dei comuni, 1483-1766",1483,"Rivarolo Mantovano",20050,"Rivarolo Mantovano",1,1483,NA,NA,NA,NA
"Ripatransone","Ripatransone","https://www.senato.it/w3/Biblioteca/catalogoDegliStatutiMedievali.nsf/de148d287da34e08c1256e4c002f1718/ea450b1077bf31a1c1256fac003eee1f?OpenDocument","Ripatransone I 1, I - Statuti dei comuni, 1568",1568,"Ripatransone","Ripatransone","Ripatransone I 1, I - Statuti dei comuni, 1568",1568,"Ripatransone",44063,"Ripatransone",1,1568,NA,NA,NA,NA
"Ripi","Ripi","https://www.senato.it/w3/Biblioteca/catalogoDegliStatutiMedievali.nsf/de148d287da34e08c1256e4c002f1718/857344ba8519ffd8c1256fac003eee65?OpenDocument","Ripi I 1, I - Statuti dei comuni, 1331",1331,"Ripi","Ripi","Ripi I 1, I - Statuti dei comuni, 1331",1331,"Ripi",60058,"Ripi",1,1331,NA,NA,NA,NA
"Ripomarancia","Ripomarancia","https://www.senato.it/w3/Biblioteca/catalogoDegliStatutiMedievali.nsf/de148d287da34e08c1256e4c002f1718/077a14add2146920c1256fa400491c1b?OpenDocument","Pomarance II2 1, II 2 - Confraternite",NA,"Pomarance","Pomarance","Pomarance II2 1, II 2 - Confraternite",NA,"Pomarance",50027,"Pomarance",1,NA,NA,NA,NA,NA
"Rippa","Rippa","https://www.senato.it/w3/Biblioteca/catalogoDegliStatutiMedievali.nsf/de148d287da34e08c1256e4c002f1718/c7e1830e78ea724cc1256fac003eee7b?OpenDocument","Riva I 1, I - Statuti dei comuni, 1274-1790",1274,"Riva del Garda","Riva del Garda","Riva I 1, I - Statuti dei comuni, 1274-1790",1274,"Riva del Garda",22153,"Riva del Garda",1,1274,NA,NA,NA,NA
"Ripperia Horte et Insula","Ripperia Horte et Insula","https://www.senato.it/w3/Biblioteca/catalogoDegliStatutiMedievali.nsf/de148d287da34e08c1256e4c002f1718/4390e1072272017bc1256fa40048d215?OpenDocument","Orta San Giulio I 1, I - Statuti dei comuni, 1343-1390",1343,"Orta San Giulio","Orta San Giulio","Orta San Giulio I 1, I - Statuti dei comuni, 1343-1390",1343,"Orta San Giulio",3112,"Orta San Giulio",1,1343,NA,NA,NA,NA
"Riva del Garda","Riva del Garda","https://www.senato.it/w3/Biblioteca/catalogoDegliStatutiMedievali.nsf/de148d287da34e08c1256e4c002f1718/c7e1830e78ea724cc1256fac003eee7b?OpenDocument","Riva I 1, I - Statuti dei comuni, 1274-1790",1274,"Riva del Garda","Riva del Garda","Riva I 1, I - Statuti dei comuni, 1274-1790",1274,"Riva del Garda",22153,"Riva del Garda",1,1274,NA,NA,NA,NA
"Riva di Trento","Riva di Trento","https://www.senato.it/w3/Biblioteca/catalogoDegliStatutiMedievali.nsf/de148d287da34e08c1256e4c002f1718/c7e1830e78ea724cc1256fac003eee7b?OpenDocument","Riva I 1, I - Statuti dei comuni, 1274-1790",1274,"Riva del Garda","Riva del Garda","Riva I 1, I - Statuti dei comuni, 1274-1790",1274,"Riva del Garda",22153,"Riva del Garda",1,1274,NA,NA,NA,NA
"Riva presso Chieri","Riva presso Chieri","https://www.senato.it/w3/Biblioteca/catalogoDegliStatutiMedievali.nsf/de148d287da34e08c1256e4c002f1718/1db3544c51b65bdfc1256fac003eef77?OpenDocument","Riva presso Chieri I 1, I - Statuti dei comuni, 1509",1509,"Riva presso Chieri","Riva presso Chieri","Riva presso Chieri I 1, I - Statuti dei comuni, 1509",1509,"Riva presso Chieri",1215,"Riva presso Chieri",1,1509,NA,NA,NA,NA
"Rivalta di Torino","Rivalta di Torino","https://www.senato.it/w3/Biblioteca/catalogoDegliStatutiMedievali.nsf/de148d287da34e08c1256e4c002f1718/f975ca5e3cba09a4c1256fac003eef0b?OpenDocument","Rivalta di Torino I 1, I - Statuti dei comuni, 1297",1297,"Rivalta di Torino","Rivalta di Torino","Rivalta di Torino I 1, I - Statuti dei comuni, 1297",1297,"Rivalta di Torino",1214,"Rivalta di Torino",1,1297,NA,NA,NA,NA
"Rivara","Rivara","https://www.senato.it/w3/Biblioteca/catalogoDegliStatutiMedievali.nsf/de148d287da34e08c1256e4c002f1718/734c22af4c27e676c1256fac003eef1b?OpenDocument","Rivara I 1, I - Statuti dei comuni, sec. XIV-XV",NA,"Rivara","Rivara","Rivara I 1, I - Statuti dei comuni, sec. XIV-XV",NA,"Rivara",1216,"Rivara",1,NA,NA,NA,NA,NA
"Rivarolo Canavese","Rivarolo Canavese","https://www.senato.it/w3/Biblioteca/catalogoDegliStatutiMedievali.nsf/de148d287da34e08c1256e4c002f1718/a906ee80ed32f54fc1256fac003eef30?OpenDocument","Rivarolo Canavese I 1, I - Statuti dei comuni, 1358",1358,"Rivarolo Canavese","Rivarolo Canavese","Rivarolo Canavese I 1, I - Statuti dei comuni, 1358",1358,"Rivarolo Canavese",1217,"Rivarolo Canavese",1,1358,NA,NA,NA,NA
"Rivarolo Fuori","Rivarolo Fuori","https://www.senato.it/w3/Biblioteca/catalogoDegliStatutiMedievali.nsf/de148d287da34e08c1256e4c002f1718/5f9f7918d35ec900c1258c4900534f83?OpenDocument","Rivarolo Mantovano I 1, I - Statuti dei comuni, 1483-1766",1483,"Rivarolo Mantovano","Rivarolo Mantovano","Rivarolo Mantovano I 1, I - Statuti dei comuni, 1483-1766",1483,"Rivarolo Mantovano",20050,"Rivarolo Mantovano",1,1483,NA,NA,NA,NA
"Rivarolo Mantovano","Rivarolo Mantovano","https://www.senato.it/w3/Biblioteca/catalogoDegliStatutiMedievali.nsf/de148d287da34e08c1256e4c002f1718/5f9f7918d35ec900c1258c4900534f83?OpenDocument","Rivarolo Mantovano I 1, I - Statuti dei comuni, 1483-1766",1483,"Rivarolo Mantovano","Rivarolo Mantovano","Rivarolo Mantovano I 1, I - Statuti dei comuni, 1483-1766",1483,"Rivarolo Mantovano",20050,"Rivarolo Mantovano",1,1483,NA,NA,NA,NA
"Riviera d'Orta","Riviera d'Orta","https://www.senato.it/w3/Biblioteca/catalogoDegliStatutiMedievali.nsf/de148d287da34e08c1256e4c002f1718/4390e1072272017bc1256fa40048d215?OpenDocument","Orta San Giulio I 1, I - Statuti dei comuni, 1343-1390",1343,"Orta San Giulio","Orta San Giulio","Orta San Giulio I 1, I - Statuti dei comuni, 1343-1390",1343,"Orta San Giulio",3112,"Orta San Giulio",1,1343,NA,NA,NA,NA
"Riviera di San Giulio","Riviera di San Giulio","https://www.senato.it/w3/Biblioteca/catalogoDegliStatutiMedievali.nsf/de148d287da34e08c1256e4c002f1718/4390e1072272017bc1256fa40048d215?OpenDocument","Orta San Giulio I 1, I - Statuti dei comuni, 1343-1390",1343,"Orta San Giulio","Orta San Giulio","Orta San Giulio I 1, I - Statuti dei comuni, 1343-1390",1343,"Orta San Giulio",3112,"Orta San Giulio",1,1343,NA,NA,NA,NA
"Rivofreddo","Rivofreddo","https://www.senato.it/w3/Biblioteca/catalogoDegliStatutiMedievali.nsf/de148d287da34e08c1256e4c002f1718/9ca7474130385b48c1256fac003eeb95?OpenDocument","Rifreddo I 1, I - Statuti dei comuni, 1434",1434,"Rifreddo","Rifreddo","Rifreddo I 1, I - Statuti dei comuni, 1434",1434,"Rifreddo",4181,"Rifreddo",1,1434,NA,NA,NA,NA
"Rivoli","Rivoli","https://www.senato.it/w3/Biblioteca/catalogoDegliStatutiMedievali.nsf/de148d287da34e08c1256e4c002f1718/fa3a24e4fe322f1fc1256fac003ef1f4?OpenDocument","Rivoli I 1, I - Statuti dei comuni, 1247",1247,"Rivoli","Rivoli","Rivoli I 1, I - Statuti dei comuni, 1247",1247,"Rivoli",1219,"Rivoli",1,1247,NA,NA,NA,NA
"Rivusfrigidus","Rivusfrigidus","https://www.senato.it/w3/Biblioteca/catalogoDegliStatutiMedievali.nsf/de148d287da34e08c1256e4c002f1718/9ca7474130385b48c1256fac003eeb95?OpenDocument","Rifreddo I 1, I - Statuti dei comuni, 1434",1434,"Rifreddo","Rifreddo","Rifreddo I 1, I - Statuti dei comuni, 1434",1434,"Rifreddo",4181,"Rifreddo",1,1434,NA,NA,NA,NA
"Roboreto","Roboreto","https://www.senato.it/w3/Biblioteca/catalogoDegliStatutiMedievali.nsf/de148d287da34e08c1256e4c002f1718/1e207c6f586fdfcfc1256fac003ef9d2?OpenDocument","Rovereto I 1, I - Statuti dei comuni, 1205-1768",1205,"Rovereto","Rovereto","Rovereto I 1, I - Statuti dei comuni, 1205-1768",1205,"Rovereto",22161,"Rovereto",1,1205,NA,NA,NA,NA
"Rocca de' Baldi","Rocca de' Baldi","https://www.senato.it/w3/Biblioteca/catalogoDegliStatutiMedievali.nsf/de148d287da34e08c1256e4c002f1718/c741a3d464bfb6bbc1256fac003ef371?OpenDocument","Rocca de' Baldi I 1, I - Statuti dei comuni, 1448",1448,"Rocca de' Baldi","Rocca de' Baldi","Rocca de' Baldi I 1, I - Statuti dei comuni, 1448",1448,"Rocca de' Baldi",4189,"Rocca de' Baldi",1,1448,NA,NA,NA,NA
"Rocca di Pettore","Rocca di Pettore","https://www.senato.it/w3/Biblioteca/catalogoDegliStatutiMedievali.nsf/de148d287da34e08c1256e4c002f1718/982c6d1fa1ba10a7c1256fac003ef3fb?OpenDocument","Rocca Pietore I 1, I - Statuti dei comuni, 1392-1797",1392,"Rocca Pietore","Rocca Pietore","Rocca Pietore I 1, I - Statuti dei comuni, 1392-1797",1392,"Rocca Pietore",25044,"Rocca Pietore",1,1392,NA,NA,NA,NA
"Rocca di Piettore","Rocca di Piettore","https://www.senato.it/w3/Biblioteca/catalogoDegliStatutiMedievali.nsf/de148d287da34e08c1256e4c002f1718/982c6d1fa1ba10a7c1256fac003ef3fb?OpenDocument","Rocca Pietore I 1, I - Statuti dei comuni, 1392-1797",1392,"Rocca Pietore","Rocca Pietore","Rocca Pietore I 1, I - Statuti dei comuni, 1392-1797",1392,"Rocca Pietore",25044,"Rocca Pietore",1,1392,NA,NA,NA,NA
"Rocca Pietore","Rocca Pietore","https://www.senato.it/w3/Biblioteca/catalogoDegliStatutiMedievali.nsf/de148d287da34e08c1256e4c002f1718/982c6d1fa1ba10a7c1256fac003ef3fb?OpenDocument","Rocca Pietore I 1, I - Statuti dei comuni, 1392-1797",1392,"Rocca Pietore","Rocca Pietore","Rocca Pietore I 1, I - Statuti dei comuni, 1392-1797",1392,"Rocca Pietore",25044,"Rocca Pietore",1,1392,NA,NA,NA,NA
"Rocca San Casciano","Rocca San Casciano","https://www.senato.it/w3/Biblioteca/catalogoDegliStatutiMedievali.nsf/de148d287da34e08c1256e4c002f1718/db6324efd6530e1fc1256fac003ef4b8?OpenDocument","Rocca San Casciano I 1, I - Statuti dei comuni, 1412",1412,"Rocca San Casciano","Rocca San Casciano","Rocca San Casciano I 1, I - Statuti dei comuni, 1412",1412,"Rocca San Casciano",40036,"Rocca San Casciano",1,1412,NA,NA,NA,NA
"Rocca San Giovanni","Rocca San Giovanni","https://www.senato.it/w3/Biblioteca/catalogoDegliStatutiMedievali.nsf/de148d287da34e08c1256e4c002f1718/08c236cc3a83ca90c1256fac003ef542?OpenDocument","Rocca San Giovanni I 1, I - Statuti dei comuni, 1200",1200,"Rocca San Giovanni","Rocca San Giovanni","Rocca San Giovanni I 1, I - Statuti dei comuni, 1200",1200,"Rocca San Giovanni",69074,"Rocca San Giovanni",1,1200,NA,NA,NA,NA
"Rocca Santo Stefano","Rocca Santo Stefano","https://www.senato.it/w3/Biblioteca/catalogoDegliStatutiMedievali.nsf/de148d287da34e08c1256e4c002f1718/6d07a1a83362960dc1256fac003ef55e?OpenDocument","Rocca Santo Stefano I 1, I - Statuti dei comuni, sec. XIV",NA,"Rocca Santo Stefano","Rocca Santo Stefano","Rocca Santo Stefano I 1, I - Statuti dei comuni, sec. XIV",NA,"Rocca Santo Stefano",58089,"Rocca Santo Stefano",1,NA,NA,NA,NA,NA
"Roccabernarda","Roccabernarda","https://www.senato.it/w3/Biblioteca/catalogoDegliStatutiMedievali.nsf/de148d287da34e08c1256e4c002f1718/f08b8fd5aa2d7e38c1256fac003ef213?OpenDocument","Roccabernarda I 1, I - Statuti dei comuni, 1491",1491,"Roccabernarda","Roccabernarda","Roccabernarda I 1, I - Statuti dei comuni, 1491",1491,"Roccabernarda",101018,"Roccabernarda",1,1491,NA,NA,NA,NA
"Roccabruna","Roccabruna","https://www.senato.it/w3/Biblioteca/catalogoDegliStatutiMedievali.nsf/de148d287da34e08c1256e4c002f1718/84339b86932f6e48c1256fac003ef222?OpenDocument","Roccabruna I 1, I - Statuti dei comuni, 1510-1537",1510,"Roccabruna","Roccabruna","Roccabruna I 1, I - Statuti dei comuni, 1510-1537",1510,"Roccabruna",4187,"Roccabruna",1,1510,NA,NA,NA,NA
"Roccadaspide","Roccadaspide","https://www.senato.it/w3/Biblioteca/catalogoDegliStatutiMedievali.nsf/de148d287da34e08c1256e4c002f1718/7e202d20bfb883a4c1256fac003ef3ab?OpenDocument","Roccadaspide I 1, I - Statuti dei comuni, sec. XVI",NA,"Roccadaspide","Roccadaspide","Roccadaspide I 1, I - Statuti dei comuni, sec. XVI",NA,"Roccadaspide",65106,"Roccadaspide",1,NA,NA,NA,NA,NA
"Roccalbegna","Roccalbegna","https://www.senato.it/w3/Biblioteca/catalogoDegliStatutiMedievali.nsf/de148d287da34e08c1256e4c002f1718/9a1f9121888e5e2bc1256fac003ef257?OpenDocument","Roccalbegna I 1, I - Statuti dei comuni, 1580-1749",1580,"Roccalbegna","Roccalbegna","Roccalbegna I 1, I - Statuti dei comuni, 1580-1749",1580,"Roccalbegna",53020,"Roccalbegna",1,1580,NA,NA,NA,NA
"Roccantica","Roccantica","https://www.senato.it/w3/Biblioteca/catalogoDegliStatutiMedievali.nsf/de148d287da34e08c1256e4c002f1718/9f948a32cf3c2489c1256fac003ef29b?OpenDocument","Roccantica I 1, I - Statuti dei comuni, 1326-1446",1326,"Roccantica","Roccantica","Roccantica I 1, I - Statuti dei comuni, 1326-1446",1326,"Roccantica",57061,"Roccantica",1,1326,NA,NA,NA,NA
"Roccha Antiqua","Roccha Antiqua","https://www.senato.it/w3/Biblioteca/catalogoDegliStatutiMedievali.nsf/de148d287da34e08c1256e4c002f1718/9f948a32cf3c2489c1256fac003ef29b?OpenDocument","Roccantica I 1, I - Statuti dei comuni, 1326-1446",1326,"Roccantica","Roccantica","Roccantica I 1, I - Statuti dei comuni, 1326-1446",1326,"Roccantica",57061,"Roccantica",1,1326,NA,NA,NA,NA
"Rocchetta Santo Stefano","Rocchetta Santo Stefano","https://www.senato.it/w3/Biblioteca/catalogoDegliStatutiMedievali.nsf/de148d287da34e08c1256e4c002f1718/6d07a1a83362960dc1256fac003ef55e?OpenDocument","Rocca Santo Stefano I 1, I - Statuti dei comuni, sec. XIV",NA,"Rocca Santo Stefano","Rocca Santo Stefano","Rocca Santo Stefano I 1, I - Statuti dei comuni, sec. XIV",NA,"Rocca Santo Stefano",58089,"Rocca Santo Stefano",1,NA,NA,NA,NA,NA
"Rocha Pectoris","Rocha Pectoris","https://www.senato.it/w3/Biblioteca/catalogoDegliStatutiMedievali.nsf/de148d287da34e08c1256e4c002f1718/982c6d1fa1ba10a7c1256fac003ef3fb?OpenDocument","Rocca Pietore I 1, I - Statuti dei comuni, 1392-1797",1392,"Rocca Pietore","Rocca Pietore","Rocca Pietore I 1, I - Statuti dei comuni, 1392-1797",1392,"Rocca Pietore",25044,"Rocca Pietore",1,1392,NA,NA,NA,NA
"Rochebaudorum","Rochebaudorum","https://www.senato.it/w3/Biblioteca/catalogoDegliStatutiMedievali.nsf/de148d287da34e08c1256e4c002f1718/c741a3d464bfb6bbc1256fac003ef371?OpenDocument","Rocca de' Baldi I 1, I - Statuti dei comuni, 1448",1448,"Rocca de' Baldi","Rocca de' Baldi","Rocca de' Baldi I 1, I - Statuti dei comuni, 1448",1448,"Rocca de' Baldi",4189,"Rocca de' Baldi",1,1448,NA,NA,NA,NA
"Rochebrune","Rochebrune","https://www.senato.it/w3/Biblioteca/catalogoDegliStatutiMedievali.nsf/de148d287da34e08c1256e4c002f1718/84339b86932f6e48c1256fac003ef222?OpenDocument","Roccabruna I 1, I - Statuti dei comuni, 1510-1537",1510,"Roccabruna","Roccabruna","Roccabruna I 1, I - Statuti dei comuni, 1510-1537",1510,"Roccabruna",4187,"Roccabruna",1,1510,NA,NA,NA,NA
"Rodigo","Rodigo","https://www.senato.it/w3/Biblioteca/catalogoDegliStatutiMedievali.nsf/de148d287da34e08c1256e4c002f1718/44380673e6e0cd4bc1256fac003ef593?OpenDocument","Rodigo I 1, I - Statuti dei comuni, 1483-1710",1483,"Rodigo","Rodigo","Rodigo I 1, I - Statuti dei comuni, 1483-1710",1483,"Rodigo",20051,"Rodigo",1,1483,NA,NA,NA,NA
"Rofrano","Rofrano","https://www.senato.it/w3/Biblioteca/catalogoDegliStatutiMedievali.nsf/de148d287da34e08c1256e4c002f1718/44c051ffb6fcfbf3c1256fac003ef610?OpenDocument","Rofrano I 1, I - Statuti dei comuni, 1135",1135,"Rofrano","Rofrano","Rofrano I 1, I - Statuti dei comuni, 1135",1135,"Rofrano",65109,"Rofrano",1,1135,NA,NA,NA,NA
"Rogolo","Rogolo","https://www.senato.it/w3/Biblioteca/catalogoDegliStatutiMedievali.nsf/de148d287da34e08c1256e4c002f1718/74ca2641b76079e9c1256fac003ef62d?OpenDocument","Rogolo I 1, I - Statuti dei comuni, 1204",1204,"Rogolo","Rogolo","Rogolo I 1, I - Statuti dei comuni, 1204",1204,"Rogolo",14056,"Rogolo",1,1204,NA,NA,NA,NA
"Rolae","Rolae","https://www.senato.it/w3/Biblioteca/catalogoDegliStatutiMedievali.nsf/de148d287da34e08c1256e4c002f1718/36982036deeb7ef9c1256fac003ef65e?OpenDocument","Rolo I 1, I - Statuti dei comuni, 1579-1701",1579,"Rolo","Rolo","Rolo I 1, I - Statuti dei comuni, 1579-1701",1579,"Rolo",35035,"Rolo",1,1579,NA,NA,NA,NA
"Rolo","Rolo","https://www.senato.it/w3/Biblioteca/catalogoDegliStatutiMedievali.nsf/de148d287da34e08c1256e4c002f1718/36982036deeb7ef9c1256fac003ef65e?OpenDocument","Rolo I 1, I - Statuti dei comuni, 1579-1701",1579,"Rolo","Rolo","Rolo I 1, I - Statuti dei comuni, 1579-1701",1579,"Rolo",35035,"Rolo",1,1579,NA,NA,NA,NA
"Rolum","Rolum","https://www.senato.it/w3/Biblioteca/catalogoDegliStatutiMedievali.nsf/de148d287da34e08c1256e4c002f1718/36982036deeb7ef9c1256fac003ef65e?OpenDocument","Rolo I 1, I - Statuti dei comuni, 1579-1701",1579,"Rolo","Rolo","Rolo I 1, I - Statuti dei comuni, 1579-1701",1579,"Rolo",35035,"Rolo",1,1579,NA,NA,NA,NA
"Roma","Roma","https://www.senato.it/w3/Biblioteca/catalogoDegliStatutiMedievali.nsf/de148d287da34e08c1256e4c002f1718/50593c22efc65cbbc1256fac003eff92?OpenDocument","Roma I 1, I - Statuti dei comuni, 1213",1213,"Roma","Roma","Roma I 1, I - Statuti dei comuni, 1213",1213,"Roma",58091,"Roma",1,1213,NA,NA,NA,NA
"Romano Canavese","Romano Canavese","https://www.senato.it/w3/Biblioteca/catalogoDegliStatutiMedievali.nsf/de148d287da34e08c1256e4c002f1718/574f36f3f4c55dfec1256fac003ef688?OpenDocument","Romano Canavese I 1, I - Statuti dei comuni, 1315-1462",1315,"Romano Canavese","Romano Canavese","Romano Canavese I 1, I - Statuti dei comuni, 1315-1462",1315,"Romano Canavese",1223,"Romano Canavese",1,1315,NA,NA,NA,NA
"Romano di Lombardia","Romano di Lombardia","https://www.senato.it/w3/Biblioteca/catalogoDegliStatutiMedievali.nsf/de148d287da34e08c1256e4c002f1718/8756612d9bf7c94ec1256fac003ef6de?OpenDocument","Romano di Lombardia I 1, I - Statuti dei comuni, 1151-1797",1151,"Romano di Lombardia","Romano di Lombardia","Romano di Lombardia I 1, I - Statuti dei comuni, 1151-1797",1151,"Romano di Lombardia",16183,"Romano di Lombardia",1,1151,NA,NA,NA,NA
"Romanum","Romanum","https://www.senato.it/w3/Biblioteca/catalogoDegliStatutiMedievali.nsf/de148d287da34e08c1256e4c002f1718/574f36f3f4c55dfec1256fac003ef688?OpenDocument","Romano Canavese I 1, I - Statuti dei comuni, 1315-1462",1315,"Romano Canavese","Romano Canavese","Romano Canavese I 1, I - Statuti dei comuni, 1315-1462",1315,"Romano Canavese",1223,"Romano Canavese",1,1315,NA,NA,NA,NA
"Ronciglione","Ronciglione","https://www.senato.it/w3/Biblioteca/catalogoDegliStatutiMedievali.nsf/de148d287da34e08c1256e4c002f1718/8d05999f14b65aaec1256fac003ef779?OpenDocument","Ronciglione I 1, I - Statuti dei comuni, 1558",1558,"Ronciglione","Ronciglione","Ronciglione I 1, I - Statuti dei comuni, 1558",1558,"Ronciglione",56045,"Ronciglione",1,1558,NA,NA,NA,NA
"Roncilio","Roncilio","https://www.senato.it/w3/Biblioteca/catalogoDegliStatutiMedievali.nsf/de148d287da34e08c1256e4c002f1718/8d05999f14b65aaec1256fac003ef779?OpenDocument","Ronciglione I 1, I - Statuti dei comuni, 1558",1558,"Ronciglione","Ronciglione","Ronciglione I 1, I - Statuti dei comuni, 1558",1558,"Ronciglione",56045,"Ronciglione",1,1558,NA,NA,NA,NA
"Roseto Valfortore","Roseto Valfortore","https://www.senato.it/w3/Biblioteca/catalogoDegliStatutiMedievali.nsf/de148d287da34e08c1256e4c002f1718/c177a2793aff43c0c1256fac003ef7f7?OpenDocument","Roseto Valfortore I 1, I - Statuti dei comuni, 1599-1705",1599,"Roseto Valfortore","Roseto Valfortore","Roseto Valfortore I 1, I - Statuti dei comuni, 1599-1705",1599,"Roseto Valfortore",71044,"Roseto Valfortore",1,1599,NA,NA,NA,NA
"Rosignano Marittimo","Rosignano Marittimo","https://www.senato.it/w3/Biblioteca/catalogoDegliStatutiMedievali.nsf/de148d287da34e08c1256e4c002f1718/50d3b6c1c9c3ce7cc1256fac003ef834?OpenDocument","Rosignano Marittimo I 1, I - Statuti dei comuni, 1726",1726,"Rosignano Marittimo","Rosignano Marittimo","Rosignano Marittimo I 1, I - Statuti dei comuni, 1726",1726,"Rosignano Marittimo",49017,"Rosignano Marittimo",1,1726,NA,NA,NA,NA
"Rosignano Monferrato","Rosignano Monferrato","https://www.senato.it/w3/Biblioteca/catalogoDegliStatutiMedievali.nsf/de148d287da34e08c1256e4c002f1718/b1e4944da77e705cc1256fac003ef87f?OpenDocument","Rosignano Monferrato I 1, I - Statuti dei comuni, 1305-1581",1305,"Rosignano Monferrato","Rosignano Monferrato","Rosignano Monferrato I 1, I - Statuti dei comuni, 1305-1581",1305,"Rosignano Monferrato",6149,"Rosignano Monferrato",1,1305,NA,NA,NA,NA
"Rosito","Rosito","https://www.senato.it/w3/Biblioteca/catalogoDegliStatutiMedievali.nsf/de148d287da34e08c1256e4c002f1718/c177a2793aff43c0c1256fac003ef7f7?OpenDocument","Roseto Valfortore I 1, I - Statuti dei comuni, 1599-1705",1599,"Roseto Valfortore","Roseto Valfortore","Roseto Valfortore I 1, I - Statuti dei comuni, 1599-1705",1599,"Roseto Valfortore",71044,"Roseto Valfortore",1,1599,NA,NA,NA,NA
"Rossiglione","Rossiglione","https://www.senato.it/w3/Biblioteca/catalogoDegliStatutiMedievali.nsf/de148d287da34e08c1256e4c002f1718/5bf97e0949ce200dc1256fac003ef907?OpenDocument","Rossiglione I 1, I - Statuti dei comuni, 1301-1450",1301,"Rossiglione","Rossiglione","Rossiglione I 1, I - Statuti dei comuni, 1301-1450",1301,"Rossiglione",10051,"Rossiglione",1,1301,NA,NA,NA,NA
"Rotigliano","Rotigliano","https://www.senato.it/w3/Biblioteca/catalogoDegliStatutiMedievali.nsf/de148d287da34e08c1256e4c002f1718/2e7c806a4c583301c1256fac003efeda?OpenDocument","Rutigliano I 1, I - Statuti dei comuni, 1407-1494",1407,"Rutigliano","Rutigliano","Rutigliano I 1, I - Statuti dei comuni, 1407-1494",1407,"Rutigliano",72037,"Rutigliano",1,1407,NA,NA,NA,NA
"Rotingum","Rotingum","https://www.senato.it/w3/Biblioteca/catalogoDegliStatutiMedievali.nsf/de148d287da34e08c1256e4c002f1718/44380673e6e0cd4bc1256fac003ef593?OpenDocument","Rodigo I 1, I - Statuti dei comuni, 1483-1710",1483,"Rodigo","Rodigo","Rodigo I 1, I - Statuti dei comuni, 1483-1710",1483,"Rodigo",20051,"Rodigo",1,1483,NA,NA,NA,NA
"Rovato","Rovato","https://www.senato.it/w3/Biblioteca/catalogoDegliStatutiMedievali.nsf/de148d287da34e08c1256e4c002f1718/767794e1a5afd549c1256fac003ef9b1?OpenDocument","Rovato I 1, I - Statuti dei comuni, 1406-1744",1406,"Rovato","Rovato","Rovato I 1, I - Statuti dei comuni, 1406-1744",1406,"Rovato",17166,"Rovato",1,1406,NA,NA,NA,NA
"Roveredo","Roveredo","https://www.senato.it/w3/Biblioteca/catalogoDegliStatutiMedievali.nsf/de148d287da34e08c1256e4c002f1718/1e207c6f586fdfcfc1256fac003ef9d2?OpenDocument","Rovereto I 1, I - Statuti dei comuni, 1205-1768",1205,"Rovereto","Rovereto","Rovereto I 1, I - Statuti dei comuni, 1205-1768",1205,"Rovereto",22161,"Rovereto",1,1205,NA,NA,NA,NA
"Roveredum","Roveredum","https://www.senato.it/w3/Biblioteca/catalogoDegliStatutiMedievali.nsf/de148d287da34e08c1256e4c002f1718/1e207c6f586fdfcfc1256fac003ef9d2?OpenDocument","Rovereto I 1, I - Statuti dei comuni, 1205-1768",1205,"Rovereto","Rovereto","Rovereto I 1, I - Statuti dei comuni, 1205-1768",1205,"Rovereto",22161,"Rovereto",1,1205,NA,NA,NA,NA
"Rovereto","Rovereto","https://www.senato.it/w3/Biblioteca/catalogoDegliStatutiMedievali.nsf/de148d287da34e08c1256e4c002f1718/1e207c6f586fdfcfc1256fac003ef9d2?OpenDocument","Rovereto I 1, I - Statuti dei comuni, 1205-1768",1205,"Rovereto","Rovereto","Rovereto I 1, I - Statuti dei comuni, 1205-1768",1205,"Rovereto",22161,"Rovereto",1,1205,NA,NA,NA,NA
"Roviano","Roviano","https://www.senato.it/w3/Biblioteca/catalogoDegliStatutiMedievali.nsf/de148d287da34e08c1256e4c002f1718/2a1ed9494b3757d2c1256fac003efad3?OpenDocument","Roviano I 1, I - Statuti dei comuni, 1268-1579",1268,"Roviano","Roviano","Roviano I 1, I - Statuti dei comuni, 1268-1579",1268,"Roviano",58092,"Roviano",1,1268,NA,NA,NA,NA
"Rovigo","Rovigo","https://www.senato.it/w3/Biblioteca/catalogoDegliStatutiMedievali.nsf/de148d287da34e08c1256e4c002f1718/308e647ba6284cc9c1256fac003efcba?OpenDocument","Rovigo I 1, I - Statuti dei comuni, 1482-1778",1482,"Rovigo","Rovigo","Rovigo I 1, I - Statuti dei comuni, 1482-1778",1482,"Rovigo",29041,"Rovigo",1,1482,NA,NA,NA,NA
"Rovole","Rovole","https://www.senato.it/w3/Biblioteca/catalogoDegliStatutiMedievali.nsf/de148d287da34e08c1256e4c002f1718/74ca2641b76079e9c1256fac003ef62d?OpenDocument","Rogolo I 1, I - Statuti dei comuni, 1204",1204,"Rogolo","Rogolo","Rogolo I 1, I - Statuti dei comuni, 1204",1204,"Rogolo",14056,"Rogolo",1,1204,NA,NA,NA,NA
"Roxignanum","Roxignanum","https://www.senato.it/w3/Biblioteca/catalogoDegliStatutiMedievali.nsf/de148d287da34e08c1256e4c002f1718/b1e4944da77e705cc1256fac003ef87f?OpenDocument","Rosignano Monferrato I 1, I - Statuti dei comuni, 1305-1581",1305,"Rosignano Monferrato","Rosignano Monferrato","Rosignano Monferrato I 1, I - Statuti dei comuni, 1305-1581",1305,"Rosignano Monferrato",6149,"Rosignano Monferrato",1,1305,NA,NA,NA,NA
"Rubbiera","Rubbiera","https://www.senato.it/w3/Biblioteca/catalogoDegliStatutiMedievali.nsf/de148d287da34e08c1256e4c002f1718/9c23b28ba11d917fc1256fac003efe5a?OpenDocument","Rubiera I 1, I - Statuti dei comuni, 1614-1615",1614,"Rubiera","Rubiera","Rubiera I 1, I - Statuti dei comuni, 1614-1615",1614,"Rubiera",35036,"Rubiera",1,1614,NA,NA,NA,NA
"Rubiano","Rubiano","https://www.senato.it/w3/Biblioteca/catalogoDegliStatutiMedievali.nsf/de148d287da34e08c1256e4c002f1718/2a1ed9494b3757d2c1256fac003efad3?OpenDocument","Roviano I 1, I - Statuti dei comuni, 1268-1579",1268,"Roviano","Roviano","Roviano I 1, I - Statuti dei comuni, 1268-1579",1268,"Roviano",58092,"Roviano",1,1268,NA,NA,NA,NA
"Rubianu","Rubianu","https://www.senato.it/w3/Biblioteca/catalogoDegliStatutiMedievali.nsf/de148d287da34e08c1256e4c002f1718/2a1ed9494b3757d2c1256fac003efad3?OpenDocument","Roviano I 1, I - Statuti dei comuni, 1268-1579",1268,"Roviano","Roviano","Roviano I 1, I - Statuti dei comuni, 1268-1579",1268,"Roviano",58092,"Roviano",1,1268,NA,NA,NA,NA
"Rubianun","Rubianun","https://www.senato.it/w3/Biblioteca/catalogoDegliStatutiMedievali.nsf/de148d287da34e08c1256e4c002f1718/2a1ed9494b3757d2c1256fac003efad3?OpenDocument","Roviano I 1, I - Statuti dei comuni, 1268-1579",1268,"Roviano","Roviano","Roviano I 1, I - Statuti dei comuni, 1268-1579",1268,"Roviano",58092,"Roviano",1,1268,NA,NA,NA,NA
"Rubiera","Rubiera","https://www.senato.it/w3/Biblioteca/catalogoDegliStatutiMedievali.nsf/de148d287da34e08c1256e4c002f1718/9c23b28ba11d917fc1256fac003efe5a?OpenDocument","Rubiera I 1, I - Statuti dei comuni, 1614-1615",1614,"Rubiera","Rubiera","Rubiera I 1, I - Statuti dei comuni, 1614-1615",1614,"Rubiera",35036,"Rubiera",1,1614,NA,NA,NA,NA
"Rumanum","Rumanum","https://www.senato.it/w3/Biblioteca/catalogoDegliStatutiMedievali.nsf/de148d287da34e08c1256e4c002f1718/8756612d9bf7c94ec1256fac003ef6de?OpenDocument","Romano di Lombardia I 1, I - Statuti dei comuni, 1151-1797",1151,"Romano di Lombardia","Romano di Lombardia","Romano di Lombardia I 1, I - Statuti dei comuni, 1151-1797",1151,"Romano di Lombardia",16183,"Romano di Lombardia",1,1151,NA,NA,NA,NA
"Ruolo","Ruolo","https://www.senato.it/w3/Biblioteca/catalogoDegliStatutiMedievali.nsf/de148d287da34e08c1256e4c002f1718/36982036deeb7ef9c1256fac003ef65e?OpenDocument","Rolo I 1, I - Statuti dei comuni, 1579-1701",1579,"Rolo","Rolo","Rolo I 1, I - Statuti dei comuni, 1579-1701",1579,"Rolo",35035,"Rolo",1,1579,NA,NA,NA,NA
"Russi","Russi","https://www.senato.it/w3/Biblioteca/catalogoDegliStatutiMedievali.nsf/de148d287da34e08c1256e4c002f1718/89b02ebeef4a3157c1256fac003efec9?OpenDocument","Russi I 1, I - Statuti dei comuni, 1514-1525",1514,"Russi","Russi","Russi I 1, I - Statuti dei comuni, 1514-1525",1514,"Russi",39016,"Russi",1,1514,NA,NA,NA,NA
"Rutigliano","Rutigliano","https://www.senato.it/w3/Biblioteca/catalogoDegliStatutiMedievali.nsf/de148d287da34e08c1256e4c002f1718/2e7c806a4c583301c1256fac003efeda?OpenDocument","Rutigliano I 1, I - Statuti dei comuni, 1407-1494",1407,"Rutigliano","Rutigliano","Rutigliano I 1, I - Statuti dei comuni, 1407-1494",1407,"Rutigliano",72037,"Rutigliano",1,1407,NA,NA,NA,NA
"Rutilianum","Rutilianum","https://www.senato.it/w3/Biblioteca/catalogoDegliStatutiMedievali.nsf/de148d287da34e08c1256e4c002f1718/2e7c806a4c583301c1256fac003efeda?OpenDocument","Rutigliano I 1, I - Statuti dei comuni, 1407-1494",1407,"Rutigliano","Rutigliano","Rutigliano I 1, I - Statuti dei comuni, 1407-1494",1407,"Rutigliano",72037,"Rutigliano",1,1407,NA,NA,NA,NA
"Ruvianum","Ruvianum","https://www.senato.it/w3/Biblioteca/catalogoDegliStatutiMedievali.nsf/de148d287da34e08c1256e4c002f1718/2a1ed9494b3757d2c1256fac003efad3?OpenDocument","Roviano I 1, I - Statuti dei comuni, 1268-1579",1268,"Roviano","Roviano","Roviano I 1, I - Statuti dei comuni, 1268-1579",1268,"Roviano",58092,"Roviano",1,1268,NA,NA,NA,NA
"Ruxiglonum","Ruxiglonum","https://www.senato.it/w3/Biblioteca/catalogoDegliStatutiMedievali.nsf/de148d287da34e08c1256e4c002f1718/5bf97e0949ce200dc1256fac003ef907?OpenDocument","Rossiglione I 1, I - Statuti dei comuni, 1301-1450",1301,"Rossiglione","Rossiglione","Rossiglione I 1, I - Statuti dei comuni, 1301-1450",1301,"Rossiglione",10051,"Rossiglione",1,1301,NA,NA,NA,NA
"Ruxilionum","Ruxilionum","https://www.senato.it/w3/Biblioteca/catalogoDegliStatutiMedievali.nsf/de148d287da34e08c1256e4c002f1718/5bf97e0949ce200dc1256fac003ef907?OpenDocument","Rossiglione I 1, I - Statuti dei comuni, 1301-1450",1301,"Rossiglione","Rossiglione","Rossiglione I 1, I - Statuti dei comuni, 1301-1450",1301,"Rossiglione",10051,"Rossiglione",1,1301,NA,NA,NA,NA
"Ruxilionum Villafranche","Ruxilionum Villafranche","https://www.senato.it/w3/Biblioteca/catalogoDegliStatutiMedievali.nsf/de148d287da34e08c1256e4c002f1718/5bf97e0949ce200dc1256fac003ef907?OpenDocument","Rossiglione I 1, I - Statuti dei comuni, 1301-1450",1301,"Rossiglione","Rossiglione","Rossiglione I 1, I - Statuti dei comuni, 1301-1450",1301,"Rossiglione",10051,"Rossiglione",1,1301,NA,NA,NA,NA
"Sabbioneta","Sabbioneta","https://www.senato.it/w3/Biblioteca/catalogoDegliStatutiMedievali.nsf/de148d287da34e08c1256e4c002f1718/47472a8c9e848532c1256fac00401735?OpenDocument","Sabbioneta I 1, I - Statuti dei comuni, 1483-1626",1483,"Sabbioneta","Sabbioneta","Sabbioneta I 1, I - Statuti dei comuni, 1483-1626",1483,"Sabbioneta",20054,"Sabbioneta",1,1483,NA,NA,NA,NA
"Sabbionetta","Sabbionetta","https://www.senato.it/w3/Biblioteca/catalogoDegliStatutiMedievali.nsf/de148d287da34e08c1256e4c002f1718/47472a8c9e848532c1256fac00401735?OpenDocument","Sabbioneta I 1, I - Statuti dei comuni, 1483-1626",1483,"Sabbioneta","Sabbioneta","Sabbioneta I 1, I - Statuti dei comuni, 1483-1626",1483,"Sabbioneta",20054,"Sabbioneta",1,1483,NA,NA,NA,NA
"Sabloneta","Sabloneta","https://www.senato.it/w3/Biblioteca/catalogoDegliStatutiMedievali.nsf/de148d287da34e08c1256e4c002f1718/47472a8c9e848532c1256fac00401735?OpenDocument","Sabbioneta I 1, I - Statuti dei comuni, 1483-1626",1483,"Sabbioneta","Sabbioneta","Sabbioneta I 1, I - Statuti dei comuni, 1483-1626",1483,"Sabbioneta",20054,"Sabbioneta",1,1483,NA,NA,NA,NA
"Sablorreta","Sablorreta","https://www.senato.it/w3/Biblioteca/catalogoDegliStatutiMedievali.nsf/de148d287da34e08c1256e4c002f1718/47472a8c9e848532c1256fac00401735?OpenDocument","Sabbioneta I 1, I - Statuti dei comuni, 1483-1626",1483,"Sabbioneta","Sabbioneta","Sabbioneta I 1, I - Statuti dei comuni, 1483-1626",1483,"Sabbioneta",20054,"Sabbioneta",1,1483,NA,NA,NA,NA
"Sacca","Sacca","https://www.senato.it/w3/Biblioteca/catalogoDegliStatutiMedievali.nsf/de148d287da34e08c1256e4c002f1718/1fbe60029eae9816c1256fac00403c98?OpenDocument","Sciacca I 1, I - Statuti dei comuni, sec. XV",NA,"Sciacca","Sciacca","Sciacca I 1, I - Statuti dei comuni, sec. XV",NA,"Sciacca",84041,"Sciacca",1,NA,NA,NA,NA,NA
"Saccum","Saccum","https://www.senato.it/w3/Biblioteca/catalogoDegliStatutiMedievali.nsf/de148d287da34e08c1256e4c002f1718/43218d60eeccf937c1256fa400490eac?OpenDocument","Piove di Sacco I 1, I - Statuti dei comuni, 1265-1787",1265,"Piove di Sacco","Piove di Sacco","Piove di Sacco I 1, I - Statuti dei comuni, 1265-1787",1265,"Piove di Sacco",28065,"Piove di Sacco",1,1265,NA,NA,NA,NA
"Sacile","Sacile","https://www.senato.it/w3/Biblioteca/catalogoDegliStatutiMedievali.nsf/de148d287da34e08c1256e4c002f1718/9277c64e533bb778c1256fac004018d0?OpenDocument","Sacile I 1, I - Statuti dei comuni, sec. XIII-XV",NA,"Sacile","Sacile","Sacile I 1, I - Statuti dei comuni, sec. XIII-XV",NA,"Sacile",93037,"Sacile",1,NA,NA,NA,NA,NA
"Sacillum","Sacillum","https://www.senato.it/w3/Biblioteca/catalogoDegliStatutiMedievali.nsf/de148d287da34e08c1256e4c002f1718/9277c64e533bb778c1256fac004018d0?OpenDocument","Sacile I 1, I - Statuti dei comuni, sec. XIII-XV",NA,"Sacile","Sacile","Sacile I 1, I - Statuti dei comuni, sec. XIII-XV",NA,"Sacile",93037,"Sacile",1,NA,NA,NA,NA,NA
"Sacilum","Sacilum","https://www.senato.it/w3/Biblioteca/catalogoDegliStatutiMedievali.nsf/de148d287da34e08c1256e4c002f1718/9277c64e533bb778c1256fac004018d0?OpenDocument","Sacile I 1, I - Statuti dei comuni, sec. XIII-XV",NA,"Sacile","Sacile","Sacile I 1, I - Statuti dei comuni, sec. XIII-XV",NA,"Sacile",93037,"Sacile",1,NA,NA,NA,NA,NA
"Sacrofano","Sacrofano","https://www.senato.it/w3/Biblioteca/catalogoDegliStatutiMedievali.nsf/de148d287da34e08c1256e4c002f1718/48ce516521ee5791c1256fac00401901?OpenDocument","Sacrofano I 1, I - Statuti dei comuni, sec. XVI",NA,"Sacrofano","Sacrofano","Sacrofano I 1, I - Statuti dei comuni, sec. XVI",NA,"Sacrofano",58093,"Sacrofano",1,NA,NA,NA,NA,NA
"Sala Vecchia","Sala Vecchia","https://www.senato.it/w3/Biblioteca/catalogoDegliStatutiMedievali.nsf/de148d287da34e08c1256e4c002f1718/a26f13d0ddca87dfc1256fac00403f76?OpenDocument","Seravezza I 1, I - Statuti dei comuni, 1484",1484,"Seravezza","Seravezza","Seravezza I 1, I - Statuti dei comuni, 1484",1484,"Seravezza",46028,"Seravezza",1,1484,NA,NA,NA,NA
"Sala Vetitia","Sala Vetitia","https://www.senato.it/w3/Biblioteca/catalogoDegliStatutiMedievali.nsf/de148d287da34e08c1256e4c002f1718/a26f13d0ddca87dfc1256fac00403f76?OpenDocument","Seravezza I 1, I - Statuti dei comuni, 1484",1484,"Seravezza","Seravezza","Seravezza I 1, I - Statuti dei comuni, 1484",1484,"Seravezza",46028,"Seravezza",1,1484,NA,NA,NA,NA
"Salabertan","Salabertan","https://www.senato.it/w3/Biblioteca/catalogoDegliStatutiMedievali.nsf/de148d287da34e08c1256e4c002f1718/4e4923460b6d4ca4c1256fac00401a14?OpenDocument","Salbertrand I 1, I - Statuti dei comuni, 1459",1459,"Salbertrand","Salbertrand","Salbertrand I 1, I - Statuti dei comuni, 1459",1459,"Salbertrand",1232,"Salbertrand",1,1459,NA,NA,NA,NA
"Salae","Salae","https://www.senato.it/w3/Biblioteca/catalogoDegliStatutiMedievali.nsf/de148d287da34e08c1256e4c002f1718/ced7732c483e20adc1256fac00401a2b?OpenDocument","Sale I 1, I - Statuti dei comuni, 1413-1470",1413,"Sale","Sale","Sale I 1, I - Statuti dei comuni, 1413-1470",1413,"Sale",6151,"Sale",1,1413,NA,NA,NA,NA
"Salbertrand","Salbertrand","https://www.senato.it/w3/Biblioteca/catalogoDegliStatutiMedievali.nsf/de148d287da34e08c1256e4c002f1718/4e4923460b6d4ca4c1256fac00401a14?OpenDocument","Salbertrand I 1, I - Statuti dei comuni, 1459",1459,"Salbertrand","Salbertrand","Salbertrand I 1, I - Statuti dei comuni, 1459",1459,"Salbertrand",1232,"Salbertrand",1,1459,NA,NA,NA,NA
"Sale","Sale","https://www.senato.it/w3/Biblioteca/catalogoDegliStatutiMedievali.nsf/de148d287da34e08c1256e4c002f1718/ced7732c483e20adc1256fac00401a2b?OpenDocument","Sale I 1, I - Statuti dei comuni, 1413-1470",1413,"Sale","Sale","Sale I 1, I - Statuti dei comuni, 1413-1470",1413,"Sale",6151,"Sale",1,1413,NA,NA,NA,NA
"Sale delle Langhe","Sale delle Langhe","https://www.senato.it/w3/Biblioteca/catalogoDegliStatutiMedievali.nsf/de148d287da34e08c1256e4c002f1718/9b7613f5ed0e9e62c1256fac00401b94?OpenDocument","Sale delle Langhe I 1, I - Statuti dei comuni, 1330-1420",1330,"Sale delle Langhe","Sale delle Langhe","Sale delle Langhe I 1, I - Statuti dei comuni, 1330-1420",1330,"Sale delle Langhe",4199,"Sale delle Langhe",1,1330,NA,NA,NA,NA
"Salemi","Salemi","https://www.senato.it/w3/Biblioteca/catalogoDegliStatutiMedievali.nsf/de148d287da34e08c1256e4c002f1718/9201eb542fdc07b5c1256fac00401a49?OpenDocument","Salemi II1 1, II 1 - Corporazioni",NA,"Salemi","Salemi","Salemi II1 1, II 1 - Corporazioni",NA,"Salemi",81018,"Salemi",1,NA,NA,NA,NA,NA
"Salerno","Salerno","https://www.senato.it/w3/Biblioteca/catalogoDegliStatutiMedievali.nsf/de148d287da34e08c1256e4c002f1718/11b8cad1d7ff0304c1256fac00401a5a?OpenDocument","Salerno I 1, I - Statuti dei comuni, sec. X-XIV",NA,"Salerno","Salerno","Salerno I 1, I - Statuti dei comuni, sec. X-XIV",NA,"Salerno",65116,"Salerno",1,NA,NA,NA,NA,NA
"Salernum","Salernum","https://www.senato.it/w3/Biblioteca/catalogoDegliStatutiMedievali.nsf/de148d287da34e08c1256e4c002f1718/11b8cad1d7ff0304c1256fac00401a5a?OpenDocument","Salerno I 1, I - Statuti dei comuni, sec. X-XIV",NA,"Salerno","Salerno","Salerno I 1, I - Statuti dei comuni, sec. X-XIV",NA,"Salerno",65116,"Salerno",1,NA,NA,NA,NA,NA
"Saluzzo","Saluzzo","https://www.senato.it/w3/Biblioteca/catalogoDegliStatutiMedievali.nsf/de148d287da34e08c1256e4c002f1718/29089a30f325b5c0c1256fac00401d79?OpenDocument","Saluzzo I 1, I - Statuti dei comuni, 1299-1429",1299,"Saluzzo","Saluzzo","Saluzzo I 1, I - Statuti dei comuni, 1299-1429",1299,"Saluzzo",4203,"Saluzzo",1,1299,NA,NA,NA,NA
"Sambuca Pistoiese","Sambuca Pistoiese","https://www.senato.it/w3/Biblioteca/catalogoDegliStatutiMedievali.nsf/de148d287da34e08c1256e4c002f1718/72ed41cf5fe13db1c1256fac00401e52?OpenDocument","Sambuca Pistoiese I 1, I - Statuti dei comuni, 1291",1291,"Sambuca Pistoiese","Sambuca Pistoiese","Sambuca Pistoiese I 1, I - Statuti dei comuni, 1291",1291,"Sambuca Pistoiese",47018,"Sambuca Pistoiese",1,1291,NA,NA,NA,NA
"San Benigno Canavese","San Benigno Canavese","https://www.senato.it/w3/Biblioteca/catalogoDegliStatutiMedievali.nsf/de148d287da34e08c1256e4c002f1718/87254b27b68927a0c1256fac004022de?OpenDocument","San Benigno Canavese I 1, I - Statuti dei comuni, 1318",1318,"San Benigno Canavese","San Benigno Canavese","San Benigno Canavese I 1, I - Statuti dei comuni, 1318",1318,"San Benigno Canavese",1236,"San Benigno Canavese",1,1318,NA,NA,NA,NA
"San Benigno di Fruttuaria","San Benigno di Fruttuaria","https://www.senato.it/w3/Biblioteca/catalogoDegliStatutiMedievali.nsf/de148d287da34e08c1256e4c002f1718/87254b27b68927a0c1256fac004022de?OpenDocument","San Benigno Canavese I 1, I - Statuti dei comuni, 1318",1318,"San Benigno Canavese","San Benigno Canavese","San Benigno Canavese I 1, I - Statuti dei comuni, 1318",1318,"San Benigno Canavese",1236,"San Benigno Canavese",1,1318,NA,NA,NA,NA
"San Casciano dei Bagni","San Casciano dei Bagni","https://www.senato.it/w3/Biblioteca/catalogoDegliStatutiMedievali.nsf/de148d287da34e08c1256e4c002f1718/46424d8005c8337fc1256fac004023a3?OpenDocument","San Casciano dei Bagni I 1, I - Statuti dei comuni, 1777",1777,"San Casciano dei Bagni","San Casciano dei Bagni","San Casciano dei Bagni I 1, I - Statuti dei comuni, 1777",1777,"San Casciano dei Bagni",52027,"San Casciano dei Bagni",1,1777,NA,NA,NA,NA
"San Colombano al Lambro","San Colombano al Lambro","https://www.senato.it/w3/Biblioteca/catalogoDegliStatutiMedievali.nsf/de148d287da34e08c1256e4c002f1718/cc2e1953bc2d7d8ec1256fac004023ca?OpenDocument","San Colombano al Lambro I 1, I - Statuti dei comuni, 1371-1432",1371,"San Colombano al Lambro","San Colombano al Lambro","San Colombano al Lambro I 1, I - Statuti dei comuni, 1371-1432",1371,"San Colombano al Lambro",15191,"San Colombano al Lambro",1,1371,NA,NA,NA,NA
"San Costanzo","San Costanzo","https://www.senato.it/w3/Biblioteca/catalogoDegliStatutiMedievali.nsf/de148d287da34e08c1256e4c002f1718/4de11c2a36d14e85c1256fac00402423?OpenDocument","San Costanzo I 1, I - Statuti dei comuni, 1663",1663,"San Costanzo","San Costanzo","San Costanzo I 1, I - Statuti dei comuni, 1663",1663,"San Costanzo",41051,"San Costanzo",1,1663,NA,NA,NA,NA
"San Damiano Macra","San Damiano Macra","https://www.senato.it/w3/Biblioteca/catalogoDegliStatutiMedievali.nsf/de148d287da34e08c1256e4c002f1718/d59926677dbc616dc1256fac00402432?OpenDocument","San Damiano Macra I 1, I - Statuti dei comuni, 1357-1529",1357,"San Damiano Macra","San Damiano Macra","San Damiano Macra I 1, I - Statuti dei comuni, 1357-1529",1357,"San Damiano Macra",4207,"San Damiano Macra",1,1357,NA,NA,NA,NA
"San Daniele del Friuli","San Daniele del Friuli","https://www.senato.it/w3/Biblioteca/catalogoDegliStatutiMedievali.nsf/de148d287da34e08c1256e4c002f1718/c959bf7b04c58f13c1256fac00402448?OpenDocument","San Daniele del Friuli I 1, I - Statuti dei comuni, 1343-1419",1343,"San Daniele del Friuli","San Daniele del Friuli","San Daniele del Friuli I 1, I - Statuti dei comuni, 1343-1419",1343,"San Daniele del Friuli",30099,"San Daniele del Friuli",1,1343,NA,NA,NA,NA
"San Demetrio Corone","San Demetrio Corone","https://www.senato.it/w3/Biblioteca/catalogoDegliStatutiMedievali.nsf/de148d287da34e08c1256e4c002f1718/3700c2851410190ac1256fac00402487?OpenDocument","San Demetrio Corone I 1, I - Statuti dei comuni, 1471-1713",1471,"San Demetrio Corone","San Demetrio Corone","San Demetrio Corone I 1, I - Statuti dei comuni, 1471-1713",1471,"San Demetrio Corone",78114,"San Demetrio Corone",1,1471,NA,NA,NA,NA
"San Felice sul Panaro","San Felice sul Panaro","https://www.senato.it/w3/Biblioteca/catalogoDegliStatutiMedievali.nsf/de148d287da34e08c1256e4c002f1718/348a265ead117752c1256fac004024a3?OpenDocument","San Felice sul Panaro I 1, I - Statuti dei comuni, sec. XV",NA,"San Felice sul Panaro","San Felice sul Panaro","San Felice sul Panaro I 1, I - Statuti dei comuni, sec. XV",NA,"San Felice sul Panaro",36037,"San Felice sul Panaro",1,NA,NA,NA,NA,NA
"San Gemini","San Gemini","https://www.senato.it/w3/Biblioteca/catalogoDegliStatutiMedievali.nsf/de148d287da34e08c1256e4c002f1718/9bc4ca288b7ea056c1256fac004024c5?OpenDocument","San Gemini I 1, I - Statuti dei comuni, 1568",1568,"San Gemini","San Gemini","San Gemini I 1, I - Statuti dei comuni, 1568",1568,"San Gemini",55029,"San Gemini",1,1568,NA,NA,NA,NA
"San Germano","San Germano","https://www.senato.it/w3/Biblioteca/catalogoDegliStatutiMedievali.nsf/de148d287da34e08c1256e4c002f1718/74df51731a650f63c1256f9a0047cc1a?OpenDocument","Cassino I 1, I - Statuti dei comuni, 1491",1491,"Cassino","Cassino","Cassino I 1, I - Statuti dei comuni, 1491",1491,"Cassino",60019,"Cassino",1,1491,NA,NA,NA,NA
"San Gillio","San Gillio","https://www.senato.it/w3/Biblioteca/catalogoDegliStatutiMedievali.nsf/de148d287da34e08c1256e4c002f1718/6c0f0f2c8eac17d1c1256fac004024d3?OpenDocument","San Gillio I 1, I - Statuti dei comuni, 1522",1522,"San Gillio","San Gillio","San Gillio I 1, I - Statuti dei comuni, 1522",1522,"San Gillio",1243,"San Gillio",1,1522,NA,NA,NA,NA
"San Gillio Torinese","San Gillio Torinese","https://www.senato.it/w3/Biblioteca/catalogoDegliStatutiMedievali.nsf/de148d287da34e08c1256e4c002f1718/6c0f0f2c8eac17d1c1256fac004024d3?OpenDocument","San Gillio I 1, I - Statuti dei comuni, 1522",1522,"San Gillio","San Gillio","San Gillio I 1, I - Statuti dei comuni, 1522",1522,"San Gillio",1243,"San Gillio",1,1522,NA,NA,NA,NA
"San Gimignano","San Gimignano","https://www.senato.it/w3/Biblioteca/catalogoDegliStatutiMedievali.nsf/de148d287da34e08c1256e4c002f1718/bdaba7fccd50b683c1256fac004024f1?OpenDocument","San Gimignano I 1, I - Statuti dei comuni, 1209",1209,"San Gimignano","San Gimignano","San Gimignano I 1, I - Statuti dei comuni, 1209",1209,"San Gimignano",52028,"San Gimignano",1,1209,NA,NA,NA,NA
"San Ginesio","San Ginesio","https://www.senato.it/w3/Biblioteca/catalogoDegliStatutiMedievali.nsf/de148d287da34e08c1256e4c002f1718/abc5ce4e2e411182c1256fac0040256d?OpenDocument","San Ginesio I 1, I - Statuti dei comuni, 1581",1581,"San Ginesio","San Ginesio","San Ginesio I 1, I - Statuti dei comuni, 1581",1581,"San Ginesio",43046,"San Ginesio",1,1581,NA,NA,NA,NA
"San Giorgio Canavese","San Giorgio Canavese","https://www.senato.it/w3/Biblioteca/catalogoDegliStatutiMedievali.nsf/de148d287da34e08c1256e4c002f1718/62887603833282adc1256fac00402590?OpenDocument","San Giorgio Canavese I 1, I - Statuti dei comuni, 1343",1343,"San Giorgio Canavese","San Giorgio Canavese","San Giorgio Canavese I 1, I - Statuti dei comuni, 1343",1343,"San Giorgio Canavese",1244,"San Giorgio Canavese",1,1343,NA,NA,NA,NA
"San Giorgio delle Pertiche","San Giorgio delle Pertiche","https://www.senato.it/w3/Biblioteca/catalogoDegliStatutiMedievali.nsf/de148d287da34e08c1256e4c002f1718/e6d332c17a8a0d9cc1256fac0040261a?OpenDocument","San Giorgio delle Pertiche I 1, I - Statuti dei comuni, sec. XIII",NA,"San Giorgio delle Pertiche","San Giorgio delle Pertiche","San Giorgio delle Pertiche I 1, I - Statuti dei comuni, sec. XIII",NA,"San Giorgio delle Pertiche",28075,"San Giorgio delle Pertiche",1,NA,NA,NA,NA,NA
"San Giovanni a Piro","San Giovanni a Piro","https://www.senato.it/w3/Biblioteca/catalogoDegliStatutiMedievali.nsf/de148d287da34e08c1256e4c002f1718/8a21af44caae95ffc1256fac0040262b?OpenDocument","San Giovanni a Piro I 1, I - Statuti dei comuni, 1466-1520",1466,"San Giovanni a Piro","San Giovanni a Piro","San Giovanni a Piro I 1, I - Statuti dei comuni, 1466-1520",1466,"San Giovanni a Piro",65119,"San Giovanni a Piro",1,1466,NA,NA,NA,NA
"San Giovanni d'Asso","San Giovanni d'Asso","https://www.senato.it/w3/Biblioteca/catalogoDegliStatutiMedievali.nsf/de148d287da34e08c1256e4c002f1718/28315147cd390f4cc1256fac00402655?OpenDocument","San Giovanni d'Asso I 1, I - Statuti dei comuni, 1777",1777,"San Giovanni d'Asso","San Giovanni d'Asso","San Giovanni d'Asso I 1, I - Statuti dei comuni, 1777",1777,"San Giovanni d'Asso",52029,"San Giovanni d'Asso",1,1777,NA,NA,NA,NA
"San Giovanni de Aronna","San Giovanni de Aronna","https://www.senato.it/w3/Biblioteca/catalogoDegliStatutiMedievali.nsf/de148d287da34e08c1256e4c002f1718/a5240a191679e1ddc1256fac00402667?OpenDocument","San Giovanni Ilarione I 1, I - Statuti dei comuni, 1382-1568",1382,"San Giovanni Ilarione","San Giovanni Ilarione","San Giovanni Ilarione I 1, I - Statuti dei comuni, 1382-1568",1382,"San Giovanni Ilarione",23070,"San Giovanni Ilarione",1,1382,NA,NA,NA,NA
"San Giovanni della Rogna","San Giovanni della Rogna","https://www.senato.it/w3/Biblioteca/catalogoDegliStatutiMedievali.nsf/de148d287da34e08c1256e4c002f1718/a5240a191679e1ddc1256fac00402667?OpenDocument","San Giovanni Ilarione I 1, I - Statuti dei comuni, 1382-1568",1382,"San Giovanni Ilarione","San Giovanni Ilarione","San Giovanni Ilarione I 1, I - Statuti dei comuni, 1382-1568",1382,"San Giovanni Ilarione",23070,"San Giovanni Ilarione",1,1382,NA,NA,NA,NA
"San Giovanni Ilarione","San Giovanni Ilarione","https://www.senato.it/w3/Biblioteca/catalogoDegliStatutiMedievali.nsf/de148d287da34e08c1256e4c002f1718/a5240a191679e1ddc1256fac00402667?OpenDocument","San Giovanni Ilarione I 1, I - Statuti dei comuni, 1382-1568",1382,"San Giovanni Ilarione","San Giovanni Ilarione","San Giovanni Ilarione I 1, I - Statuti dei comuni, 1382-1568",1382,"San Giovanni Ilarione",23070,"San Giovanni Ilarione",1,1382,NA,NA,NA,NA
"San Giovanni in Larogna","San Giovanni in Larogna","https://www.senato.it/w3/Biblioteca/catalogoDegliStatutiMedievali.nsf/de148d287da34e08c1256e4c002f1718/a5240a191679e1ddc1256fac00402667?OpenDocument","San Giovanni Ilarione I 1, I - Statuti dei comuni, 1382-1568",1382,"San Giovanni Ilarione","San Giovanni Ilarione","San Giovanni Ilarione I 1, I - Statuti dei comuni, 1382-1568",1382,"San Giovanni Ilarione",23070,"San Giovanni Ilarione",1,1382,NA,NA,NA,NA
"San Giovanni in Persiceto","San Giovanni in Persiceto","https://www.senato.it/w3/Biblioteca/catalogoDegliStatutiMedievali.nsf/de148d287da34e08c1256e4c002f1718/0a80344d1a6a7c7bc1256fac004026a5?OpenDocument","San Giovanni in Persiceto I 1, I - Statuti dei comuni, 1617-1675",1617,"San Giovanni in Persiceto","San Giovanni in Persiceto","San Giovanni in Persiceto I 1, I - Statuti dei comuni, 1617-1675",1617,"San Giovanni in Persiceto",37053,"San Giovanni in Persiceto",1,1617,NA,NA,NA,NA
"San Giovanni Valdarno","San Giovanni Valdarno","https://www.senato.it/w3/Biblioteca/catalogoDegliStatutiMedievali.nsf/de148d287da34e08c1256e4c002f1718/8a8eda48e0a7ec96c1256fac0040273d?OpenDocument","San Giovanni Valdarno I 1, I - Statuti dei comuni, 1534-1535",1534,"San Giovanni Valdarno","San Giovanni Valdarno","San Giovanni Valdarno I 1, I - Statuti dei comuni, 1534-1535",1534,"San Giovanni Valdarno",51033,"San Giovanni Valdarno",1,1534,NA,NA,NA,NA
"San Gostanzo","San Gostanzo","https://www.senato.it/w3/Biblioteca/catalogoDegliStatutiMedievali.nsf/de148d287da34e08c1256e4c002f1718/4de11c2a36d14e85c1256fac00402423?OpenDocument","San Costanzo I 1, I - Statuti dei comuni, 1663",1663,"San Costanzo","San Costanzo","San Costanzo I 1, I - Statuti dei comuni, 1663",1663,"San Costanzo",41051,"San Costanzo",1,1663,NA,NA,NA,NA
"San Gregorio da Sassola","San Gregorio da Sassola","https://www.senato.it/w3/Biblioteca/catalogoDegliStatutiMedievali.nsf/de148d287da34e08c1256e4c002f1718/ce9cccbaa64419eec1256fac00402756?OpenDocument","San Gregorio da Sassola I 1, I - Statuti dei comuni, 1542",1542,"San Gregorio da Sassola","San Gregorio da Sassola","San Gregorio da Sassola I 1, I - Statuti dei comuni, 1542",1542,"San Gregorio da Sassola",58095,"San Gregorio da Sassola",1,1542,NA,NA,NA,NA
"San Leo","San Leo","https://www.senato.it/w3/Biblioteca/catalogoDegliStatutiMedievali.nsf/de148d287da34e08c1256e4c002f1718/2595b85b992f11ddc1256fac004027ba?OpenDocument","San Leo I 1, I - Statuti dei comuni, 1503-1790",1503,"San Leo","San Leo","San Leo I 1, I - Statuti dei comuni, 1503-1790",1503,"San Leo",99025,"San Leo",1,1503,NA,NA,NA,NA
"San Martino Canavese","San Martino Canavese","https://www.senato.it/w3/Biblioteca/catalogoDegliStatutiMedievali.nsf/de148d287da34e08c1256e4c002f1718/127a5bc632da3000c1256fac0040296a?OpenDocument","San Martino Canavese I 1, I - Statuti dei comuni, 1351",1351,"San Martino Canavese","San Martino Canavese","San Martino Canavese I 1, I - Statuti dei comuni, 1351",1351,"San Martino Canavese",1247,"San Martino Canavese",1,1351,NA,NA,NA,NA
"San Martino in Rio","San Martino in Rio","https://www.senato.it/w3/Biblioteca/catalogoDegliStatutiMedievali.nsf/de148d287da34e08c1256e4c002f1718/c4ba4b4a0fedb8ebc1256fac004029a1?OpenDocument","San Martino in Rio I 1, I - Statuti dei comuni, sec. XV-XVIII",NA,"San Martino in Rio","San Martino in Rio","San Martino in Rio I 1, I - Statuti dei comuni, sec. XV-XVIII",NA,"San Martino in Rio",35037,"San Martino in Rio",1,NA,NA,NA,NA,NA
"San Mauro di Romagna","San Mauro di Romagna","https://www.senato.it/w3/Biblioteca/catalogoDegliStatutiMedievali.nsf/de148d287da34e08c1256e4c002f1718/088284a15844e9f8c1256fac004029e3?OpenDocument","San Mauro Pascoli I 1, I - Statuti dei comuni, 1494",1494,"San Mauro Pascoli","San Mauro Pascoli","San Mauro Pascoli I 1, I - Statuti dei comuni, 1494",1494,"San Mauro Pascoli",40041,"San Mauro Pascoli",1,1494,NA,NA,NA,NA
"San Mauro Pascoli","San Mauro Pascoli","https://www.senato.it/w3/Biblioteca/catalogoDegliStatutiMedievali.nsf/de148d287da34e08c1256e4c002f1718/088284a15844e9f8c1256fac004029e3?OpenDocument","San Mauro Pascoli I 1, I - Statuti dei comuni, 1494",1494,"San Mauro Pascoli","San Mauro Pascoli","San Mauro Pascoli I 1, I - Statuti dei comuni, 1494",1494,"San Mauro Pascoli",40041,"San Mauro Pascoli",1,1494,NA,NA,NA,NA
"San Michele di Ganzaria","San Michele di Ganzaria","https://www.senato.it/w3/Biblioteca/catalogoDegliStatutiMedievali.nsf/de148d287da34e08c1256e4c002f1718/0ac0c1f8f4ebce15c1256fac004029ef?OpenDocument","San Michele di Ganzaria I 1, I - Statuti dei comuni, 1534",1534,"San Michele di Ganzaria","San Michele di Ganzaria","San Michele di Ganzaria I 1, I - Statuti dei comuni, 1534",1534,"San Michele di Ganzaria",87043,"San Michele di Ganzaria",1,1534,NA,NA,NA,NA
"San Miniato","San Miniato","https://www.senato.it/w3/Biblioteca/catalogoDegliStatutiMedievali.nsf/de148d287da34e08c1256e4c002f1718/d23b235571c111a3c1256fac00402a29?OpenDocument","San Miniato I 1, I - Statuti dei comuni, 1337",1337,"San Miniato","San Miniato","San Miniato I 1, I - Statuti dei comuni, 1337",1337,"San Miniato",50032,"San Miniato",1,1337,NA,NA,NA,NA
"San Miniato al Tedesco","San Miniato al Tedesco","https://www.senato.it/w3/Biblioteca/catalogoDegliStatutiMedievali.nsf/de148d287da34e08c1256e4c002f1718/d23b235571c111a3c1256fac00402a29?OpenDocument","San Miniato I 1, I - Statuti dei comuni, 1337",1337,"San Miniato","San Miniato","San Miniato I 1, I - Statuti dei comuni, 1337",1337,"San Miniato",50032,"San Miniato",1,1337,NA,NA,NA,NA
"San Pietro in Casale","San Pietro in Casale","https://www.senato.it/w3/Biblioteca/catalogoDegliStatutiMedievali.nsf/de148d287da34e08c1256e4c002f1718/55d691054bca3c09c1256fac00402aba?OpenDocument","San Pietro in Casale II2 1, II 2 - Confraternite",NA,"San Pietro in Casale","San Pietro in Casale","San Pietro in Casale II2 1, II 2 - Confraternite",NA,"San Pietro in Casale",37055,"San Pietro in Casale",1,NA,NA,NA,NA,NA
"San Pietro in Mercato","San Pietro in Mercato","https://www.senato.it/w3/Biblioteca/catalogoDegliStatutiMedievali.nsf/de148d287da34e08c1256e4c002f1718/ffed4e71d35af510c1256fa300602b87?OpenDocument","Montespertoli I 1, I - Statuti dei comuni, 1398",1398,"Montespertoli","Montespertoli","Montespertoli I 1, I - Statuti dei comuni, 1398",1398,"Montespertoli",48030,"Montespertoli",1,1398,NA,NA,NA,NA
"San Polo","San Polo","https://www.senato.it/w3/Biblioteca/catalogoDegliStatutiMedievali.nsf/de148d287da34e08c1256e4c002f1718/4340eadc91dd7dd5c1256fac00402b8d?OpenDocument","San Polo d'Enza I 1, I - Statuti dei comuni, 1597-1674",1597,"San Polo d'Enza","San Polo d'Enza","San Polo d'Enza I 1, I - Statuti dei comuni, 1597-1674",1597,"San Polo d'Enza",35038,"San Polo d'Enza",1,1597,NA,NA,NA,NA
"San Polo d'Enza","San Polo d'Enza","https://www.senato.it/w3/Biblioteca/catalogoDegliStatutiMedievali.nsf/de148d287da34e08c1256e4c002f1718/4340eadc91dd7dd5c1256fac00402b8d?OpenDocument","San Polo d'Enza I 1, I - Statuti dei comuni, 1597-1674",1597,"San Polo d'Enza","San Polo d'Enza","San Polo d'Enza I 1, I - Statuti dei comuni, 1597-1674",1597,"San Polo d'Enza",35038,"San Polo d'Enza",1,1597,NA,NA,NA,NA
"San Polo dei Cavalieri","San Polo dei Cavalieri","https://www.senato.it/w3/Biblioteca/catalogoDegliStatutiMedievali.nsf/de148d287da34e08c1256e4c002f1718/2333fa23a9d967bdc1256fac00402ac8?OpenDocument","San Polo dei Cavalieri I 1, I - Statuti dei comuni, 1479-1626",1479,"San Polo dei Cavalieri","San Polo dei Cavalieri","San Polo dei Cavalieri I 1, I - Statuti dei comuni, 1479-1626",1479,"San Polo dei Cavalieri",58096,"San Polo dei Cavalieri",1,1479,NA,NA,NA,NA
"San Polo di Piave","San Polo di Piave","https://www.senato.it/w3/Biblioteca/catalogoDegliStatutiMedievali.nsf/de148d287da34e08c1256e4c002f1718/5beda0897da01121c1256fac00402b05?OpenDocument","San Polo di Piave I 1, I - Statuti dei comuni, 1596-1781",1596,"San Polo di Piave","San Polo di Piave","San Polo di Piave I 1, I - Statuti dei comuni, 1596-1781",1596,"San Polo di Piave",26074,"San Polo di Piave",1,1596,NA,NA,NA,NA
"San Salvatore Monferrato","San Salvatore Monferrato","https://www.senato.it/w3/Biblioteca/catalogoDegliStatutiMedievali.nsf/de148d287da34e08c1256e4c002f1718/1a4b00994b8ea9d3c1256fac00402c1d?OpenDocument","San Salvatore Monferrato I 1, I - Statuti dei comuni, 1374-1596",1374,"San Salvatore Monferrato","San Salvatore Monferrato","San Salvatore Monferrato I 1, I - Statuti dei comuni, 1374-1596",1374,"San Salvatore Monferrato",6154,"San Salvatore Monferrato",1,1374,NA,NA,NA,NA
"San Severino Lucano","San Severino Lucano","https://www.senato.it/w3/Biblioteca/catalogoDegliStatutiMedievali.nsf/de148d287da34e08c1256e4c002f1718/ee4a11d57e64a6cfc1256fac00402c31?OpenDocument","San Severino Lucano I 1, I - Statuti dei comuni, 1491",1491,"San Severino Lucano","San Severino Lucano","San Severino Lucano I 1, I - Statuti dei comuni, 1491",1491,"San Severino Lucano",76078,"San Severino Lucano",1,1491,NA,NA,NA,NA
"San Severino Marche","San Severino Marche","https://www.senato.it/w3/Biblioteca/catalogoDegliStatutiMedievali.nsf/de148d287da34e08c1256e4c002f1718/c894c99d4a0f6b27c1256fac00402c41?OpenDocument","San Severino Marche I 1, I - Statuti dei comuni, 1426",1426,"San Severino Marche","San Severino Marche","San Severino Marche I 1, I - Statuti dei comuni, 1426",1426,"San Severino Marche",43047,"San Severino Marche",1,1426,NA,NA,NA,NA
"San Severo","San Severo","https://www.senato.it/w3/Biblioteca/catalogoDegliStatutiMedievali.nsf/de148d287da34e08c1256e4c002f1718/34034b4d5d88d3b2c1256fac00402c9d?OpenDocument","San Severo I 1, I - Statuti dei comuni, 1116",1116,"San Severo","San Severo","San Severo I 1, I - Statuti dei comuni, 1116",1116,"San Severo",71051,"San Severo",1,1116,NA,NA,NA,NA
"San Vito al Tagliamento","San Vito al Tagliamento","https://www.senato.it/w3/Biblioteca/catalogoDegliStatutiMedievali.nsf/de148d287da34e08c1256e4c002f1718/ef9205129d382b6fc1256fac00402d17?OpenDocument","San Vito al Tagliamento I 1, I - Statuti dei comuni, 1751-1755",1751,"San Vito al Tagliamento","San Vito al Tagliamento","San Vito al Tagliamento I 1, I - Statuti dei comuni, 1751-1755",1751,"San Vito al Tagliamento",93041,"San Vito al Tagliamento",1,1751,NA,NA,NA,NA
"San Vito di Cadore","San Vito di Cadore","https://www.senato.it/w3/Biblioteca/catalogoDegliStatutiMedievali.nsf/de148d287da34e08c1256e4c002f1718/ba62b81c4b8d673dc1256fac00402d40?OpenDocument","San Vito di Cadore I 1, I - Statuti dei comuni, 1542-1551",1542,"San Vito di Cadore","San Vito di Cadore","San Vito di Cadore I 1, I - Statuti dei comuni, 1542-1551",1542,"San Vito di Cadore",25051,"San Vito di Cadore",1,1542,NA,NA,NA,NA
"San Vito di Leguzzano","San Vito di Leguzzano","https://www.senato.it/w3/Biblioteca/catalogoDegliStatutiMedievali.nsf/de148d287da34e08c1256e4c002f1718/15702020fb126102c1256fac00402d67?OpenDocument","San Vito di Leguzzano I 1, I - Statuti dei comuni, 1791",1791,"San Vito di Leguzzano","San Vito di Leguzzano","San Vito di Leguzzano I 1, I - Statuti dei comuni, 1791",1791,"San Vito di Leguzzano",24096,"San Vito di Leguzzano",1,1791,NA,NA,NA,NA
"Sancta Agatha Gothorum","Sancta Agatha Gothorum","https://www.senato.it/w3/Biblioteca/catalogoDegliStatutiMedievali.nsf/de148d287da34e08c1256e4c002f1718/69fed4fe6eb39cdfc1256fac0040213b?OpenDocument","Sant'Agata de' Goti I 1, I - Statuti dei comuni, 1585-1587",1585,"Sant'Agata de' Goti","Sant'Agata de' Goti","Sant'Agata de' Goti I 1, I - Statuti dei comuni, 1585-1587",1585,"Sant'Agata de' Goti",62070,"Sant'Agata de' Goti",1,1585,NA,NA,NA,NA
"Sancta Anatholia","Sancta Anatholia","https://www.senato.it/w3/Biblioteca/catalogoDegliStatutiMedievali.nsf/de148d287da34e08c1256e4c002f1718/3f786232cbb9a29bc1256f9a0056fef3?OpenDocument","Esanatoglia I 1, I - Statuti dei comuni, 1324-1328",1324,"Esanatoglia","Esanatoglia","Esanatoglia I 1, I - Statuti dei comuni, 1324-1328",1324,"Esanatoglia",43016,"Esanatoglia",1,1324,NA,NA,NA,NA
"Sancta Christina","Sancta Christina","https://www.senato.it/w3/Biblioteca/catalogoDegliStatutiMedievali.nsf/de148d287da34e08c1256e4c002f1718/0e764a0e829d938cc1256fac00402d89?OpenDocument","Santa Cristina Gela I 1, I - Statuti dei comuni, 1691",1691,"Santa Cristina Gela","Santa Cristina Gela","Santa Cristina Gela I 1, I - Statuti dei comuni, 1691",1691,"Santa Cristina Gela",82066,"Santa Cristina Gela",1,1691,NA,NA,NA,NA
"Sancta Flora","Sancta Flora","https://www.senato.it/w3/Biblioteca/catalogoDegliStatutiMedievali.nsf/de148d287da34e08c1256e4c002f1718/c0389cda334843ddc1256fac00402d9f?OpenDocument","Santa Fiora I 1, I - Statuti dei comuni, 1613-1686",1613,"Santa Fiora","Santa Fiora","Santa Fiora I 1, I - Statuti dei comuni, 1613-1686",1613,"Santa Fiora",53022,"Santa Fiora",1,1613,NA,NA,NA,NA
"Sancta Maria","Sancta Maria","https://www.senato.it/w3/Biblioteca/catalogoDegliStatutiMedievali.nsf/de148d287da34e08c1256e4c002f1718/e831dc5ef65af000c1256fa3005fc50d?OpenDocument","Lucera I 1, I - Statuti dei comuni, 1274-1522",1274,"Lucera","Lucera","Lucera I 1, I - Statuti dei comuni, 1274-1522",1274,"Lucera",71028,"Lucera",1,1274,NA,NA,NA,NA
"Sancta Victoria","Sancta Victoria","https://www.senato.it/w3/Biblioteca/catalogoDegliStatutiMedievali.nsf/de148d287da34e08c1256e4c002f1718/c2cd62b7a9595cb7c1256fac00402f1c?OpenDocument","Santa Vittoria in Matenano I 1, I - Statuti dei comuni, 1406-1618",1406,"Santa Vittoria in Matenano","Santa Vittoria in Matenano","Santa Vittoria in Matenano I 1, I - Statuti dei comuni, 1406-1618",1406,"Santa Vittoria in Matenano",109036,"Santa Vittoria in Matenano",1,1406,NA,NA,NA,NA
"Sanctus Angelus de Fractis","Sanctus Angelus de Fractis","https://www.senato.it/w3/Biblioteca/catalogoDegliStatutiMedievali.nsf/de148d287da34e08c1256e4c002f1718/0fc68efff893965ac1256fac004022a7?OpenDocument","Sant'Angelo Le Fratte I 1, I - Statuti dei comuni, 1669",1669,"Sant'Angelo Le Fratte","Sant'Angelo Le Fratte","Sant'Angelo Le Fratte I 1, I - Statuti dei comuni, 1669",1669,"Sant'Angelo Le Fratte",76079,"Sant'Angelo Le Fratte",1,1669,NA,NA,NA,NA
"Sanctus Angelus Papalis","Sanctus Angelus Papalis","https://www.senato.it/w3/Biblioteca/catalogoDegliStatutiMedievali.nsf/de148d287da34e08c1256e4c002f1718/10c1559fe4fe39d6c1256f9a0047a901?OpenDocument","Cagli I 1, I - Statuti dei comuni, 1589",1589,"Cagli","Cagli","Cagli I 1, I - Statuti dei comuni, 1589",1589,"Cagli",41007,"Cagli",1,1589,NA,NA,NA,NA
"Sanctus Arcangelus","Sanctus Arcangelus","https://www.senato.it/w3/Biblioteca/catalogoDegliStatutiMedievali.nsf/de148d287da34e08c1256e4c002f1718/3246d9a6fa483043c1256fac00402f9e?OpenDocument","Sant'Arcangelo I 1, I - Statuti dei comuni, 1517-1579",1517,"Sant'Arcangelo","Sant'Arcangelo","Sant'Arcangelo I 1, I - Statuti dei comuni, 1517-1579",1517,"Sant'Arcangelo",76080,"Sant'Arcangelo",1,1517,NA,NA,NA,NA
"Sanctus Constantius","Sanctus Constantius","https://www.senato.it/w3/Biblioteca/catalogoDegliStatutiMedievali.nsf/de148d287da34e08c1256e4c002f1718/4de11c2a36d14e85c1256fac00402423?OpenDocument","San Costanzo I 1, I - Statuti dei comuni, 1663",1663,"San Costanzo","San Costanzo","San Costanzo I 1, I - Statuti dei comuni, 1663",1663,"San Costanzo",41051,"San Costanzo",1,1663,NA,NA,NA,NA
"Sanctus Damianus","Sanctus Damianus","https://www.senato.it/w3/Biblioteca/catalogoDegliStatutiMedievali.nsf/de148d287da34e08c1256e4c002f1718/d59926677dbc616dc1256fac00402432?OpenDocument","San Damiano Macra I 1, I - Statuti dei comuni, 1357-1529",1357,"San Damiano Macra","San Damiano Macra","San Damiano Macra I 1, I - Statuti dei comuni, 1357-1529",1357,"San Damiano Macra",4207,"San Damiano Macra",1,1357,NA,NA,NA,NA
"Sanctus Daniel","Sanctus Daniel","https://www.senato.it/w3/Biblioteca/catalogoDegliStatutiMedievali.nsf/de148d287da34e08c1256e4c002f1718/c959bf7b04c58f13c1256fac00402448?OpenDocument","San Daniele del Friuli I 1, I - Statuti dei comuni, 1343-1419",1343,"San Daniele del Friuli","San Daniele del Friuli","San Daniele del Friuli I 1, I - Statuti dei comuni, 1343-1419",1343,"San Daniele del Friuli",30099,"San Daniele del Friuli",1,1343,NA,NA,NA,NA
"Sanctus Egidius","Sanctus Egidius","https://www.senato.it/w3/Biblioteca/catalogoDegliStatutiMedievali.nsf/de148d287da34e08c1256e4c002f1718/6c0f0f2c8eac17d1c1256fac004024d3?OpenDocument","San Gillio I 1, I - Statuti dei comuni, 1522",1522,"San Gillio","San Gillio","San Gillio I 1, I - Statuti dei comuni, 1522",1522,"San Gillio",1243,"San Gillio",1,1522,NA,NA,NA,NA
"Sanctus Felix","Sanctus Felix","https://www.senato.it/w3/Biblioteca/catalogoDegliStatutiMedievali.nsf/de148d287da34e08c1256e4c002f1718/348a265ead117752c1256fac004024a3?OpenDocument","San Felice sul Panaro I 1, I - Statuti dei comuni, sec. XV",NA,"San Felice sul Panaro","San Felice sul Panaro","San Felice sul Panaro I 1, I - Statuti dei comuni, sec. XV",NA,"San Felice sul Panaro",36037,"San Felice sul Panaro",1,NA,NA,NA,NA,NA
"Sanctus Geminus","Sanctus Geminus","https://www.senato.it/w3/Biblioteca/catalogoDegliStatutiMedievali.nsf/de148d287da34e08c1256e4c002f1718/9bc4ca288b7ea056c1256fac004024c5?OpenDocument","San Gemini I 1, I - Statuti dei comuni, 1568",1568,"San Gemini","San Gemini","San Gemini I 1, I - Statuti dei comuni, 1568",1568,"San Gemini",55029,"San Gemini",1,1568,NA,NA,NA,NA
"Sanctus Genesius","Sanctus Genesius","https://www.senato.it/w3/Biblioteca/catalogoDegliStatutiMedievali.nsf/de148d287da34e08c1256e4c002f1718/abc5ce4e2e411182c1256fac0040256d?OpenDocument","San Ginesio I 1, I - Statuti dei comuni, 1581",1581,"San Ginesio","San Ginesio","San Ginesio I 1, I - Statuti dei comuni, 1581",1581,"San Ginesio",43046,"San Ginesio",1,1581,NA,NA,NA,NA
"Sanctus Georgius","Sanctus Georgius","https://www.senato.it/w3/Biblioteca/catalogoDegliStatutiMedievali.nsf/de148d287da34e08c1256e4c002f1718/62887603833282adc1256fac00402590?OpenDocument","San Giorgio Canavese I 1, I - Statuti dei comuni, 1343",1343,"San Giorgio Canavese","San Giorgio Canavese","San Giorgio Canavese I 1, I - Statuti dei comuni, 1343",1343,"San Giorgio Canavese",1244,"San Giorgio Canavese",1,1343,NA,NA,NA,NA
"Sanctus Gregorius","Sanctus Gregorius","https://www.senato.it/w3/Biblioteca/catalogoDegliStatutiMedievali.nsf/de148d287da34e08c1256e4c002f1718/ce9cccbaa64419eec1256fac00402756?OpenDocument","San Gregorio da Sassola I 1, I - Statuti dei comuni, 1542",1542,"San Gregorio da Sassola","San Gregorio da Sassola","San Gregorio da Sassola I 1, I - Statuti dei comuni, 1542",1542,"San Gregorio da Sassola",58095,"San Gregorio da Sassola",1,1542,NA,NA,NA,NA
"Sanctus Iustus","Sanctus Iustus","https://www.senato.it/w3/Biblioteca/catalogoDegliStatutiMedievali.nsf/de148d287da34e08c1256e4c002f1718/3d19e95ded3140a7c1256fa300602c3c?OpenDocument","Monte San Giusto I 1, I - Statuti dei comuni, 1569",1569,"Monte San Giusto","Monte San Giusto","Monte San Giusto I 1, I - Statuti dei comuni, 1569",1569,"Monte San Giusto",43031,"Monte San Giusto",1,1569,NA,NA,NA,NA
"Sanctus Leo","Sanctus Leo","https://www.senato.it/w3/Biblioteca/catalogoDegliStatutiMedievali.nsf/de148d287da34e08c1256e4c002f1718/2595b85b992f11ddc1256fac004027ba?OpenDocument","San Leo I 1, I - Statuti dei comuni, 1503-1790",1503,"San Leo","San Leo","San Leo I 1, I - Statuti dei comuni, 1503-1790",1503,"San Leo",99025,"San Leo",1,1503,NA,NA,NA,NA
"Sanctus Martinus","Sanctus Martinus","https://www.senato.it/w3/Biblioteca/catalogoDegliStatutiMedievali.nsf/de148d287da34e08c1256e4c002f1718/c4ba4b4a0fedb8ebc1256fac004029a1?OpenDocument","San Martino in Rio I 1, I - Statuti dei comuni, sec. XV-XVIII",NA,"San Martino in Rio","San Martino in Rio","San Martino in Rio I 1, I - Statuti dei comuni, sec. XV-XVIII",NA,"San Martino in Rio",35037,"San Martino in Rio",1,NA,NA,NA,NA,NA
"Sanctus Miniatus","Sanctus Miniatus","https://www.senato.it/w3/Biblioteca/catalogoDegliStatutiMedievali.nsf/de148d287da34e08c1256e4c002f1718/d23b235571c111a3c1256fac00402a29?OpenDocument","San Miniato I 1, I - Statuti dei comuni, 1337",1337,"San Miniato","San Miniato","San Miniato I 1, I - Statuti dei comuni, 1337",1337,"San Miniato",50032,"San Miniato",1,1337,NA,NA,NA,NA
"Sanctus Paulus","Sanctus Paulus","https://www.senato.it/w3/Biblioteca/catalogoDegliStatutiMedievali.nsf/de148d287da34e08c1256e4c002f1718/4340eadc91dd7dd5c1256fac00402b8d?OpenDocument","San Polo d'Enza I 1, I - Statuti dei comuni, 1597-1674",1597,"San Polo d'Enza","San Polo d'Enza","San Polo d'Enza I 1, I - Statuti dei comuni, 1597-1674",1597,"San Polo d'Enza",35038,"San Polo d'Enza",1,1597,NA,NA,NA,NA
"Sanctus Salvator","Sanctus Salvator","https://www.senato.it/w3/Biblioteca/catalogoDegliStatutiMedievali.nsf/de148d287da34e08c1256e4c002f1718/1a4b00994b8ea9d3c1256fac00402c1d?OpenDocument","San Salvatore Monferrato I 1, I - Statuti dei comuni, 1374-1596",1374,"San Salvatore Monferrato","San Salvatore Monferrato","San Salvatore Monferrato I 1, I - Statuti dei comuni, 1374-1596",1374,"San Salvatore Monferrato",6154,"San Salvatore Monferrato",1,1374,NA,NA,NA,NA
"Sanctus Severinus","Sanctus Severinus","https://www.senato.it/w3/Biblioteca/catalogoDegliStatutiMedievali.nsf/de148d287da34e08c1256e4c002f1718/34034b4d5d88d3b2c1256fac00402c9d?OpenDocument","San Severo I 1, I - Statuti dei comuni, 1116",1116,"San Severo","San Severo","San Severo I 1, I - Statuti dei comuni, 1116",1116,"San Severo",71051,"San Severo",1,1116,NA,NA,NA,NA
"Sanctus Severus","Sanctus Severus","https://www.senato.it/w3/Biblioteca/catalogoDegliStatutiMedievali.nsf/de148d287da34e08c1256e4c002f1718/34034b4d5d88d3b2c1256fac00402c9d?OpenDocument","San Severo I 1, I - Statuti dei comuni, 1116",1116,"San Severo","San Severo","San Severo I 1, I - Statuti dei comuni, 1116",1116,"San Severo",71051,"San Severo",1,1116,NA,NA,NA,NA
"Sanctus Stephanus","Sanctus Stephanus","https://www.senato.it/w3/Biblioteca/catalogoDegliStatutiMedievali.nsf/de148d287da34e08c1256e4c002f1718/92f8718705b15a6ac1256fac00402f53?OpenDocument","Santo Stefano Belbo I 1, I - Statuti dei comuni, 1319-1596",1319,"Santo Stefano Belbo","Santo Stefano Belbo","Santo Stefano Belbo I 1, I - Statuti dei comuni, 1319-1596",1319,"Santo Stefano Belbo",4213,"Santo Stefano Belbo",1,1319,NA,NA,NA,NA
"Sanctus Vitus Cadubrij","Sanctus Vitus Cadubrij","https://www.senato.it/w3/Biblioteca/catalogoDegliStatutiMedievali.nsf/de148d287da34e08c1256e4c002f1718/ba62b81c4b8d673dc1256fac00402d40?OpenDocument","San Vito di Cadore I 1, I - Statuti dei comuni, 1542-1551",1542,"San Vito di Cadore","San Vito di Cadore","San Vito di Cadore I 1, I - Statuti dei comuni, 1542-1551",1542,"San Vito di Cadore",25051,"San Vito di Cadore",1,1542,NA,NA,NA,NA
"Sandrigo","Sandrigo","https://www.senato.it/w3/Biblioteca/catalogoDegliStatutiMedievali.nsf/de148d287da34e08c1256e4c002f1718/abf1f17b779e78c5c1256fac00401f60?OpenDocument","Sandrigo I 1, I - Statuti dei comuni, 1787",1787,"Sandrigo","Sandrigo","Sandrigo I 1, I - Statuti dei comuni, 1787",1787,"Sandrigo",24091,"Sandrigo",1,1787,NA,NA,NA,NA
"Sannazzaro de' Burgondi","Sannazzaro de' Burgondi","https://www.senato.it/w3/Biblioteca/catalogoDegliStatutiMedievali.nsf/de148d287da34e08c1256e4c002f1718/19aa2e81221ae7edc1256fac00401fbf?OpenDocument","Sannazzaro de' Burgondi II3 1, II 3 - Compagnie e consorzi",NA,"Sannazzaro de' Burgondi","Sannazzaro de' Burgondi","Sannazzaro de' Burgondi II3 1, II 3 - Compagnie e consorzi",NA,"Sannazzaro de' Burgondi",18138,"Sannazzaro de' Burgondi",1,NA,NA,NA,NA,NA
"Sansepolcro","Sansepolcro","https://www.senato.it/w3/Biblioteca/catalogoDegliStatutiMedievali.nsf/de148d287da34e08c1256e4c002f1718/466092aced056bcfc1256fac00401fe5?OpenDocument","Sansepolcro I 1, I - Statuti dei comuni, 1460",1460,"Sansepolcro","Sansepolcro","Sansepolcro I 1, I - Statuti dei comuni, 1460",1460,"Sansepolcro",51034,"Sansepolcro",1,1460,NA,NA,NA,NA
"Sant'Agata Bolognese","Sant'Agata Bolognese","https://www.senato.it/w3/Biblioteca/catalogoDegliStatutiMedievali.nsf/de148d287da34e08c1256e4c002f1718/d38e9d47c74d8c3cc1256fac004020f3?OpenDocument","Sant'Agata Bolognese I 1, I - Statuti dei comuni, 1674-1775",1674,"Sant'Agata Bolognese","Sant'Agata Bolognese","Sant'Agata Bolognese I 1, I - Statuti dei comuni, 1674-1775",1674,"Sant'Agata Bolognese",37056,"Sant'Agata Bolognese",1,1674,NA,NA,NA,NA
"Sant'Agata de' Goti","Sant'Agata de' Goti","https://www.senato.it/w3/Biblioteca/catalogoDegliStatutiMedievali.nsf/de148d287da34e08c1256e4c002f1718/69fed4fe6eb39cdfc1256fac0040213b?OpenDocument","Sant'Agata de' Goti I 1, I - Statuti dei comuni, 1585-1587",1585,"Sant'Agata de' Goti","Sant'Agata de' Goti","Sant'Agata de' Goti I 1, I - Statuti dei comuni, 1585-1587",1585,"Sant'Agata de' Goti",62070,"Sant'Agata de' Goti",1,1585,NA,NA,NA,NA
"Sant'Agata di Puglia","Sant'Agata di Puglia","https://www.senato.it/w3/Biblioteca/catalogoDegliStatutiMedievali.nsf/de148d287da34e08c1256e4c002f1718/f884048104ec7974c1256fac00402153?OpenDocument","Sant'Agata di Puglia II2 1, II 2 - Confraternite",NA,"Sant'Agata di Puglia","Sant'Agata di Puglia","Sant'Agata di Puglia II2 1, II 2 - Confraternite",NA,"Sant'Agata di Puglia",71052,"Sant'Agata di Puglia",1,NA,NA,NA,NA,NA
"Sant'Agata Feltria","Sant'Agata Feltria","https://www.senato.it/w3/Biblioteca/catalogoDegliStatutiMedievali.nsf/de148d287da34e08c1256e4c002f1718/d86d817b24d714c4c1256fac00402196?OpenDocument","Sant'Agata Feltria I 1, I - Statuti dei comuni, 1534-1673",1534,"Sant'Agata Feltria","Sant'Agata Feltria","Sant'Agata Feltria I 1, I - Statuti dei comuni, 1534-1673",1534,"Sant'Agata Feltria",99026,"Sant'Agata Feltria",1,1534,NA,NA,NA,NA
"Sant'Agostino","Sant'Agostino","https://www.senato.it/w3/Biblioteca/catalogoDegliStatutiMedievali.nsf/de148d287da34e08c1256e4c002f1718/1b4dd12c28798032c1256fac0040220c?OpenDocument","Sant'Agostino II2 1, II 2 - Confraternite",NA,"Sant'Agostino","Sant'Agostino","Sant'Agostino II2 1, II 2 - Confraternite",NA,"Sant'Agostino",38021,"Sant'Agostino",1,NA,NA,NA,NA,NA
"Sant'Anatolia","Sant'Anatolia","https://www.senato.it/w3/Biblioteca/catalogoDegliStatutiMedievali.nsf/de148d287da34e08c1256e4c002f1718/3f786232cbb9a29bc1256f9a0056fef3?OpenDocument","Esanatoglia I 1, I - Statuti dei comuni, 1324-1328",1324,"Esanatoglia","Esanatoglia","Esanatoglia I 1, I - Statuti dei comuni, 1324-1328",1324,"Esanatoglia",43016,"Esanatoglia",1,1324,NA,NA,NA,NA
"Sant'Angelo a Cupolo","Sant'Angelo a Cupolo","https://www.senato.it/w3/Biblioteca/catalogoDegliStatutiMedievali.nsf/de148d287da34e08c1256e4c002f1718/4e2f6bd64a230760c1256fac00402277?OpenDocument","Sant'Angelo a Cupolo I 1, I - Statuti dei comuni, 1518-1608",1518,"Sant'Angelo a Cupolo","Sant'Angelo a Cupolo","Sant'Angelo a Cupolo I 1, I - Statuti dei comuni, 1518-1608",1518,"Sant'Angelo a Cupolo",62071,"Sant'Angelo a Cupolo",1,1518,NA,NA,NA,NA
"Sant'Angelo in Vado","Sant'Angelo in Vado","https://www.senato.it/w3/Biblioteca/catalogoDegliStatutiMedievali.nsf/de148d287da34e08c1256e4c002f1718/b5630753027b14ddc1256fac00402288?OpenDocument","Sant'Angelo in Vado I 1, I - Statuti dei comuni, 1575",1575,"Sant'Angelo in Vado","Sant'Angelo in Vado","Sant'Angelo in Vado I 1, I - Statuti dei comuni, 1575",1575,"Sant'Angelo in Vado",41057,"Sant'Angelo in Vado",1,1575,NA,NA,NA,NA
"Sant'Angelo Le Fratte","Sant'Angelo Le Fratte","https://www.senato.it/w3/Biblioteca/catalogoDegliStatutiMedievali.nsf/de148d287da34e08c1256e4c002f1718/0fc68efff893965ac1256fac004022a7?OpenDocument","Sant'Angelo Le Fratte I 1, I - Statuti dei comuni, 1669",1669,"Sant'Angelo Le Fratte","Sant'Angelo Le Fratte","Sant'Angelo Le Fratte I 1, I - Statuti dei comuni, 1669",1669,"Sant'Angelo Le Fratte",76079,"Sant'Angelo Le Fratte",1,1669,NA,NA,NA,NA
"Sant'Arcangelo","Sant'Arcangelo","https://www.senato.it/w3/Biblioteca/catalogoDegliStatutiMedievali.nsf/de148d287da34e08c1256e4c002f1718/3246d9a6fa483043c1256fac00402f9e?OpenDocument","Sant'Arcangelo I 1, I - Statuti dei comuni, 1517-1579",1517,"Sant'Arcangelo","Sant'Arcangelo","Sant'Arcangelo I 1, I - Statuti dei comuni, 1517-1579",1517,"Sant'Arcangelo",76080,"Sant'Arcangelo",1,1517,NA,NA,NA,NA
"Sant'Arsenio","Sant'Arsenio","https://www.senato.it/w3/Biblioteca/catalogoDegliStatutiMedievali.nsf/de148d287da34e08c1256e4c002f1718/9debad6b98667068c1256fac00402fbf?OpenDocument","Sant'Arsenio I 1, I - Statuti dei comuni, 1695-1696",1695,"Sant'Arsenio","Sant'Arsenio","Sant'Arsenio I 1, I - Statuti dei comuni, 1695-1696",1695,"Sant'Arsenio",65129,"Sant'Arsenio",1,1695,NA,NA,NA,NA
"Sant'Edisto","Sant'Edisto","https://www.senato.it/w3/Biblioteca/catalogoDegliStatutiMedievali.nsf/de148d287da34e08c1256e4c002f1718/b6edfc2615fc384ac1256fac00402ffd?OpenDocument","Sant'Oreste I 1, I - Statuti dei comuni, 1576",1576,"Sant'Oreste","Sant'Oreste","Sant'Oreste I 1, I - Statuti dei comuni, 1576",1576,"Sant'Oreste",58099,"Sant'Oreste",1,1576,NA,NA,NA,NA
"Sant'Elia Fiumerapido","Sant'Elia Fiumerapido","https://www.senato.it/w3/Biblioteca/catalogoDegliStatutiMedievali.nsf/de148d287da34e08c1256e4c002f1718/87f421ddd2533cccc1256fac00402fd6?OpenDocument","Sant'Elia Fiumerapido I 1, I - Statuti dei comuni, 1559-1606",1559,"Sant'Elia Fiumerapido","Sant'Elia Fiumerapido","Sant'Elia Fiumerapido I 1, I - Statuti dei comuni, 1559-1606",1559,"Sant'Elia Fiumerapido",60068,"Sant'Elia Fiumerapido",1,1559,NA,NA,NA,NA
"Sant'Elpidio a Mare","Sant'Elpidio a Mare","https://www.senato.it/w3/Biblioteca/catalogoDegliStatutiMedievali.nsf/de148d287da34e08c1256e4c002f1718/a5c0ecb34aaa9c6ac1256fac00431780?OpenDocument","Sant'Elpidio a Mare I 1, I - Statuti dei comuni, 1571",1571,"Sant'Elpidio a Mare","Sant'Elpidio a Mare","Sant'Elpidio a Mare I 1, I - Statuti dei comuni, 1571",1571,"Sant'Elpidio a Mare",109037,"Sant'Elpidio a Mare",1,1571,NA,NA,NA,NA
"Sant'Eusanio del Sangro","Sant'Eusanio del Sangro","https://www.senato.it/w3/Biblioteca/catalogoDegliStatutiMedievali.nsf/de148d287da34e08c1256e4c002f1718/4878e48ea95e5a06c1256fac00402fea?OpenDocument","Sant'Eusanio del Sangro I 1, I - Statuti dei comuni, sec. XVI",NA,"Sant'Eusanio del Sangro","Sant'Eusanio del Sangro","Sant'Eusanio del Sangro I 1, I - Statuti dei comuni, sec. XVI",NA,"Sant'Eusanio del Sangro",69085,"Sant'Eusanio del Sangro",1,NA,NA,NA,NA,NA
"Sant'Helia","Sant'Helia","https://www.senato.it/w3/Biblioteca/catalogoDegliStatutiMedievali.nsf/de148d287da34e08c1256e4c002f1718/87f421ddd2533cccc1256fac00402fd6?OpenDocument","Sant'Elia Fiumerapido I 1, I - Statuti dei comuni, 1559-1606",1559,"Sant'Elia Fiumerapido","Sant'Elia Fiumerapido","Sant'Elia Fiumerapido I 1, I - Statuti dei comuni, 1559-1606",1559,"Sant'Elia Fiumerapido",60068,"Sant'Elia Fiumerapido",1,1559,NA,NA,NA,NA
"Sant'Oreste","Sant'Oreste","https://www.senato.it/w3/Biblioteca/catalogoDegliStatutiMedievali.nsf/de148d287da34e08c1256e4c002f1718/b6edfc2615fc384ac1256fac00402ffd?OpenDocument","Sant'Oreste I 1, I - Statuti dei comuni, 1576",1576,"Sant'Oreste","Sant'Oreste","Sant'Oreste I 1, I - Statuti dei comuni, 1576",1576,"Sant'Oreste",58099,"Sant'Oreste",1,1576,NA,NA,NA,NA
"Santa Cristina Gela","Santa Cristina Gela","https://www.senato.it/w3/Biblioteca/catalogoDegliStatutiMedievali.nsf/de148d287da34e08c1256e4c002f1718/0e764a0e829d938cc1256fac00402d89?OpenDocument","Santa Cristina Gela I 1, I - Statuti dei comuni, 1691",1691,"Santa Cristina Gela","Santa Cristina Gela","Santa Cristina Gela I 1, I - Statuti dei comuni, 1691",1691,"Santa Cristina Gela",82066,"Santa Cristina Gela",1,1691,NA,NA,NA,NA
"Santa Fiora","Santa Fiora","https://www.senato.it/w3/Biblioteca/catalogoDegliStatutiMedievali.nsf/de148d287da34e08c1256e4c002f1718/c0389cda334843ddc1256fac00402d9f?OpenDocument","Santa Fiora I 1, I - Statuti dei comuni, 1613-1686",1613,"Santa Fiora","Santa Fiora","Santa Fiora I 1, I - Statuti dei comuni, 1613-1686",1613,"Santa Fiora",53022,"Santa Fiora",1,1613,NA,NA,NA,NA
"Santa Giusta","Santa Giusta","https://www.senato.it/w3/Biblioteca/catalogoDegliStatutiMedievali.nsf/de148d287da34e08c1256e4c002f1718/0eccf2c5954b1b7bc1256fac00402de2?OpenDocument","Santa Giusta I 1, I - Statuti dei comuni, 1422-1518",1422,"Santa Giusta","Santa Giusta","Santa Giusta I 1, I - Statuti dei comuni, 1422-1518",1422,"Santa Giusta",95047,"Santa Giusta",1,1422,NA,NA,NA,NA
"Santa Maria a Monte","Santa Maria a Monte","https://www.senato.it/w3/Biblioteca/catalogoDegliStatutiMedievali.nsf/de148d287da34e08c1256e4c002f1718/f3ed2e51508ecc21c1256fac00402df2?OpenDocument","Santa Maria a Monte I 1, I - Statuti dei comuni, 1348",1348,"Santa Maria a Monte","Santa Maria a Monte","Santa Maria a Monte I 1, I - Statuti dei comuni, 1348",1348,"Santa Maria a Monte",50035,"Santa Maria a Monte",1,1348,NA,NA,NA,NA
"Santa Maria de Capitanata","Santa Maria de Capitanata","https://www.senato.it/w3/Biblioteca/catalogoDegliStatutiMedievali.nsf/de148d287da34e08c1256e4c002f1718/e831dc5ef65af000c1256fa3005fc50d?OpenDocument","Lucera I 1, I - Statuti dei comuni, 1274-1522",1274,"Lucera","Lucera","Lucera I 1, I - Statuti dei comuni, 1274-1522",1274,"Lucera",71028,"Lucera",1,1274,NA,NA,NA,NA
"Santa Maria di Licodia","Santa Maria di Licodia","https://www.senato.it/w3/Biblioteca/catalogoDegliStatutiMedievali.nsf/de148d287da34e08c1256e4c002f1718/3f164952448c0480c1256fac00402ed7?OpenDocument","Santa Maria di Licodia I 1, I - Statuti dei comuni",NA,"Santa Maria di Licodia","Santa Maria di Licodia","Santa Maria di Licodia I 1, I - Statuti dei comuni",NA,"Santa Maria di Licodia",87047,"Santa Maria di Licodia",1,NA,NA,NA,NA,NA
"Santa Vittoria in Matenano","Santa Vittoria in Matenano","https://www.senato.it/w3/Biblioteca/catalogoDegliStatutiMedievali.nsf/de148d287da34e08c1256e4c002f1718/c2cd62b7a9595cb7c1256fac00402f1c?OpenDocument","Santa Vittoria in Matenano I 1, I - Statuti dei comuni, 1406-1618",1406,"Santa Vittoria in Matenano","Santa Vittoria in Matenano","Santa Vittoria in Matenano I 1, I - Statuti dei comuni, 1406-1618",1406,"Santa Vittoria in Matenano",109036,"Santa Vittoria in Matenano",1,1406,NA,NA,NA,NA
"Santia","Santia","https://www.senato.it/w3/Biblioteca/catalogoDegliStatutiMedievali.nsf/de148d287da34e08c1256e4c002f1718/14a0cfeb1509d555c1256fac00403042?OpenDocument","Sanza I 1, I - Statuti dei comuni, sec. XV",NA,"Sanza","Sanza","Sanza I 1, I - Statuti dei comuni, sec. XV",NA,"Sanza",65133,"Sanza",1,NA,NA,NA,NA,NA
"Santo Resto","Santo Resto","https://www.senato.it/w3/Biblioteca/catalogoDegliStatutiMedievali.nsf/de148d287da34e08c1256e4c002f1718/b6edfc2615fc384ac1256fac00402ffd?OpenDocument","Sant'Oreste I 1, I - Statuti dei comuni, 1576",1576,"Sant'Oreste","Sant'Oreste","Sant'Oreste I 1, I - Statuti dei comuni, 1576",1576,"Sant'Oreste",58099,"Sant'Oreste",1,1576,NA,NA,NA,NA
"Santo Sagno","Santo Sagno","https://www.senato.it/w3/Biblioteca/catalogoDegliStatutiMedievali.nsf/de148d287da34e08c1256e4c002f1718/4878e48ea95e5a06c1256fac00402fea?OpenDocument","Sant'Eusanio del Sangro I 1, I - Statuti dei comuni, sec. XVI",NA,"Sant'Eusanio del Sangro","Sant'Eusanio del Sangro","Sant'Eusanio del Sangro I 1, I - Statuti dei comuni, sec. XVI",NA,"Sant'Eusanio del Sangro",69085,"Sant'Eusanio del Sangro",1,NA,NA,NA,NA,NA
"Santo Stefano Belbo","Santo Stefano Belbo","https://www.senato.it/w3/Biblioteca/catalogoDegliStatutiMedievali.nsf/de148d287da34e08c1256e4c002f1718/92f8718705b15a6ac1256fac00402f53?OpenDocument","Santo Stefano Belbo I 1, I - Statuti dei comuni, 1319-1596",1319,"Santo Stefano Belbo","Santo Stefano Belbo","Santo Stefano Belbo I 1, I - Statuti dei comuni, 1319-1596",1319,"Santo Stefano Belbo",4213,"Santo Stefano Belbo",1,1319,NA,NA,NA,NA
"Santo Stefano di Cadore","Santo Stefano di Cadore","https://www.senato.it/w3/Biblioteca/catalogoDegliStatutiMedievali.nsf/de148d287da34e08c1256e4c002f1718/3fa41b3e4578f93ac1256fac00402f63?OpenDocument","Santo Stefano di Cadore I 1, I - Statuti dei comuni, 1444",1444,"Santo Stefano di Cadore","Santo Stefano di Cadore","Santo Stefano di Cadore I 1, I - Statuti dei comuni, 1444",1444,"Santo Stefano di Cadore",25050,"Santo Stefano di Cadore",1,1444,NA,NA,NA,NA
"Sanza","Sanza","https://www.senato.it/w3/Biblioteca/catalogoDegliStatutiMedievali.nsf/de148d287da34e08c1256e4c002f1718/14a0cfeb1509d555c1256fac00403042?OpenDocument","Sanza I 1, I - Statuti dei comuni, sec. XV",NA,"Sanza","Sanza","Sanza I 1, I - Statuti dei comuni, sec. XV",NA,"Sanza",65133,"Sanza",1,NA,NA,NA,NA,NA
"Saona","Saona","https://www.senato.it/w3/Biblioteca/catalogoDegliStatutiMedievali.nsf/de148d287da34e08c1256e4c002f1718/26b207c47b60a9dec1256fac004035e3?OpenDocument","Savona I 1, I - Statuti dei comuni, 1014-1179",1014,"Savona","Savona","Savona I 1, I - Statuti dei comuni, 1014-1179",1014,"Savona",9056,"Savona",1,1014,NA,NA,NA,NA
"Saracena","Saracena","https://www.senato.it/w3/Biblioteca/catalogoDegliStatutiMedievali.nsf/de148d287da34e08c1256e4c002f1718/6674bd78a6a60e2dc1256fac004030c4?OpenDocument","Saracena I 1, I - Statuti dei comuni, 1546",1546,"Saracena","Saracena","Saracena I 1, I - Statuti dei comuni, 1546",1546,"Saracena",78136,"Saracena",1,1546,NA,NA,NA,NA
"Saracinesco","Saracinesco","https://www.senato.it/w3/Biblioteca/catalogoDegliStatutiMedievali.nsf/de148d287da34e08c1256e4c002f1718/48022ccc39e27777c1256fac004030d3?OpenDocument","Saracinesco I 1, I - Statuti dei comuni, 1604",1604,"Saracinesco","Saracinesco","Saracinesco I 1, I - Statuti dei comuni, 1604",1604,"Saracinesco",58101,"Saracinesco",1,1604,NA,NA,NA,NA
"_aadgn51r1dpgg_","Sarçana","https://www.senato.it/w3/Biblioteca/catalogoDegliStatutiMedievali.nsf/de148d287da34e08c1256e4c002f1718/9dd1cd52c01eca0ec1256fac00403197?OpenDocument","Sarzana I 1, I - Statuti dei comuni, 1140-1269",1140,"Sarzana","Sarzana","Sarzana I 1, I - Statuti dei comuni, 1140-1269",1140,"Sarzana",11027,"Sarzana",1,1140,NA,NA,NA,NA
"Sarcedo","Sarcedo","https://www.senato.it/w3/Biblioteca/catalogoDegliStatutiMedievali.nsf/de148d287da34e08c1256e4c002f1718/da233a177635af43c1256fac004030e0?OpenDocument","Sarcedo I 1, I - Statuti dei comuni, 1760-1787",1760,"Sarcedo","Sarcedo","Sarcedo I 1, I - Statuti dei comuni, 1760-1787",1760,"Sarcedo",24097,"Sarcedo",1,1760,NA,NA,NA,NA
"Sarego","Sarego","https://www.senato.it/w3/Biblioteca/catalogoDegliStatutiMedievali.nsf/de148d287da34e08c1256e4c002f1718/2e2ceaf80ddfc619c1256fac004030ff?OpenDocument","Sarego I 1, I - Statuti dei comuni, 1782-1789",1782,"Sarego","Sarego","Sarego I 1, I - Statuti dei comuni, 1782-1789",1782,"Sarego",24098,"Sarego",1,1782,NA,NA,NA,NA
"Sarheanum","Sarheanum","https://www.senato.it/w3/Biblioteca/catalogoDegliStatutiMedievali.nsf/de148d287da34e08c1256e4c002f1718/5669584c7f2c626dc1256fac0040312e?OpenDocument","Sarteano I 1, I - Statuti dei comuni, 1431-1774",1431,"Sarteano","Sarteano","Sarteano I 1, I - Statuti dei comuni, 1431-1774",1431,"Sarteano",52031,"Sarteano",1,1431,NA,NA,NA,NA
"Sarmineta","Sarmineta","https://www.senato.it/w3/Biblioteca/catalogoDegliStatutiMedievali.nsf/de148d287da34e08c1256e4c002f1718/d312cb25f0807d3cc1256fac00404048?OpenDocument","Sermoneta I 1, I - Statuti dei comuni, 1604",1604,"Sermoneta","Sermoneta","Sermoneta I 1, I - Statuti dei comuni, 1604",1604,"Sermoneta",59027,"Sermoneta",1,1604,NA,NA,NA,NA
"Sarnonico","Sarnonico","https://www.senato.it/w3/Biblioteca/catalogoDegliStatutiMedievali.nsf/de148d287da34e08c1256e4c002f1718/858b2397f6a01d99c1256fac00403120?OpenDocument","Sarnonico I 1, I - Statuti dei comuni, 1586",1586,"Sarnonico","Sarnonico","Sarnonico I 1, I - Statuti dei comuni, 1586",1586,"Sarnonico",22170,"Sarnonico",1,1586,NA,NA,NA,NA
"Sarteano","Sarteano","https://www.senato.it/w3/Biblioteca/catalogoDegliStatutiMedievali.nsf/de148d287da34e08c1256e4c002f1718/5669584c7f2c626dc1256fac0040312e?OpenDocument","Sarteano I 1, I - Statuti dei comuni, 1431-1774",1431,"Sarteano","Sarteano","Sarteano I 1, I - Statuti dei comuni, 1431-1774",1431,"Sarteano",52031,"Sarteano",1,1431,NA,NA,NA,NA
"Sarzana","Sarzana","https://www.senato.it/w3/Biblioteca/catalogoDegliStatutiMedievali.nsf/de148d287da34e08c1256e4c002f1718/9dd1cd52c01eca0ec1256fac00403197?OpenDocument","Sarzana I 1, I - Statuti dei comuni, 1140-1269",1140,"Sarzana","Sarzana","Sarzana I 1, I - Statuti dei comuni, 1140-1269",1140,"Sarzana",11027,"Sarzana",1,1140,NA,NA,NA,NA
"Sassari","Sassari","https://www.senato.it/w3/Biblioteca/catalogoDegliStatutiMedievali.nsf/de148d287da34e08c1256e4c002f1718/fabefb67747c39dec1256fac0040333e?OpenDocument","Sassari I 1, I - Statuti dei comuni, 1294-1574",1294,"Sassari","Sassari","Sassari I 1, I - Statuti dei comuni, 1294-1574",1294,"Sassari",90064,"Sassari",1,1294,NA,NA,NA,NA
"Sassaris","Sassaris","https://www.senato.it/w3/Biblioteca/catalogoDegliStatutiMedievali.nsf/de148d287da34e08c1256e4c002f1718/fabefb67747c39dec1256fac0040333e?OpenDocument","Sassari I 1, I - Statuti dei comuni, 1294-1574",1294,"Sassari","Sassari","Sassari I 1, I - Statuti dei comuni, 1294-1574",1294,"Sassari",90064,"Sassari",1,1294,NA,NA,NA,NA
"Sassarum","Sassarum","https://www.senato.it/w3/Biblioteca/catalogoDegliStatutiMedievali.nsf/de148d287da34e08c1256e4c002f1718/fabefb67747c39dec1256fac0040333e?OpenDocument","Sassari I 1, I - Statuti dei comuni, 1294-1574",1294,"Sassari","Sassari","Sassari I 1, I - Statuti dei comuni, 1294-1574",1294,"Sassari",90064,"Sassari",1,1294,NA,NA,NA,NA
"Sassocorvaro","Sassocorvaro","https://www.senato.it/w3/Biblioteca/catalogoDegliStatutiMedievali.nsf/de148d287da34e08c1256e4c002f1718/6fcefca71782969cc1256fac004034c8?OpenDocument","Sassocorvaro I 1, I - Statuti dei comuni, sec. XVI",NA,"Sassocorvaro","Sassocorvaro","Sassocorvaro I 1, I - Statuti dei comuni, sec. XVI",NA,"Sassocorvaro",41059,"Sassocorvaro",1,NA,NA,NA,NA,NA
"Sassuolo","Sassuolo","https://www.senato.it/w3/Biblioteca/catalogoDegliStatutiMedievali.nsf/de148d287da34e08c1256e4c002f1718/eefa2f84f06c71c6c1256fac00403511?OpenDocument","Sassuolo I 1, I - Statuti dei comuni, 1561-62",1561,"Sassuolo","Sassuolo","Sassuolo I 1, I - Statuti dei comuni, 1561-62",1561,"Sassuolo",36040,"Sassuolo",1,1561,NA,NA,NA,NA
"Savigliano","Savigliano","https://www.senato.it/w3/Biblioteca/catalogoDegliStatutiMedievali.nsf/de148d287da34e08c1256e4c002f1718/ef4edba38172e82fc1256fac0040358e?OpenDocument","Savigliano I 1, I - Statuti dei comuni, 1305-1501",1305,"Savigliano","Savigliano","Savigliano I 1, I - Statuti dei comuni, 1305-1501",1305,"Savigliano",4215,"Savigliano",1,1305,NA,NA,NA,NA
"Savona","Savona","https://www.senato.it/w3/Biblioteca/catalogoDegliStatutiMedievali.nsf/de148d287da34e08c1256e4c002f1718/26b207c47b60a9dec1256fac004035e3?OpenDocument","Savona I 1, I - Statuti dei comuni, 1014-1179",1014,"Savona","Savona","Savona I 1, I - Statuti dei comuni, 1014-1179",1014,"Savona",9056,"Savona",1,1014,NA,NA,NA,NA
"Saxolum","Saxolum","https://www.senato.it/w3/Biblioteca/catalogoDegliStatutiMedievali.nsf/de148d287da34e08c1256e4c002f1718/eefa2f84f06c71c6c1256fac00403511?OpenDocument","Sassuolo I 1, I - Statuti dei comuni, 1561-62",1561,"Sassuolo","Sassuolo","Sassuolo I 1, I - Statuti dei comuni, 1561-62",1561,"Sassuolo",36040,"Sassuolo",1,1561,NA,NA,NA,NA
"Saxum Corvarium","Saxum Corvarium","https://www.senato.it/w3/Biblioteca/catalogoDegliStatutiMedievali.nsf/de148d287da34e08c1256e4c002f1718/6fcefca71782969cc1256fac004034c8?OpenDocument","Sassocorvaro I 1, I - Statuti dei comuni, sec. XVI",NA,"Sassocorvaro","Sassocorvaro","Sassocorvaro I 1, I - Statuti dei comuni, sec. XVI",NA,"Sassocorvaro",41059,"Sassocorvaro",1,NA,NA,NA,NA,NA
"Scandiano","Scandiano","https://www.senato.it/w3/Biblioteca/catalogoDegliStatutiMedievali.nsf/de148d287da34e08c1256e4c002f1718/9bb2fb09e05e6c58c1256fac00403a86?OpenDocument","Scandiano I 1, I - Statuti dei comuni, 1487-1711",1487,"Scandiano","Scandiano","Scandiano I 1, I - Statuti dei comuni, 1487-1711",1487,"Scandiano",35040,"Scandiano",1,1487,NA,NA,NA,NA
"Scandianum","Scandianum","https://www.senato.it/w3/Biblioteca/catalogoDegliStatutiMedievali.nsf/de148d287da34e08c1256e4c002f1718/9bb2fb09e05e6c58c1256fac00403a86?OpenDocument","Scandiano I 1, I - Statuti dei comuni, 1487-1711",1487,"Scandiano","Scandiano","Scandiano I 1, I - Statuti dei comuni, 1487-1711",1487,"Scandiano",35040,"Scandiano",1,1487,NA,NA,NA,NA
"Scanno","Scanno","https://www.senato.it/w3/Biblioteca/catalogoDegliStatutiMedievali.nsf/de148d287da34e08c1256e4c002f1718/3c2a36badc10155dc1256fac00403ac5?OpenDocument","Scanno I 1, I - Statuti dei comuni, 1630-1700",1630,"Scanno","Scanno","Scanno I 1, I - Statuti dei comuni, 1630-1700",1630,"Scanno",66093,"Scanno",1,1630,NA,NA,NA,NA
"Scansano","Scansano","https://www.senato.it/w3/Biblioteca/catalogoDegliStatutiMedievali.nsf/de148d287da34e08c1256e4c002f1718/7be58170ff3cd589c1256fac00403ad4?OpenDocument","Scansano I 1, I - Statuti dei comuni, 1573-1584",1573,"Scansano","Scansano","Scansano I 1, I - Statuti dei comuni, 1573-1584",1573,"Scansano",53023,"Scansano",1,1573,NA,NA,NA,NA
"Scanzano","Scanzano","https://www.senato.it/w3/Biblioteca/catalogoDegliStatutiMedievali.nsf/de148d287da34e08c1256e4c002f1718/7be58170ff3cd589c1256fac00403ad4?OpenDocument","Scansano I 1, I - Statuti dei comuni, 1573-1584",1573,"Scansano","Scansano","Scansano I 1, I - Statuti dei comuni, 1573-1584",1573,"Scansano",53023,"Scansano",1,1573,NA,NA,NA,NA
"Scarnafigi","Scarnafigi","https://www.senato.it/w3/Biblioteca/catalogoDegliStatutiMedievali.nsf/de148d287da34e08c1256e4c002f1718/37b88b69ddaad16ac1256fac00403aea?OpenDocument","Scarnafigi I 1, I - Statuti dei comuni, 1470-1545",1470,"Scarnafigi","Scarnafigi","Scarnafigi I 1, I - Statuti dei comuni, 1470-1545",1470,"Scarnafigi",4217,"Scarnafigi",1,1470,NA,NA,NA,NA
"Scarnafixium","Scarnafixium","https://www.senato.it/w3/Biblioteca/catalogoDegliStatutiMedievali.nsf/de148d287da34e08c1256e4c002f1718/37b88b69ddaad16ac1256fac00403aea?OpenDocument","Scarnafigi I 1, I - Statuti dei comuni, 1470-1545",1470,"Scarnafigi","Scarnafigi","Scarnafigi I 1, I - Statuti dei comuni, 1470-1545",1470,"Scarnafigi",4217,"Scarnafigi",1,1470,NA,NA,NA,NA
"Schiavi di Abruzzo","Schiavi di Abruzzo","https://www.senato.it/w3/Biblioteca/catalogoDegliStatutiMedievali.nsf/de148d287da34e08c1256e4c002f1718/c747e28b3ec179cac1256fac00403b54?OpenDocument","Schiavi di Abruzzo I 1, I - Statuti dei comuni, 1687",1687,"Schiavi di Abruzzo","Schiavi di Abruzzo","Schiavi di Abruzzo I 1, I - Statuti dei comuni, 1687",1687,"Schiavi di Abruzzo",69088,"Schiavi di Abruzzo",1,1687,NA,NA,NA,NA
"Schio","Schio","https://www.senato.it/w3/Biblioteca/catalogoDegliStatutiMedievali.nsf/de148d287da34e08c1256e4c002f1718/25b1058a81f92c40c1256fac00403b7b?OpenDocument","Schio I 1, I - Statuti dei comuni, 1393",1393,"Schio","Schio","Schio I 1, I - Statuti dei comuni, 1393",1393,"Schio",24100,"Schio",1,1393,NA,NA,NA,NA
"Sciacca","Sciacca","https://www.senato.it/w3/Biblioteca/catalogoDegliStatutiMedievali.nsf/de148d287da34e08c1256e4c002f1718/1fbe60029eae9816c1256fac00403c98?OpenDocument","Sciacca I 1, I - Statuti dei comuni, sec. XV",NA,"Sciacca","Sciacca","Sciacca I 1, I - Statuti dei comuni, sec. XV",NA,"Sciacca",84041,"Sciacca",1,NA,NA,NA,NA,NA
"Sciolze","Sciolze","https://www.senato.it/w3/Biblioteca/catalogoDegliStatutiMedievali.nsf/de148d287da34e08c1256e4c002f1718/cf6debb1c09da0e7c1256fac00403cc8?OpenDocument","Sciolze I 1, I - Statuti dei comuni, 1445",1445,"Sciolze","Sciolze","Sciolze I 1, I - Statuti dei comuni, 1445",1445,"Sciolze",1262,"Sciolze",1,1445,NA,NA,NA,NA
"Scledum","Scledum","https://www.senato.it/w3/Biblioteca/catalogoDegliStatutiMedievali.nsf/de148d287da34e08c1256e4c002f1718/25b1058a81f92c40c1256fac00403b7b?OpenDocument","Schio I 1, I - Statuti dei comuni, 1393",1393,"Schio","Schio","Schio I 1, I - Statuti dei comuni, 1393",1393,"Schio",24100,"Schio",1,1393,NA,NA,NA,NA
"Scrofano","Scrofano","https://www.senato.it/w3/Biblioteca/catalogoDegliStatutiMedievali.nsf/de148d287da34e08c1256e4c002f1718/48ce516521ee5791c1256fac00401901?OpenDocument","Sacrofano I 1, I - Statuti dei comuni, sec. XVI",NA,"Sacrofano","Sacrofano","Sacrofano I 1, I - Statuti dei comuni, sec. XVI",NA,"Sacrofano",58093,"Sacrofano",1,NA,NA,NA,NA,NA
"Scurellae","Scurellae","https://www.senato.it/w3/Biblioteca/catalogoDegliStatutiMedievali.nsf/de148d287da34e08c1256e4c002f1718/a278c4632d9ded2fc1256fac00403cdb?OpenDocument","Scurelle I 1, I - Statuti dei comuni, 1552-1750",1552,"Scurelle","Scurelle","Scurelle I 1, I - Statuti dei comuni, 1552-1750",1552,"Scurelle",22171,"Scurelle",1,1552,NA,NA,NA,NA
"Scurelle","Scurelle","https://www.senato.it/w3/Biblioteca/catalogoDegliStatutiMedievali.nsf/de148d287da34e08c1256e4c002f1718/a278c4632d9ded2fc1256fac00403cdb?OpenDocument","Scurelle I 1, I - Statuti dei comuni, 1552-1750",1552,"Scurelle","Scurelle","Scurelle I 1, I - Statuti dei comuni, 1552-1750",1552,"Scurelle",22171,"Scurelle",1,1552,NA,NA,NA,NA
"Secusia","Secusia","https://www.senato.it/w3/Biblioteca/catalogoDegliStatutiMedievali.nsf/de148d287da34e08c1256e4c002f1718/ffcbf9807c8f9af0c1256fac00405704?OpenDocument","Susa I 1, I - Statuti dei comuni, 1197-1449",1197,"Susa","Susa","Susa I 1, I - Statuti dei comuni, 1197-1449",1197,"Susa",1270,"Susa",1,1197,NA,NA,NA,NA
"Secuxia","Secuxia","https://www.senato.it/w3/Biblioteca/catalogoDegliStatutiMedievali.nsf/de148d287da34e08c1256e4c002f1718/ffcbf9807c8f9af0c1256fac00405704?OpenDocument","Susa I 1, I - Statuti dei comuni, 1197-1449",1197,"Susa","Susa","Susa I 1, I - Statuti dei comuni, 1197-1449",1197,"Susa",1270,"Susa",1,1197,NA,NA,NA,NA
"Sefre","Sefre","https://www.senato.it/w3/Biblioteca/catalogoDegliStatutiMedievali.nsf/de148d287da34e08c1256e4c002f1718/6c2a4e0c2907ab2dc1256fac00403cf1?OpenDocument","Sefro I 1, I - Statuti dei comuni, 1423",1423,"Sefro","Sefro","Sefro I 1, I - Statuti dei comuni, 1423",1423,"Sefro",43050,"Sefro",1,1423,NA,NA,NA,NA
"Sefri","Sefri","https://www.senato.it/w3/Biblioteca/catalogoDegliStatutiMedievali.nsf/de148d287da34e08c1256e4c002f1718/6c2a4e0c2907ab2dc1256fac00403cf1?OpenDocument","Sefro I 1, I - Statuti dei comuni, 1423",1423,"Sefro","Sefro","Sefro I 1, I - Statuti dei comuni, 1423",1423,"Sefro",43050,"Sefro",1,1423,NA,NA,NA,NA
"Sefro","Sefro","https://www.senato.it/w3/Biblioteca/catalogoDegliStatutiMedievali.nsf/de148d287da34e08c1256e4c002f1718/6c2a4e0c2907ab2dc1256fac00403cf1?OpenDocument","Sefro I 1, I - Statuti dei comuni, 1423",1423,"Sefro","Sefro","Sefro I 1, I - Statuti dei comuni, 1423",1423,"Sefro",43050,"Sefro",1,1423,NA,NA,NA,NA
"Segni","Segni","https://www.senato.it/w3/Biblioteca/catalogoDegliStatutiMedievali.nsf/de148d287da34e08c1256e4c002f1718/780085f59e6c32c2c1256fac00403d55?OpenDocument","Segni I 1, I - Statuti dei comuni, 1560-1593",1560,"Segni","Segni","Segni I 1, I - Statuti dei comuni, 1560-1593",1560,"Segni",58102,"Segni",1,1560,NA,NA,NA,NA
"Sellano","Sellano","https://www.senato.it/w3/Biblioteca/catalogoDegliStatutiMedievali.nsf/de148d287da34e08c1256e4c002f1718/289e14f10813c65dc1256fac00403dcd?OpenDocument","Sellano I 1, I - Statuti dei comuni, 1374-1786",1374,"Sellano","Sellano","Sellano I 1, I - Statuti dei comuni, 1374-1786",1374,"Sellano",54048,"Sellano",1,1374,NA,NA,NA,NA
"Sellanum","Sellanum","https://www.senato.it/w3/Biblioteca/catalogoDegliStatutiMedievali.nsf/de148d287da34e08c1256e4c002f1718/289e14f10813c65dc1256fac00403dcd?OpenDocument","Sellano I 1, I - Statuti dei comuni, 1374-1786",1374,"Sellano","Sellano","Sellano I 1, I - Statuti dei comuni, 1374-1786",1374,"Sellano",54048,"Sellano",1,1374,NA,NA,NA,NA
"Senae","Senae","https://www.senato.it/w3/Biblioteca/catalogoDegliStatutiMedievali.nsf/de148d287da34e08c1256e4c002f1718/0371a3fc551414c4c1256fac00404350?OpenDocument","Siena I 1, I - Statuti dei comuni, sec. XII-XIV",NA,"Siena","Siena","Siena I 1, I - Statuti dei comuni, sec. XII-XIV",NA,"Siena",52032,"Siena",1,NA,NA,NA,NA,NA
"Senigallia","Senigallia","https://www.senato.it/w3/Biblioteca/catalogoDegliStatutiMedievali.nsf/de148d287da34e08c1256e4c002f1718/e6d3c3dbce004506c1256fac00403e0a?OpenDocument","Senigallia I 1, I - Statuti dei comuni, 1464",1464,"Senigallia","Senigallia","Senigallia I 1, I - Statuti dei comuni, 1464",1464,"Senigallia",42045,"Senigallia",1,1464,NA,NA,NA,NA
"Senogallia","Senogallia","https://www.senato.it/w3/Biblioteca/catalogoDegliStatutiMedievali.nsf/de148d287da34e08c1256e4c002f1718/e6d3c3dbce004506c1256fac00403e0a?OpenDocument","Senigallia I 1, I - Statuti dei comuni, 1464",1464,"Senigallia","Senigallia","Senigallia I 1, I - Statuti dei comuni, 1464",1464,"Senigallia",42045,"Senigallia",1,1464,NA,NA,NA,NA
"Sepino","Sepino","https://www.senato.it/w3/Biblioteca/catalogoDegliStatutiMedievali.nsf/de148d287da34e08c1256e4c002f1718/f7569e7f8348f7bec1256fac00403f60?OpenDocument","Sepino I 1, I - Statuti dei comuni, 1514-1578",1514,"Sepino","Sepino","Sepino I 1, I - Statuti dei comuni, 1514-1578",1514,"Sepino",70075,"Sepino",1,1514,NA,NA,NA,NA
"Sepinum","Sepinum","https://www.senato.it/w3/Biblioteca/catalogoDegliStatutiMedievali.nsf/de148d287da34e08c1256e4c002f1718/f7569e7f8348f7bec1256fac00403f60?OpenDocument","Sepino I 1, I - Statuti dei comuni, 1514-1578",1514,"Sepino","Sepino","Sepino I 1, I - Statuti dei comuni, 1514-1578",1514,"Sepino",70075,"Sepino",1,1514,NA,NA,NA,NA
"Septebrium","Septebrium","https://www.senato.it/w3/Biblioteca/catalogoDegliStatutiMedievali.nsf/de148d287da34e08c1256e4c002f1718/9b95a12012a2ea49c1256fac00405543?OpenDocument","Strevi I 1, I - Statuti dei comuni, 1400-1476",1400,"Strevi","Strevi","Strevi I 1, I - Statuti dei comuni, 1400-1476",1400,"Strevi",6168,"Strevi",1,1400,NA,NA,NA,NA
"Septimum Victonum","Septimum Victonum","https://www.senato.it/w3/Biblioteca/catalogoDegliStatutiMedievali.nsf/de148d287da34e08c1256e4c002f1718/5f83acb5caa1a071c1256fac0040432b?OpenDocument","Settimo Vittone I 1, I - Statuti dei comuni, 1322",1322,"Settimo Vittone","Settimo Vittone","Settimo Vittone I 1, I - Statuti dei comuni, 1322",1322,"Settimo Vittone",1266,"Settimo Vittone",1,1322,NA,NA,NA,NA
"Seralonga","Seralonga","https://www.senato.it/w3/Biblioteca/catalogoDegliStatutiMedievali.nsf/de148d287da34e08c1256e4c002f1718/a1dcdd14ee7c2476c1256fac00404197?OpenDocument","Serralunga d'Alba I 1, I - Statuti dei comuni, 1300-1350",1300,"Serralunga d'Alba","Serralunga d'Alba","Serralunga d'Alba I 1, I - Statuti dei comuni, 1300-1350",1300,"Serralunga d'Alba",4218,"Serralunga d'Alba",1,1300,NA,NA,NA,NA
"Seravetia","Seravetia","https://www.senato.it/w3/Biblioteca/catalogoDegliStatutiMedievali.nsf/de148d287da34e08c1256e4c002f1718/a26f13d0ddca87dfc1256fac00403f76?OpenDocument","Seravezza I 1, I - Statuti dei comuni, 1484",1484,"Seravezza","Seravezza","Seravezza I 1, I - Statuti dei comuni, 1484",1484,"Seravezza",46028,"Seravezza",1,1484,NA,NA,NA,NA
"Seravezza","Seravezza","https://www.senato.it/w3/Biblioteca/catalogoDegliStatutiMedievali.nsf/de148d287da34e08c1256e4c002f1718/a26f13d0ddca87dfc1256fac00403f76?OpenDocument","Seravezza I 1, I - Statuti dei comuni, 1484",1484,"Seravezza","Seravezza","Seravezza I 1, I - Statuti dei comuni, 1484",1484,"Seravezza",46028,"Seravezza",1,1484,NA,NA,NA,NA
"Sermedi","Sermedi","https://www.senato.it/w3/Biblioteca/catalogoDegliStatutiMedievali.nsf/de148d287da34e08c1256e4c002f1718/976d302aaf24bcdec1256fac00404024?OpenDocument","Sermide I 1, I - Statuti dei comuni, 1313",1313,"Sermide","Sermide","Sermide I 1, I - Statuti dei comuni, 1313",1313,"Sermide",20061,"Sermide",1,1313,NA,NA,NA,NA
"Sermedium","Sermedium","https://www.senato.it/w3/Biblioteca/catalogoDegliStatutiMedievali.nsf/de148d287da34e08c1256e4c002f1718/976d302aaf24bcdec1256fac00404024?OpenDocument","Sermide I 1, I - Statuti dei comuni, 1313",1313,"Sermide","Sermide","Sermide I 1, I - Statuti dei comuni, 1313",1313,"Sermide",20061,"Sermide",1,1313,NA,NA,NA,NA
"Sermide","Sermide","https://www.senato.it/w3/Biblioteca/catalogoDegliStatutiMedievali.nsf/de148d287da34e08c1256e4c002f1718/976d302aaf24bcdec1256fac00404024?OpenDocument","Sermide I 1, I - Statuti dei comuni, 1313",1313,"Sermide","Sermide","Sermide I 1, I - Statuti dei comuni, 1313",1313,"Sermide",20061,"Sermide",1,1313,NA,NA,NA,NA
"Sermidium","Sermidium","https://www.senato.it/w3/Biblioteca/catalogoDegliStatutiMedievali.nsf/de148d287da34e08c1256e4c002f1718/976d302aaf24bcdec1256fac00404024?OpenDocument","Sermide I 1, I - Statuti dei comuni, 1313",1313,"Sermide","Sermide","Sermide I 1, I - Statuti dei comuni, 1313",1313,"Sermide",20061,"Sermide",1,1313,NA,NA,NA,NA
"Serminetum","Serminetum","https://www.senato.it/w3/Biblioteca/catalogoDegliStatutiMedievali.nsf/de148d287da34e08c1256e4c002f1718/d312cb25f0807d3cc1256fac00404048?OpenDocument","Sermoneta I 1, I - Statuti dei comuni, 1604",1604,"Sermoneta","Sermoneta","Sermoneta I 1, I - Statuti dei comuni, 1604",1604,"Sermoneta",59027,"Sermoneta",1,1604,NA,NA,NA,NA
"Sermoneta","Sermoneta","https://www.senato.it/w3/Biblioteca/catalogoDegliStatutiMedievali.nsf/de148d287da34e08c1256e4c002f1718/d312cb25f0807d3cc1256fac00404048?OpenDocument","Sermoneta I 1, I - Statuti dei comuni, 1604",1604,"Sermoneta","Sermoneta","Sermoneta I 1, I - Statuti dei comuni, 1604",1604,"Sermoneta",59027,"Sermoneta",1,1604,NA,NA,NA,NA
"Sermonetum","Sermonetum","https://www.senato.it/w3/Biblioteca/catalogoDegliStatutiMedievali.nsf/de148d287da34e08c1256e4c002f1718/d312cb25f0807d3cc1256fac00404048?OpenDocument","Sermoneta I 1, I - Statuti dei comuni, 1604",1604,"Sermoneta","Sermoneta","Sermoneta I 1, I - Statuti dei comuni, 1604",1604,"Sermoneta",59027,"Sermoneta",1,1604,NA,NA,NA,NA
"Sernio","Sernio","https://www.senato.it/w3/Biblioteca/catalogoDegliStatutiMedievali.nsf/de148d287da34e08c1256e4c002f1718/6b5e32ccd380aafac1256fac00404061?OpenDocument","Sernio I 1, I - Statuti dei comuni, 1609",1609,"Sernio","Sernio","Sernio I 1, I - Statuti dei comuni, 1609",1609,"Sernio",14059,"Sernio",1,1609,NA,NA,NA,NA
"Sernium","Sernium","https://www.senato.it/w3/Biblioteca/catalogoDegliStatutiMedievali.nsf/de148d287da34e08c1256e4c002f1718/6b5e32ccd380aafac1256fac00404061?OpenDocument","Sernio I 1, I - Statuti dei comuni, 1609",1609,"Sernio","Sernio","Sernio I 1, I - Statuti dei comuni, 1609",1609,"Sernio",14059,"Sernio",1,1609,NA,NA,NA,NA
"Sernonicum","Sernonicum","https://www.senato.it/w3/Biblioteca/catalogoDegliStatutiMedievali.nsf/de148d287da34e08c1256e4c002f1718/858b2397f6a01d99c1256fac00403120?OpenDocument","Sarnonico I 1, I - Statuti dei comuni, 1586",1586,"Sarnonico","Sarnonico","Sarnonico I 1, I - Statuti dei comuni, 1586",1586,"Sarnonico",22170,"Sarnonico",1,1586,NA,NA,NA,NA
"Serra","Serra","https://www.senato.it/w3/Biblioteca/catalogoDegliStatutiMedievali.nsf/de148d287da34e08c1256e4c002f1718/0e1f73f27e21fb23c1256fac0040407a?OpenDocument","Serrapetrona I 1, I - Statuti dei comuni, 1473",1473,"Serrapetrona","Serrapetrona","Serrapetrona I 1, I - Statuti dei comuni, 1473",1473,"Serrapetrona",43051,"Serrapetrona",1,1473,NA,NA,NA,NA
"Serra Comitum","Serra Comitum","https://www.senato.it/w3/Biblioteca/catalogoDegliStatutiMedievali.nsf/de148d287da34e08c1256e4c002f1718/fe3a160f76767181c1256fac00404154?OpenDocument","Serra de' Conti I 1, I - Statuti dei comuni, 1549-1551",1549,"Serra de' Conti","Serra de' Conti","Serra de' Conti I 1, I - Statuti dei comuni, 1549-1551",1549,"Serra de' Conti",42046,"Serra de' Conti",1,1549,NA,NA,NA,NA
"Serra de' Conti","Serra de' Conti","https://www.senato.it/w3/Biblioteca/catalogoDegliStatutiMedievali.nsf/de148d287da34e08c1256e4c002f1718/fe3a160f76767181c1256fac00404154?OpenDocument","Serra de' Conti I 1, I - Statuti dei comuni, 1549-1551",1549,"Serra de' Conti","Serra de' Conti","Serra de' Conti I 1, I - Statuti dei comuni, 1549-1551",1549,"Serra de' Conti",42046,"Serra de' Conti",1,1549,NA,NA,NA,NA
"Serra de San Chyerco","Serra de San Chyerco","https://www.senato.it/w3/Biblioteca/catalogoDegliStatutiMedievali.nsf/de148d287da34e08c1256e4c002f1718/6dadbf8c41873938c1256fac004041bb?OpenDocument","Serra San Quirico I 1, I - Statuti dei comuni, 1273-1546",1273,"Serra San Quirico","Serra San Quirico","Serra San Quirico I 1, I - Statuti dei comuni, 1273-1546",1273,"Serra San Quirico",42047,"Serra San Quirico",1,1273,NA,NA,NA,NA
"Serra San Quirico","Serra San Quirico","https://www.senato.it/w3/Biblioteca/catalogoDegliStatutiMedievali.nsf/de148d287da34e08c1256e4c002f1718/6dadbf8c41873938c1256fac004041bb?OpenDocument","Serra San Quirico I 1, I - Statuti dei comuni, 1273-1546",1273,"Serra San Quirico","Serra San Quirico","Serra San Quirico I 1, I - Statuti dei comuni, 1273-1546",1273,"Serra San Quirico",42047,"Serra San Quirico",1,1273,NA,NA,NA,NA
"Serra Sancti Quirici","Serra Sancti Quirici","https://www.senato.it/w3/Biblioteca/catalogoDegliStatutiMedievali.nsf/de148d287da34e08c1256e4c002f1718/6dadbf8c41873938c1256fac004041bb?OpenDocument","Serra San Quirico I 1, I - Statuti dei comuni, 1273-1546",1273,"Serra San Quirico","Serra San Quirico","Serra San Quirico I 1, I - Statuti dei comuni, 1273-1546",1273,"Serra San Quirico",42047,"Serra San Quirico",1,1273,NA,NA,NA,NA
"Serralunga Cereseto","Serralunga Cereseto","https://www.senato.it/w3/Biblioteca/catalogoDegliStatutiMedievali.nsf/de148d287da34e08c1256e4c002f1718/a1dcdd14ee7c2476c1256fac00404197?OpenDocument","Serralunga d'Alba I 1, I - Statuti dei comuni, 1300-1350",1300,"Serralunga d'Alba","Serralunga d'Alba","Serralunga d'Alba I 1, I - Statuti dei comuni, 1300-1350",1300,"Serralunga d'Alba",4218,"Serralunga d'Alba",1,1300,NA,NA,NA,NA
"Serralunga d'Alba","Serralunga d'Alba","https://www.senato.it/w3/Biblioteca/catalogoDegliStatutiMedievali.nsf/de148d287da34e08c1256e4c002f1718/a1dcdd14ee7c2476c1256fac00404197?OpenDocument","Serralunga d'Alba I 1, I - Statuti dei comuni, 1300-1350",1300,"Serralunga d'Alba","Serralunga d'Alba","Serralunga d'Alba I 1, I - Statuti dei comuni, 1300-1350",1300,"Serralunga d'Alba",4218,"Serralunga d'Alba",1,1300,NA,NA,NA,NA
"Serrapetrona","Serrapetrona","https://www.senato.it/w3/Biblioteca/catalogoDegliStatutiMedievali.nsf/de148d287da34e08c1256e4c002f1718/0e1f73f27e21fb23c1256fac0040407a?OpenDocument","Serrapetrona I 1, I - Statuti dei comuni, 1473",1473,"Serrapetrona","Serrapetrona","Serrapetrona I 1, I - Statuti dei comuni, 1473",1473,"Serrapetrona",43051,"Serrapetrona",1,1473,NA,NA,NA,NA
"Serravalle Scrivia","Serravalle Scrivia","https://www.senato.it/w3/Biblioteca/catalogoDegliStatutiMedievali.nsf/de148d287da34e08c1256e4c002f1718/278b49fe64b79848c1256fac0040410b?OpenDocument","Serravalle Scrivia I 1, I - Statuti dei comuni, sec. XIV-XVII",NA,"Serravalle Scrivia","Serravalle Scrivia","Serravalle Scrivia I 1, I - Statuti dei comuni, sec. XIV-XVII",NA,"Serravalle Scrivia",6160,"Serravalle Scrivia",1,NA,NA,NA,NA,NA
"Serravallis","Serravallis","https://www.senato.it/w3/Biblioteca/catalogoDegliStatutiMedievali.nsf/de148d287da34e08c1256e4c002f1718/278b49fe64b79848c1256fac0040410b?OpenDocument","Serravalle Scrivia I 1, I - Statuti dei comuni, sec. XIV-XVII",NA,"Serravalle Scrivia","Serravalle Scrivia","Serravalle Scrivia I 1, I - Statuti dei comuni, sec. XIV-XVII",NA,"Serravalle Scrivia",6160,"Serravalle Scrivia",1,NA,NA,NA,NA,NA
"Serravezza","Serravezza","https://www.senato.it/w3/Biblioteca/catalogoDegliStatutiMedievali.nsf/de148d287da34e08c1256e4c002f1718/a26f13d0ddca87dfc1256fac00403f76?OpenDocument","Seravezza I 1, I - Statuti dei comuni, 1484",1484,"Seravezza","Seravezza","Seravezza I 1, I - Statuti dei comuni, 1484",1484,"Seravezza",46028,"Seravezza",1,1484,NA,NA,NA,NA
"Sessa Aurunca","Sessa Aurunca","https://www.senato.it/w3/Biblioteca/catalogoDegliStatutiMedievali.nsf/de148d287da34e08c1256e4c002f1718/243fd001c7608de1c1256fac004041ed?OpenDocument","Sessa Aurunca I 1, I - Statuti dei comuni, 1464-1547",1464,"Sessa Aurunca","Sessa Aurunca","Sessa Aurunca I 1, I - Statuti dei comuni, 1464-1547",1464,"Sessa Aurunca",61088,"Sessa Aurunca",1,1464,NA,NA,NA,NA
"Sesta Godano","Sesta Godano","https://www.senato.it/w3/Biblioteca/catalogoDegliStatutiMedievali.nsf/de148d287da34e08c1256e4c002f1718/6f84fe0f7a3e7ca4c1256fac00404227?OpenDocument","Sesta Godano I 1, I - Statuti dei comuni, 1526-1586",1526,"Sesta Godano","Sesta Godano","Sesta Godano I 1, I - Statuti dei comuni, 1526-1586",1526,"Sesta Godano",11028,"Sesta Godano",1,1526,NA,NA,NA,NA
"Sesto","Sesto","https://www.senato.it/w3/Biblioteca/catalogoDegliStatutiMedievali.nsf/de148d287da34e08c1256e4c002f1718/0fcfb88ee170742ac1256fac0040425c?OpenDocument","Sesto Fiorentino I 1, I - Statuti dei comuni, 1409",1409,"Sesto Fiorentino","Sesto Fiorentino","Sesto Fiorentino I 1, I - Statuti dei comuni, 1409",1409,"Sesto Fiorentino",48043,"Sesto Fiorentino",1,1409,NA,NA,NA,NA
"Sesto Fiorentino","Sesto Fiorentino","https://www.senato.it/w3/Biblioteca/catalogoDegliStatutiMedievali.nsf/de148d287da34e08c1256e4c002f1718/0fcfb88ee170742ac1256fac0040425c?OpenDocument","Sesto Fiorentino I 1, I - Statuti dei comuni, 1409",1409,"Sesto Fiorentino","Sesto Fiorentino","Sesto Fiorentino I 1, I - Statuti dei comuni, 1409",1409,"Sesto Fiorentino",48043,"Sesto Fiorentino",1,1409,NA,NA,NA,NA
"Settimo Tavagnasco","Settimo Tavagnasco","https://www.senato.it/w3/Biblioteca/catalogoDegliStatutiMedievali.nsf/de148d287da34e08c1256e4c002f1718/5f83acb5caa1a071c1256fac0040432b?OpenDocument","Settimo Vittone I 1, I - Statuti dei comuni, 1322",1322,"Settimo Vittone","Settimo Vittone","Settimo Vittone I 1, I - Statuti dei comuni, 1322",1322,"Settimo Vittone",1266,"Settimo Vittone",1,1322,NA,NA,NA,NA
"Settimo Vittone","Settimo Vittone","https://www.senato.it/w3/Biblioteca/catalogoDegliStatutiMedievali.nsf/de148d287da34e08c1256e4c002f1718/5f83acb5caa1a071c1256fac0040432b?OpenDocument","Settimo Vittone I 1, I - Statuti dei comuni, 1322",1322,"Settimo Vittone","Settimo Vittone","Settimo Vittone I 1, I - Statuti dei comuni, 1322",1322,"Settimo Vittone",1266,"Settimo Vittone",1,1322,NA,NA,NA,NA
"Sextus","Sextus","https://www.senato.it/w3/Biblioteca/catalogoDegliStatutiMedievali.nsf/de148d287da34e08c1256e4c002f1718/0fcfb88ee170742ac1256fac0040425c?OpenDocument","Sesto Fiorentino I 1, I - Statuti dei comuni, 1409",1409,"Sesto Fiorentino","Sesto Fiorentino","Sesto Fiorentino I 1, I - Statuti dei comuni, 1409",1409,"Sesto Fiorentino",48043,"Sesto Fiorentino",1,1409,NA,NA,NA,NA
"Siena","Siena","https://www.senato.it/w3/Biblioteca/catalogoDegliStatutiMedievali.nsf/de148d287da34e08c1256e4c002f1718/0371a3fc551414c4c1256fac00404350?OpenDocument","Siena I 1, I - Statuti dei comuni, sec. XII-XIV",NA,"Siena","Siena","Siena I 1, I - Statuti dei comuni, sec. XII-XIV",NA,"Siena",52032,"Siena",1,NA,NA,NA,NA,NA
"Siena Longa","Siena Longa","https://www.senato.it/w3/Biblioteca/catalogoDegliStatutiMedievali.nsf/de148d287da34e08c1256e4c002f1718/1f51b5c19b37bc27c1256fac00404f21?OpenDocument","Sinalunga I 1, I - Statuti dei comuni, 1553-1740",1553,"Sinalunga","Sinalunga","Sinalunga I 1, I - Statuti dei comuni, 1553-1740",1553,"Sinalunga",52033,"Sinalunga",1,1553,NA,NA,NA,NA
"Siena Longha","Siena Longha","https://www.senato.it/w3/Biblioteca/catalogoDegliStatutiMedievali.nsf/de148d287da34e08c1256e4c002f1718/1f51b5c19b37bc27c1256fac00404f21?OpenDocument","Sinalunga I 1, I - Statuti dei comuni, 1553-1740",1553,"Sinalunga","Sinalunga","Sinalunga I 1, I - Statuti dei comuni, 1553-1740",1553,"Sinalunga",52033,"Sinalunga",1,1553,NA,NA,NA,NA
"Signia","Signia","https://www.senato.it/w3/Biblioteca/catalogoDegliStatutiMedievali.nsf/de148d287da34e08c1256e4c002f1718/780085f59e6c32c2c1256fac00403d55?OpenDocument","Segni I 1, I - Statuti dei comuni, 1560-1593",1560,"Segni","Segni","Segni I 1, I - Statuti dei comuni, 1560-1593",1560,"Segni",58102,"Segni",1,1560,NA,NA,NA,NA
"Simbario","Simbario","https://www.senato.it/w3/Biblioteca/catalogoDegliStatutiMedievali.nsf/de148d287da34e08c1256e4c002f1718/c9aa8e426c79e0c0c1256fac00404eea?OpenDocument","Simbario I 1, I - Statuti dei comuni, 1493",1493,"Simbario","Simbario","Simbario I 1, I - Statuti dei comuni, 1493",1493,"Simbario",102038,"Simbario",1,1493,NA,NA,NA,NA
"Sinalunga","Sinalunga","https://www.senato.it/w3/Biblioteca/catalogoDegliStatutiMedievali.nsf/de148d287da34e08c1256e4c002f1718/1f51b5c19b37bc27c1256fac00404f21?OpenDocument","Sinalunga I 1, I - Statuti dei comuni, 1553-1740",1553,"Sinalunga","Sinalunga","Sinalunga I 1, I - Statuti dei comuni, 1553-1740",1553,"Sinalunga",52033,"Sinalunga",1,1553,NA,NA,NA,NA
"Sinigaglia","Sinigaglia","https://www.senato.it/w3/Biblioteca/catalogoDegliStatutiMedievali.nsf/de148d287da34e08c1256e4c002f1718/e6d3c3dbce004506c1256fac00403e0a?OpenDocument","Senigallia I 1, I - Statuti dei comuni, 1464",1464,"Senigallia","Senigallia","Senigallia I 1, I - Statuti dei comuni, 1464",1464,"Senigallia",42045,"Senigallia",1,1464,NA,NA,NA,NA
"Siracusa","Siracusa","https://www.senato.it/w3/Biblioteca/catalogoDegliStatutiMedievali.nsf/de148d287da34e08c1256e4c002f1718/e4c0b9d6dae53884c1256fac00404f5b?OpenDocument","Siracusa I 1, I - Statuti dei comuni, sec. XIV",NA,"Siracusa","Siracusa","Siracusa I 1, I - Statuti dei comuni, sec. XIV",NA,"Siracusa",89017,"Siracusa",1,NA,NA,NA,NA,NA
"Sirmione","Sirmione","https://www.senato.it/w3/Biblioteca/catalogoDegliStatutiMedievali.nsf/de148d287da34e08c1256e4c002f1718/b8c75d25bcba9aecc1256fac0040500b?OpenDocument","Sirmione I 1, I - Statuti dei comuni, 1611-1749",1611,"Sirmione","Sirmione","Sirmione I 1, I - Statuti dei comuni, 1611-1749",1611,"Sirmione",17179,"Sirmione",1,1611,NA,NA,NA,NA
"Sirolo","Sirolo","https://www.senato.it/w3/Biblioteca/catalogoDegliStatutiMedievali.nsf/de148d287da34e08c1256e4c002f1718/a6403e5af590b34ec1256fac00405016?OpenDocument","Sirolo I 1, I - Statuti dei comuni, 1465-1594",1465,"Sirolo","Sirolo","Sirolo I 1, I - Statuti dei comuni, 1465-1594",1465,"Sirolo",42048,"Sirolo",1,1465,NA,NA,NA,NA
"Skylletion","Skylletion","https://www.senato.it/w3/Biblioteca/catalogoDegliStatutiMedievali.nsf/de148d287da34e08c1256e4c002f1718/c6a1e812d3856172c1256fac00405434?OpenDocument","Squillace I 1, I - Statuti dei comuni, 1492",1492,"Squillace","Squillace","Squillace I 1, I - Statuti dei comuni, 1492",1492,"Squillace",79142,"Squillace",1,1492,NA,NA,NA,NA
"Smarano","Smarano","https://www.senato.it/w3/Biblioteca/catalogoDegliStatutiMedievali.nsf/de148d287da34e08c1256e4c002f1718/965ebb928b2930cfc1256fac00405034?OpenDocument","Smarano I 1, I - Statuti dei comuni, 1586-1682",1586,"Smarano","Smarano","Smarano I 1, I - Statuti dei comuni, 1586-1682",1586,"Smarano",22175,"Smarano",1,1586,NA,NA,NA,NA
"Solferino","Solferino","https://www.senato.it/w3/Biblioteca/catalogoDegliStatutiMedievali.nsf/de148d287da34e08c1256e4c002f1718/c791433af7697a71c1256fac00405047?OpenDocument","Solferino I 1, I - Statuti dei comuni, 1451-1491",1451,"Solferino","Solferino","Solferino I 1, I - Statuti dei comuni, 1451-1491",1451,"Solferino",20063,"Solferino",1,1451,NA,NA,NA,NA
"Soncino","Soncino","https://www.senato.it/w3/Biblioteca/catalogoDegliStatutiMedievali.nsf/de148d287da34e08c1256e4c002f1718/e6da2c5bde7183e9c1256fac00405090?OpenDocument","Soncino I 1, I - Statuti dei comuni, 1393-1693",1393,"Soncino","Soncino","Soncino I 1, I - Statuti dei comuni, 1393-1693",1393,"Soncino",19097,"Soncino",1,1393,NA,NA,NA,NA
"Soncinum","Soncinum","https://www.senato.it/w3/Biblioteca/catalogoDegliStatutiMedievali.nsf/de148d287da34e08c1256e4c002f1718/e6da2c5bde7183e9c1256fac00405090?OpenDocument","Soncino I 1, I - Statuti dei comuni, 1393-1693",1393,"Soncino","Soncino","Soncino I 1, I - Statuti dei comuni, 1393-1693",1393,"Soncino",19097,"Soncino",1,1393,NA,NA,NA,NA
"Sonnino","Sonnino","https://www.senato.it/w3/Biblioteca/catalogoDegliStatutiMedievali.nsf/de148d287da34e08c1256e4c002f1718/ae82a946a121e43ec1256fac004050b1?OpenDocument","Sonnino I 1, I - Statuti dei comuni, sec. XIII-XV",NA,"Sonnino","Sonnino","Sonnino I 1, I - Statuti dei comuni, sec. XIII-XV",NA,"Sonnino",59029,"Sonnino",1,NA,NA,NA,NA,NA
"Sopninum","Sopninum","https://www.senato.it/w3/Biblioteca/catalogoDegliStatutiMedievali.nsf/de148d287da34e08c1256e4c002f1718/ae82a946a121e43ec1256fac004050b1?OpenDocument","Sonnino I 1, I - Statuti dei comuni, sec. XIII-XV",NA,"Sonnino","Sonnino","Sonnino I 1, I - Statuti dei comuni, sec. XIII-XV",NA,"Sonnino",59029,"Sonnino",1,NA,NA,NA,NA,NA
"Sora","Sora","https://www.senato.it/w3/Biblioteca/catalogoDegliStatutiMedievali.nsf/de148d287da34e08c1256e4c002f1718/1566d1b569f9b67ac1256fac004050eb?OpenDocument","Sora II2 1, II 2 - Confraternite",NA,"Sora","Sora","Sora II2 1, II 2 - Confraternite",NA,"Sora",60074,"Sora",1,NA,NA,NA,NA,NA
"Sordevolo","Sordevolo","https://www.senato.it/w3/Biblioteca/catalogoDegliStatutiMedievali.nsf/de148d287da34e08c1256e4c002f1718/6b9c3170efd7b986c1256fac004050fc?OpenDocument","Sordevolo I 1, I - Statuti dei comuni, 1574",1574,"Sordevolo","Sordevolo","Sordevolo I 1, I - Statuti dei comuni, 1574",1574,"Sordevolo",96063,"Sordevolo",1,1574,NA,NA,NA,NA
"Soriso","Soriso","https://www.senato.it/w3/Biblioteca/catalogoDegliStatutiMedievali.nsf/de148d287da34e08c1256e4c002f1718/a0e693eac33a6b31c1256fac0040511a?OpenDocument","Soriso I 1, I - Statuti dei comuni, 1767",1767,"Soriso","Soriso","Soriso I 1, I - Statuti dei comuni, 1767",1767,"Soriso",3140,"Soriso",1,1767,NA,NA,NA,NA
"Sormoneta","Sormoneta","https://www.senato.it/w3/Biblioteca/catalogoDegliStatutiMedievali.nsf/de148d287da34e08c1256e4c002f1718/d312cb25f0807d3cc1256fac00404048?OpenDocument","Sermoneta I 1, I - Statuti dei comuni, 1604",1604,"Sermoneta","Sermoneta","Sermoneta I 1, I - Statuti dei comuni, 1604",1604,"Sermoneta",59027,"Sermoneta",1,1604,NA,NA,NA,NA
"Sorrento","Sorrento","https://www.senato.it/w3/Biblioteca/catalogoDegliStatutiMedievali.nsf/de148d287da34e08c1256e4c002f1718/6599db409d28e5f3c1256fac00405123?OpenDocument","Sorrento I 1, I - Statuti dei comuni, 1306-1309",1306,"Sorrento","Sorrento","Sorrento I 1, I - Statuti dei comuni, 1306-1309",1306,"Sorrento",63080,"Sorrento",1,1306,NA,NA,NA,NA
"Sovicillae","Sovicillae","https://www.senato.it/w3/Biblioteca/catalogoDegliStatutiMedievali.nsf/de148d287da34e08c1256e4c002f1718/6bbf7ed544c2fc74c1256fac00405179?OpenDocument","Sovicille I 1, I - Statuti dei comuni, 1383-1401",1383,"Sovicille","Sovicille","Sovicille I 1, I - Statuti dei comuni, 1383-1401",1383,"Sovicille",52034,"Sovicille",1,1383,NA,NA,NA,NA
"Sovicille","Sovicille","https://www.senato.it/w3/Biblioteca/catalogoDegliStatutiMedievali.nsf/de148d287da34e08c1256e4c002f1718/6bbf7ed544c2fc74c1256fac00405179?OpenDocument","Sovicille I 1, I - Statuti dei comuni, 1383-1401",1383,"Sovicille","Sovicille","Sovicille I 1, I - Statuti dei comuni, 1383-1401",1383,"Sovicille",52034,"Sovicille",1,1383,NA,NA,NA,NA
"Spadola","Spadola","https://www.senato.it/w3/Biblioteca/catalogoDegliStatutiMedievali.nsf/de148d287da34e08c1256e4c002f1718/f5d8c2c1164db960c1256fac004051c7?OpenDocument","Spadola I 1, I - Statuti dei comuni, 1493",1493,"Spadola","Spadola","Spadola I 1, I - Statuti dei comuni, 1493",1493,"Spadola",102041,"Spadola",1,1493,NA,NA,NA,NA
"Spatula","Spatula","https://www.senato.it/w3/Biblioteca/catalogoDegliStatutiMedievali.nsf/de148d287da34e08c1256e4c002f1718/f5d8c2c1164db960c1256fac004051c7?OpenDocument","Spadola I 1, I - Statuti dei comuni, 1493",1493,"Spadola","Spadola","Spadola I 1, I - Statuti dei comuni, 1493",1493,"Spadola",102041,"Spadola",1,1493,NA,NA,NA,NA
"Spedia","Spedia","https://www.senato.it/w3/Biblioteca/catalogoDegliStatutiMedievali.nsf/de148d287da34e08c1256e4c002f1718/d8e1cb95647ccaa4c1256fa3005ee762?OpenDocument","La Spezia I 1, I - Statuti dei comuni, 1407",1407,"La Spezia","La Spezia","La Spezia I 1, I - Statuti dei comuni, 1407",1407,"La Spezia",11015,"La Spezia",1,1407,NA,NA,NA,NA
"Spegimbergum","Spegimbergum","https://www.senato.it/w3/Biblioteca/catalogoDegliStatutiMedievali.nsf/de148d287da34e08c1256e4c002f1718/401ab3dec94aec55c1256fac00405281?OpenDocument","Spilimbergo I 1, I - Statuti dei comuni, 1326-1747",1326,"Spilimbergo","Spilimbergo","Spilimbergo I 1, I - Statuti dei comuni, 1326-1747",1326,"Spilimbergo",93044,"Spilimbergo",1,1326,NA,NA,NA,NA
"Spello","Spello","https://www.senato.it/w3/Biblioteca/catalogoDegliStatutiMedievali.nsf/de148d287da34e08c1256e4c002f1718/51bece6648a18f26c1256fac0040522a?OpenDocument","Spello II2 1, II 2 - Confraternite",NA,"Spello","Spello","Spello II2 1, II 2 - Confraternite",NA,"Spello",54050,"Spello",1,NA,NA,NA,NA,NA
"Spellum","Spellum","https://www.senato.it/w3/Biblioteca/catalogoDegliStatutiMedievali.nsf/de148d287da34e08c1256e4c002f1718/51bece6648a18f26c1256fac0040522a?OpenDocument","Spello II2 1, II 2 - Confraternite",NA,"Spello","Spello","Spello II2 1, II 2 - Confraternite",NA,"Spello",54050,"Spello",1,NA,NA,NA,NA,NA
"Spezia","Spezia","https://www.senato.it/w3/Biblioteca/catalogoDegliStatutiMedievali.nsf/de148d287da34e08c1256e4c002f1718/d8e1cb95647ccaa4c1256fa3005ee762?OpenDocument","La Spezia I 1, I - Statuti dei comuni, 1407",1407,"La Spezia","La Spezia","La Spezia I 1, I - Statuti dei comuni, 1407",1407,"La Spezia",11015,"La Spezia",1,1407,NA,NA,NA,NA
"Spigno Monferrato","Spigno Monferrato","https://www.senato.it/w3/Biblioteca/catalogoDegliStatutiMedievali.nsf/de148d287da34e08c1256e4c002f1718/f4c1b134d6b8f175c1256fac00434d3b?OpenDocument","Spigno Monferrato I 1, I - Statuti dei comuni, 1603-1613",1603,"Spigno Monferrato","Spigno Monferrato","Spigno Monferrato I 1, I - Statuti dei comuni, 1603-1613",1603,"Spigno Monferrato",6165,"Spigno Monferrato",1,1603,NA,NA,NA,NA
"Spignum","Spignum","https://www.senato.it/w3/Biblioteca/catalogoDegliStatutiMedievali.nsf/de148d287da34e08c1256e4c002f1718/f4c1b134d6b8f175c1256fac00434d3b?OpenDocument","Spigno Monferrato I 1, I - Statuti dei comuni, 1603-1613",1603,"Spigno Monferrato","Spigno Monferrato","Spigno Monferrato I 1, I - Statuti dei comuni, 1603-1613",1603,"Spigno Monferrato",6165,"Spigno Monferrato",1,1603,NA,NA,NA,NA
"Spilamberto","Spilamberto","https://www.senato.it/w3/Biblioteca/catalogoDegliStatutiMedievali.nsf/de148d287da34e08c1256e4c002f1718/a12b274be1ec7474c1256fac0040524f?OpenDocument","Spilamberto I 1, I - Statuti dei comuni, 1652",1652,"Spilamberto","Spilamberto","Spilamberto I 1, I - Statuti dei comuni, 1652",1652,"Spilamberto",36045,"Spilamberto",1,1652,NA,NA,NA,NA
"Spilimbergo","Spilimbergo","https://www.senato.it/w3/Biblioteca/catalogoDegliStatutiMedievali.nsf/de148d287da34e08c1256e4c002f1718/401ab3dec94aec55c1256fac00405281?OpenDocument","Spilimbergo I 1, I - Statuti dei comuni, 1326-1747",1326,"Spilimbergo","Spilimbergo","Spilimbergo I 1, I - Statuti dei comuni, 1326-1747",1326,"Spilimbergo",93044,"Spilimbergo",1,1326,NA,NA,NA,NA
"Spilimbergum","Spilimbergum","https://www.senato.it/w3/Biblioteca/catalogoDegliStatutiMedievali.nsf/de148d287da34e08c1256e4c002f1718/401ab3dec94aec55c1256fac00405281?OpenDocument","Spilimbergo I 1, I - Statuti dei comuni, 1326-1747",1326,"Spilimbergo","Spilimbergo","Spilimbergo I 1, I - Statuti dei comuni, 1326-1747",1326,"Spilimbergo",93044,"Spilimbergo",1,1326,NA,NA,NA,NA
"Spilimberto","Spilimberto","https://www.senato.it/w3/Biblioteca/catalogoDegliStatutiMedievali.nsf/de148d287da34e08c1256e4c002f1718/a12b274be1ec7474c1256fac0040524f?OpenDocument","Spilamberto I 1, I - Statuti dei comuni, 1652",1652,"Spilamberto","Spilamberto","Spilamberto I 1, I - Statuti dei comuni, 1652",1652,"Spilamberto",36045,"Spilamberto",1,1652,NA,NA,NA,NA
"Spinazzola","Spinazzola","https://www.senato.it/w3/Biblioteca/catalogoDegliStatutiMedievali.nsf/de148d287da34e08c1256e4c002f1718/3081046f0ce27a38c1256fac004052c3?OpenDocument","Spinazzola I 1, I - Statuti dei comuni, 1492",1492,"Spinazzola","Spinazzola","Spinazzola I 1, I - Statuti dei comuni, 1492",1492,"Spinazzola",110008,"Spinazzola",1,1492,NA,NA,NA,NA
"Spino d'Adda","Spino d'Adda","https://www.senato.it/w3/Biblioteca/catalogoDegliStatutiMedievali.nsf/de148d287da34e08c1256e4c002f1718/14701f8e1e0b5065c1256fac004052d1?OpenDocument","Spino d'Adda II2 1, II 2 - Confraternite",NA,"Spino d'Adda","Spino d'Adda","Spino d'Adda II2 1, II 2 - Confraternite",NA,"Spino d'Adda",19102,"Spino d'Adda",1,NA,NA,NA,NA,NA
"Spoleti","Spoleti","https://www.senato.it/w3/Biblioteca/catalogoDegliStatutiMedievali.nsf/de148d287da34e08c1256e4c002f1718/1b1871f9a209cd63c1256fac004052dd?OpenDocument","Spoleto I 1, I - Statuti dei comuni, 1296",1296,"Spoleto","Spoleto","Spoleto I 1, I - Statuti dei comuni, 1296",1296,"Spoleto",54051,"Spoleto",1,1296,NA,NA,NA,NA
"Spoleto","Spoleto","https://www.senato.it/w3/Biblioteca/catalogoDegliStatutiMedievali.nsf/de148d287da34e08c1256e4c002f1718/1b1871f9a209cd63c1256fac004052dd?OpenDocument","Spoleto I 1, I - Statuti dei comuni, 1296",1296,"Spoleto","Spoleto","Spoleto I 1, I - Statuti dei comuni, 1296",1296,"Spoleto",54051,"Spoleto",1,1296,NA,NA,NA,NA
"Spoletum","Spoletum","https://www.senato.it/w3/Biblioteca/catalogoDegliStatutiMedievali.nsf/de148d287da34e08c1256e4c002f1718/1b1871f9a209cd63c1256fac004052dd?OpenDocument","Spoleto I 1, I - Statuti dei comuni, 1296",1296,"Spoleto","Spoleto","Spoleto I 1, I - Statuti dei comuni, 1296",1296,"Spoleto",54051,"Spoleto",1,1296,NA,NA,NA,NA
"Squillace","Squillace","https://www.senato.it/w3/Biblioteca/catalogoDegliStatutiMedievali.nsf/de148d287da34e08c1256e4c002f1718/c6a1e812d3856172c1256fac00405434?OpenDocument","Squillace I 1, I - Statuti dei comuni, 1492",1492,"Squillace","Squillace","Squillace I 1, I - Statuti dei comuni, 1492",1492,"Squillace",79142,"Squillace",1,1492,NA,NA,NA,NA
"Stella","Stella","https://www.senato.it/w3/Biblioteca/catalogoDegliStatutiMedievali.nsf/de148d287da34e08c1256e4c002f1718/4ffe4e489ea3b1f0c1256fac004054b5?OpenDocument","Stella I 1, I - Statuti dei comuni, 1550",1550,"Stella","Stella","Stella I 1, I - Statuti dei comuni, 1550",1550,"Stella",9058,"Stella",1,1550,NA,NA,NA,NA
"Stigliano","Stigliano","https://www.senato.it/w3/Biblioteca/catalogoDegliStatutiMedievali.nsf/de148d287da34e08c1256e4c002f1718/3f1dea4928f0d8e0c1256fac004054e9?OpenDocument","Stigliano I 1, I - Statuti dei comuni, 1517-1552",1517,"Stigliano","Stigliano","Stigliano I 1, I - Statuti dei comuni, 1517-1552",1517,"Stigliano",77027,"Stigliano",1,1517,NA,NA,NA,NA
"Strambino","Strambino","https://www.senato.it/w3/Biblioteca/catalogoDegliStatutiMedievali.nsf/de148d287da34e08c1256e4c002f1718/af237fcc8d6e2e8ec1256fac00405505?OpenDocument","Strambino I 1, I - Statuti dei comuni, 1438",1438,"Strambino","Strambino","Strambino I 1, I - Statuti dei comuni, 1438",1438,"Strambino",1269,"Strambino",1,1438,NA,NA,NA,NA
"Strambinum","Strambinum","https://www.senato.it/w3/Biblioteca/catalogoDegliStatutiMedievali.nsf/de148d287da34e08c1256e4c002f1718/af237fcc8d6e2e8ec1256fac00405505?OpenDocument","Strambino I 1, I - Statuti dei comuni, 1438",1438,"Strambino","Strambino","Strambino I 1, I - Statuti dei comuni, 1438",1438,"Strambino",1269,"Strambino",1,1438,NA,NA,NA,NA
"Strevi","Strevi","https://www.senato.it/w3/Biblioteca/catalogoDegliStatutiMedievali.nsf/de148d287da34e08c1256e4c002f1718/9b95a12012a2ea49c1256fac00405543?OpenDocument","Strevi I 1, I - Statuti dei comuni, 1400-1476",1400,"Strevi","Strevi","Strevi I 1, I - Statuti dei comuni, 1400-1476",1400,"Strevi",6168,"Strevi",1,1400,NA,NA,NA,NA
"Striano","Striano","https://www.senato.it/w3/Biblioteca/catalogoDegliStatutiMedievali.nsf/de148d287da34e08c1256e4c002f1718/f7affad2d1cca35ec1256fac00405585?OpenDocument","Striano I 1, I - Statuti dei comuni, 1565",1565,"Striano","Striano","Striano I 1, I - Statuti dei comuni, 1565",1565,"Striano",63081,"Striano",1,1565,NA,NA,NA,NA
"Strianum","Strianum","https://www.senato.it/w3/Biblioteca/catalogoDegliStatutiMedievali.nsf/de148d287da34e08c1256e4c002f1718/f7affad2d1cca35ec1256fac00405585?OpenDocument","Striano I 1, I - Statuti dei comuni, 1565",1565,"Striano","Striano","Striano I 1, I - Statuti dei comuni, 1565",1565,"Striano",63081,"Striano",1,1565,NA,NA,NA,NA
"Stroncone","Stroncone","https://www.senato.it/w3/Biblioteca/catalogoDegliStatutiMedievali.nsf/de148d287da34e08c1256e4c002f1718/6c535825f7d25e53c1256fac004055a9?OpenDocument","Stroncone I 1, I - Statuti dei comuni, 1700-1707",1700,"Stroncone","Stroncone","Stroncone I 1, I - Statuti dei comuni, 1700-1707",1700,"Stroncone",55031,"Stroncone",1,1700,NA,NA,NA,NA
"Subiaco","Subiaco","https://www.senato.it/w3/Biblioteca/catalogoDegliStatutiMedievali.nsf/de148d287da34e08c1256e4c002f1718/0209a37fbbe33158c1256fac004055b9?OpenDocument","Subiaco I 1, I - Statuti dei comuni, 1193",1193,"Subiaco","Subiaco","Subiaco I 1, I - Statuti dei comuni, 1193",1193,"Subiaco",58103,"Subiaco",1,1193,NA,NA,NA,NA
"Sublacum","Sublacum","https://www.senato.it/w3/Biblioteca/catalogoDegliStatutiMedievali.nsf/de148d287da34e08c1256e4c002f1718/0209a37fbbe33158c1256fac004055b9?OpenDocument","Subiaco I 1, I - Statuti dei comuni, 1193",1193,"Subiaco","Subiaco","Subiaco I 1, I - Statuti dei comuni, 1193",1193,"Subiaco",58103,"Subiaco",1,1193,NA,NA,NA,NA
"Sufficillum","Sufficillum","https://www.senato.it/w3/Biblioteca/catalogoDegliStatutiMedievali.nsf/de148d287da34e08c1256e4c002f1718/6bbf7ed544c2fc74c1256fac00405179?OpenDocument","Sovicille I 1, I - Statuti dei comuni, 1383-1401",1383,"Sovicille","Sovicille","Sovicille I 1, I - Statuti dei comuni, 1383-1401",1383,"Sovicille",52034,"Sovicille",1,1383,NA,NA,NA,NA
"Sulciae","Sulciae","https://www.senato.it/w3/Biblioteca/catalogoDegliStatutiMedievali.nsf/de148d287da34e08c1256e4c002f1718/cf6debb1c09da0e7c1256fac00403cc8?OpenDocument","Sciolze I 1, I - Statuti dei comuni, 1445",1445,"Sciolze","Sciolze","Sciolze I 1, I - Statuti dei comuni, 1445",1445,"Sciolze",1262,"Sciolze",1,1445,NA,NA,NA,NA
"Sulmona","Sulmona","https://www.senato.it/w3/Biblioteca/catalogoDegliStatutiMedievali.nsf/de148d287da34e08c1256e4c002f1718/ef91df75286e320fc1256fac00405668?OpenDocument","Sulmona I 1, I - Statuti dei comuni, 1320-1521",1320,"Sulmona","Sulmona","Sulmona I 1, I - Statuti dei comuni, 1320-1521",1320,"Sulmona",66098,"Sulmona",1,1320,NA,NA,NA,NA
"Supino","Supino","https://www.senato.it/w3/Biblioteca/catalogoDegliStatutiMedievali.nsf/de148d287da34e08c1256e4c002f1718/1c720bc579a27701c1256fac004056ee?OpenDocument","Supino I 1, I - Statuti dei comuni, 1534-1610",1534,"Supino","Supino","Supino I 1, I - Statuti dei comuni, 1534-1610",1534,"Supino",60076,"Supino",1,1534,NA,NA,NA,NA
"Surrento","Surrento","https://www.senato.it/w3/Biblioteca/catalogoDegliStatutiMedievali.nsf/de148d287da34e08c1256e4c002f1718/6599db409d28e5f3c1256fac00405123?OpenDocument","Sorrento I 1, I - Statuti dei comuni, 1306-1309",1306,"Sorrento","Sorrento","Sorrento I 1, I - Statuti dei comuni, 1306-1309",1306,"Sorrento",63080,"Sorrento",1,1306,NA,NA,NA,NA
"Surrentum","Surrentum","https://www.senato.it/w3/Biblioteca/catalogoDegliStatutiMedievali.nsf/de148d287da34e08c1256e4c002f1718/6599db409d28e5f3c1256fac00405123?OpenDocument","Sorrento I 1, I - Statuti dei comuni, 1306-1309",1306,"Sorrento","Sorrento","Sorrento I 1, I - Statuti dei comuni, 1306-1309",1306,"Sorrento",63080,"Sorrento",1,1306,NA,NA,NA,NA
"Susa","Susa","https://www.senato.it/w3/Biblioteca/catalogoDegliStatutiMedievali.nsf/de148d287da34e08c1256e4c002f1718/ffcbf9807c8f9af0c1256fac00405704?OpenDocument","Susa I 1, I - Statuti dei comuni, 1197-1449",1197,"Susa","Susa","Susa I 1, I - Statuti dei comuni, 1197-1449",1197,"Susa",1270,"Susa",1,1197,NA,NA,NA,NA
"Sutri","Sutri","https://www.senato.it/w3/Biblioteca/catalogoDegliStatutiMedievali.nsf/de148d287da34e08c1256e4c002f1718/1f5fb51263f3bd56c1256fac0040575d?OpenDocument","Sutri I 1, I - Statuti dei comuni, 1459-1725",1459,"Sutri","Sutri","Sutri I 1, I - Statuti dei comuni, 1459-1725",1459,"Sutri",56049,"Sutri",1,1459,NA,NA,NA,NA
"Sutrium","Sutrium","https://www.senato.it/w3/Biblioteca/catalogoDegliStatutiMedievali.nsf/de148d287da34e08c1256e4c002f1718/1f5fb51263f3bd56c1256fac0040575d?OpenDocument","Sutri I 1, I - Statuti dei comuni, 1459-1725",1459,"Sutri","Sutri","Sutri I 1, I - Statuti dei comuni, 1459-1725",1459,"Sutri",56049,"Sutri",1,1459,NA,NA,NA,NA
"Suvicille","Suvicille","https://www.senato.it/w3/Biblioteca/catalogoDegliStatutiMedievali.nsf/de148d287da34e08c1256e4c002f1718/6bbf7ed544c2fc74c1256fac00405179?OpenDocument","Sovicille I 1, I - Statuti dei comuni, 1383-1401",1383,"Sovicille","Sovicille","Sovicille I 1, I - Statuti dei comuni, 1383-1401",1383,"Sovicille",52034,"Sovicille",1,1383,NA,NA,NA,NA
"Syllanum","Syllanum","https://www.senato.it/w3/Biblioteca/catalogoDegliStatutiMedievali.nsf/de148d287da34e08c1256e4c002f1718/289e14f10813c65dc1256fac00403dcd?OpenDocument","Sellano I 1, I - Statuti dei comuni, 1374-1786",1374,"Sellano","Sellano","Sellano I 1, I - Statuti dei comuni, 1374-1786",1374,"Sellano",54048,"Sellano",1,1374,NA,NA,NA,NA
"Syracusae","Syracusae","https://www.senato.it/w3/Biblioteca/catalogoDegliStatutiMedievali.nsf/de148d287da34e08c1256e4c002f1718/e4c0b9d6dae53884c1256fac00404f5b?OpenDocument","Siracusa I 1, I - Statuti dei comuni, sec. XIV",NA,"Siracusa","Siracusa","Siracusa I 1, I - Statuti dei comuni, sec. XIV",NA,"Siracusa",89017,"Siracusa",1,NA,NA,NA,NA,NA
"Syrolo","Syrolo","https://www.senato.it/w3/Biblioteca/catalogoDegliStatutiMedievali.nsf/de148d287da34e08c1256e4c002f1718/a6403e5af590b34ec1256fac00405016?OpenDocument","Sirolo I 1, I - Statuti dei comuni, 1465-1594",1465,"Sirolo","Sirolo","Sirolo I 1, I - Statuti dei comuni, 1465-1594",1465,"Sirolo",42048,"Sirolo",1,1465,NA,NA,NA,NA
"Taberna","Taberna","https://www.senato.it/w3/Biblioteca/catalogoDegliStatutiMedievali.nsf/de148d287da34e08c1256e4c002f1718/7b1b322a69ceefc3c1256f3b004d20f0?OpenDocument","Taverna I 1, I - Statuti dei comuni, 1456-1536",1456,"Taverna","Taverna","Taverna I 1, I - Statuti dei comuni, 1456-1536",1456,"Taverna",79146,"Taverna",1,1456,NA,NA,NA,NA
"Tabernolae","Tabernolae","https://www.senato.it/w3/Biblioteca/catalogoDegliStatutiMedievali.nsf/de148d287da34e08c1256e4c002f1718/74c84c85231521fec1256f3b004d2104?OpenDocument","Tavernole sul Mella I 1, I - Statuti dei comuni, 1372",1372,"Tavernole sul Mella","Tavernole sul Mella","Tavernole sul Mella I 1, I - Statuti dei comuni, 1372",1372,"Tavernole sul Mella",17183,"Tavernole sul Mella",1,1372,NA,NA,NA,NA
"Taggia","Taggia","https://www.senato.it/w3/Biblioteca/catalogoDegliStatutiMedievali.nsf/de148d287da34e08c1256e4c002f1718/7fd2992fdf7f7669c1256f3b004d1f2b?OpenDocument","Taggia I 1, I - Statuti dei comuni, 1381",1381,"Taggia","Taggia","Taggia I 1, I - Statuti dei comuni, 1381",1381,"Taggia",8059,"Taggia",1,1381,NA,NA,NA,NA
"Tagliacozzo","Tagliacozzo","https://www.senato.it/w3/Biblioteca/catalogoDegliStatutiMedievali.nsf/de148d287da34e08c1256e4c002f1718/984f478faf140e4ec1256f3b004d1f45?OpenDocument","Tagliacozzo I 1, I - Statuti dei comuni, 1481",1481,"Tagliacozzo","Tagliacozzo","Tagliacozzo I 1, I - Statuti dei comuni, 1481",1481,"Tagliacozzo",66099,"Tagliacozzo",1,1481,NA,NA,NA,NA
"Taio","Taio","https://www.senato.it/w3/Biblioteca/catalogoDegliStatutiMedievali.nsf/de148d287da34e08c1256e4c002f1718/8d8a626664692b00c1256f3b004d1f68?OpenDocument","Taio I 1, I - Statuti dei comuni, 1504-1693",1504,"Taio","Taio","Taio I 1, I - Statuti dei comuni, 1504-1693",1504,"Taio",22186,"Taio",1,1504,NA,NA,NA,NA
"Talamello","Talamello","https://www.senato.it/w3/Biblioteca/catalogoDegliStatutiMedievali.nsf/de148d287da34e08c1256e4c002f1718/059557005e650088c1256f3b004d1f72?OpenDocument","Talamello I 1, I - Statuti dei comuni, sec. XV-XVI",NA,"Talamello","Talamello","Talamello I 1, I - Statuti dei comuni, sec. XV-XVI",NA,"Talamello",99027,"Talamello",1,NA,NA,NA,NA,NA
"Taleggio","Taleggio","https://www.senato.it/w3/Biblioteca/catalogoDegliStatutiMedievali.nsf/de148d287da34e08c1256e4c002f1718/f7f0b4ff60ff4f4dc1256f3b004d1f90?OpenDocument","Taleggio I 1, I - Statuti dei comuni, 1313-1368",1313,"Taleggio","Taleggio","Taleggio I 1, I - Statuti dei comuni, 1313-1368",1313,"Taleggio",16210,"Taleggio",1,1313,NA,NA,NA,NA
"Talegium","Talegium","https://www.senato.it/w3/Biblioteca/catalogoDegliStatutiMedievali.nsf/de148d287da34e08c1256e4c002f1718/f7f0b4ff60ff4f4dc1256f3b004d1f90?OpenDocument","Taleggio I 1, I - Statuti dei comuni, 1313-1368",1313,"Taleggio","Taleggio","Taleggio I 1, I - Statuti dei comuni, 1313-1368",1313,"Taleggio",16210,"Taleggio",1,1313,NA,NA,NA,NA
"Taliacotium","Taliacotium","https://www.senato.it/w3/Biblioteca/catalogoDegliStatutiMedievali.nsf/de148d287da34e08c1256e4c002f1718/984f478faf140e4ec1256f3b004d1f45?OpenDocument","Tagliacozzo I 1, I - Statuti dei comuni, 1481",1481,"Tagliacozzo","Tagliacozzo","Tagliacozzo I 1, I - Statuti dei comuni, 1481",1481,"Tagliacozzo",66099,"Tagliacozzo",1,1481,NA,NA,NA,NA
"Tarano","Tarano","https://www.senato.it/w3/Biblioteca/catalogoDegliStatutiMedievali.nsf/de148d287da34e08c1256e4c002f1718/454d2d8c6210801fc1256f3b004d2002?OpenDocument","Tarano I 1, I - Statuti dei comuni, 1512-1612",1512,"Tarano","Tarano","Tarano I 1, I - Statuti dei comuni, 1512-1612",1512,"Tarano",57067,"Tarano",1,1512,NA,NA,NA,NA
"Tarantasca","Tarantasca","https://www.senato.it/w3/Biblioteca/catalogoDegliStatutiMedievali.nsf/de148d287da34e08c1256e4c002f1718/88c22d4f48a8d972c1256f3b004d201d?OpenDocument","Tarantasca I 1, I - Statuti dei comuni, 1762-1775",1762,"Tarantasca","Tarantasca","Tarantasca I 1, I - Statuti dei comuni, 1762-1775",1762,"Tarantasca",4225,"Tarantasca",1,1762,NA,NA,NA,NA
"Taranto","Taranto","https://www.senato.it/w3/Biblioteca/catalogoDegliStatutiMedievali.nsf/de148d287da34e08c1256e4c002f1718/9f84d3d903f13455c1256f3b004d2029?OpenDocument","Taranto I 1, I - Statuti dei comuni, 1465-1466",1465,"Taranto","Taranto","Taranto I 1, I - Statuti dei comuni, 1465-1466",1465,"Taranto",73027,"Taranto",1,1465,NA,NA,NA,NA
"Taranum","Taranum","https://www.senato.it/w3/Biblioteca/catalogoDegliStatutiMedievali.nsf/de148d287da34e08c1256e4c002f1718/454d2d8c6210801fc1256f3b004d2002?OpenDocument","Tarano I 1, I - Statuti dei comuni, 1512-1612",1512,"Tarano","Tarano","Tarano I 1, I - Statuti dei comuni, 1512-1612",1512,"Tarano",57067,"Tarano",1,1512,NA,NA,NA,NA
"Tarcento","Tarcento","https://www.senato.it/w3/Biblioteca/catalogoDegliStatutiMedievali.nsf/de148d287da34e08c1256e4c002f1718/3c68a87f24b46b9ec1256f3b004d2063?OpenDocument","Tarcento I 1, I - Statuti dei comuni, 1432-1433",1432,"Tarcento","Tarcento","Tarcento I 1, I - Statuti dei comuni, 1432-1433",1432,"Tarcento",30116,"Tarcento",1,1432,NA,NA,NA,NA
"Tarentum","Tarentum","https://www.senato.it/w3/Biblioteca/catalogoDegliStatutiMedievali.nsf/de148d287da34e08c1256e4c002f1718/9f84d3d903f13455c1256f3b004d2029?OpenDocument","Taranto I 1, I - Statuti dei comuni, 1465-1466",1465,"Taranto","Taranto","Taranto I 1, I - Statuti dei comuni, 1465-1466",1465,"Taranto",73027,"Taranto",1,1465,NA,NA,NA,NA
"Tarquinia","Tarquinia","https://www.senato.it/w3/Biblioteca/catalogoDegliStatutiMedievali.nsf/de148d287da34e08c1256e4c002f1718/81f3990a037b04e1c1256f3b004d207e?OpenDocument","Tarquinia I 1, I - Statuti dei comuni, 1545",1545,"Tarquinia","Tarquinia","Tarquinia I 1, I - Statuti dei comuni, 1545",1545,"Tarquinia",56050,"Tarquinia",1,1545,NA,NA,NA,NA
"Tarracina","Tarracina","https://www.senato.it/w3/Biblioteca/catalogoDegliStatutiMedievali.nsf/de148d287da34e08c1256e4c002f1718/b936a536f14f1cebc1256f3b004d231e?OpenDocument","Terracina I 1, I - Statuti dei comuni, 1504",1504,"Terracina","Terracina","Terracina I 1, I - Statuti dei comuni, 1504",1504,"Terracina",59032,"Terracina",1,1504,NA,NA,NA,NA
"Tartium","Tartium","https://www.senato.it/w3/Biblioteca/catalogoDegliStatutiMedievali.nsf/de148d287da34e08c1256e4c002f1718/f4296a07af6bbc29c1256f3b004d209d?OpenDocument","Tarzo I 1, I - Statuti dei comuni, 1429-1620",1429,"Tarzo","Tarzo","Tarzo I 1, I - Statuti dei comuni, 1429-1620",1429,"Tarzo",26084,"Tarzo",1,1429,NA,NA,NA,NA
"Tarvisium","Tarvisium","https://www.senato.it/w3/Biblioteca/catalogoDegliStatutiMedievali.nsf/de148d287da34e08c1256e4c002f1718/853a3e7f19487daec1256f3b004d327c?OpenDocument","Treviso I 1, I - Statuti dei comuni, 1207-1263",1207,"Treviso","Treviso","Treviso I 1, I - Statuti dei comuni, 1207-1263",1207,"Treviso",26086,"Treviso",1,1207,NA,NA,NA,NA
"Tarzo","Tarzo","https://www.senato.it/w3/Biblioteca/catalogoDegliStatutiMedievali.nsf/de148d287da34e08c1256e4c002f1718/f4296a07af6bbc29c1256f3b004d209d?OpenDocument","Tarzo I 1, I - Statuti dei comuni, 1429-1620",1429,"Tarzo","Tarzo","Tarzo I 1, I - Statuti dei comuni, 1429-1620",1429,"Tarzo",26084,"Tarzo",1,1429,NA,NA,NA,NA
"Tassullo","Tassullo","https://www.senato.it/w3/Biblioteca/catalogoDegliStatutiMedievali.nsf/de148d287da34e08c1256e4c002f1718/5246365c7d92c59ec1256f3b004d20b3?OpenDocument","Tassullo I 1, I - Statuti dei comuni, 1586",1586,"Tassullo","Tassullo","Tassullo I 1, I - Statuti dei comuni, 1586",1586,"Tassullo",22187,"Tassullo",1,1586,NA,NA,NA,NA
"Taurinum","Taurinum","https://www.senato.it/w3/Biblioteca/catalogoDegliStatutiMedievali.nsf/de148d287da34e08c1256e4c002f1718/2365ef41e669bd10c1256f3b004d273f?OpenDocument","Torino I 1, I - Statuti dei comuni, 1222-1472",1222,"Torino","Torino","Torino I 1, I - Statuti dei comuni, 1222-1472",1222,"Torino",1272,"Torino",1,1222,NA,NA,NA,NA
"Tavagnaschum","Tavagnaschum","https://www.senato.it/w3/Biblioteca/catalogoDegliStatutiMedievali.nsf/de148d287da34e08c1256e4c002f1718/1437b04ddcf20ce2c1256f3b004d20cf?OpenDocument","Tavagnasco I 1, I - Statuti dei comuni, 1474-1581",1474,"Tavagnasco","Tavagnasco","Tavagnasco I 1, I - Statuti dei comuni, 1474-1581",1474,"Tavagnasco",1271,"Tavagnasco",1,1474,NA,NA,NA,NA
"Tavagnasco","Tavagnasco","https://www.senato.it/w3/Biblioteca/catalogoDegliStatutiMedievali.nsf/de148d287da34e08c1256e4c002f1718/1437b04ddcf20ce2c1256f3b004d20cf?OpenDocument","Tavagnasco I 1, I - Statuti dei comuni, 1474-1581",1474,"Tavagnasco","Tavagnasco","Tavagnasco I 1, I - Statuti dei comuni, 1474-1581",1474,"Tavagnasco",1271,"Tavagnasco",1,1474,NA,NA,NA,NA
"Taverna","Taverna","https://www.senato.it/w3/Biblioteca/catalogoDegliStatutiMedievali.nsf/de148d287da34e08c1256e4c002f1718/7b1b322a69ceefc3c1256f3b004d20f0?OpenDocument","Taverna I 1, I - Statuti dei comuni, 1456-1536",1456,"Taverna","Taverna","Taverna I 1, I - Statuti dei comuni, 1456-1536",1456,"Taverna",79146,"Taverna",1,1456,NA,NA,NA,NA
"Tavernole sul Mella","Tavernole sul Mella","https://www.senato.it/w3/Biblioteca/catalogoDegliStatutiMedievali.nsf/de148d287da34e08c1256e4c002f1718/74c84c85231521fec1256f3b004d2104?OpenDocument","Tavernole sul Mella I 1, I - Statuti dei comuni, 1372",1372,"Tavernole sul Mella","Tavernole sul Mella","Tavernole sul Mella I 1, I - Statuti dei comuni, 1372",1372,"Tavernole sul Mella",17183,"Tavernole sul Mella",1,1372,NA,NA,NA,NA
"Tayegio","Tayegio","https://www.senato.it/w3/Biblioteca/catalogoDegliStatutiMedievali.nsf/de148d287da34e08c1256e4c002f1718/f7f0b4ff60ff4f4dc1256f3b004d1f90?OpenDocument","Taleggio I 1, I - Statuti dei comuni, 1313-1368",1313,"Taleggio","Taleggio","Taleggio I 1, I - Statuti dei comuni, 1313-1368",1313,"Taleggio",16210,"Taleggio",1,1313,NA,NA,NA,NA
"Teano","Teano","https://www.senato.it/w3/Biblioteca/catalogoDegliStatutiMedievali.nsf/de148d287da34e08c1256e4c002f1718/ad0a3cb687beaa4bc1256f3b004d212e?OpenDocument","Teano I 1, I - Statuti dei comuni, 1550",1550,"Teano","Teano","Teano I 1, I - Statuti dei comuni, 1550",1550,"Teano",61091,"Teano",1,1550,NA,NA,NA,NA
"Teggiano","Teggiano","https://www.senato.it/w3/Biblioteca/catalogoDegliStatutiMedievali.nsf/de148d287da34e08c1256e4c002f1718/7b25bc45b317a8fac1256f3b004d2176?OpenDocument","Teggiano I 1, I - Statuti dei comuni, sec. XVI-XVII",NA,"Teggiano","Teggiano","Teggiano I 1, I - Statuti dei comuni, sec. XVI-XVII",NA,"Teggiano",65146,"Teggiano",1,NA,NA,NA,NA,NA
"Tegianum","Tegianum","https://www.senato.it/w3/Biblioteca/catalogoDegliStatutiMedievali.nsf/de148d287da34e08c1256e4c002f1718/7b25bc45b317a8fac1256f3b004d2176?OpenDocument","Teggiano I 1, I - Statuti dei comuni, sec. XVI-XVII",NA,"Teggiano","Teggiano","Teggiano I 1, I - Statuti dei comuni, sec. XVI-XVII",NA,"Teggiano",65146,"Teggiano",1,NA,NA,NA,NA,NA
"Teglio","Teglio","https://www.senato.it/w3/Biblioteca/catalogoDegliStatutiMedievali.nsf/de148d287da34e08c1256e4c002f1718/1fe6f475fa4dff70c1256f3b004d218c?OpenDocument","Teglio I 1, I - Statuti dei comuni, 1450",1450,"Teglio","Teglio","Teglio I 1, I - Statuti dei comuni, 1450",1450,"Teglio",14065,"Teglio",1,1450,NA,NA,NA,NA
"Teglio Veneto","Teglio Veneto","https://www.senato.it/w3/Biblioteca/catalogoDegliStatutiMedievali.nsf/de148d287da34e08c1256e4c002f1718/bda5a97d5da4c571c1256f3b004d21a2?OpenDocument","Teglio Veneto I 1, I - Statuti dei comuni, 1337-1396",1337,"Teglio Veneto","Teglio Veneto","Teglio Veneto I 1, I - Statuti dei comuni, 1337-1396",1337,"Teglio Veneto",27040,"Teglio Veneto",1,1337,NA,NA,NA,NA
"Telve","Telve","https://www.senato.it/w3/Biblioteca/catalogoDegliStatutiMedievali.nsf/de148d287da34e08c1256e4c002f1718/f9bdf793c39e2e83c1256f3b004d21c9?OpenDocument","Telve I 1, I - Statuti dei comuni, 1296",1296,"Telve","Telve","Telve I 1, I - Statuti dei comuni, 1296",1296,"Telve",22188,"Telve",1,1296,NA,NA,NA,NA
"Telve di Sopra","Telve di Sopra","https://www.senato.it/w3/Biblioteca/catalogoDegliStatutiMedievali.nsf/de148d287da34e08c1256e4c002f1718/cc9f3ef26aec2e61c1256f3b004d21d5?OpenDocument","Telve di Sopra I 1, I - Statuti dei comuni, 1648",1648,"Telve di Sopra","Telve di Sopra","Telve di Sopra I 1, I - Statuti dei comuni, 1648",1648,"Telve di Sopra",22189,"Telve di Sopra",1,1648,NA,NA,NA,NA
"Telve Inferiore","Telve Inferiore","https://www.senato.it/w3/Biblioteca/catalogoDegliStatutiMedievali.nsf/de148d287da34e08c1256e4c002f1718/f9bdf793c39e2e83c1256f3b004d21c9?OpenDocument","Telve I 1, I - Statuti dei comuni, 1296",1296,"Telve","Telve","Telve I 1, I - Statuti dei comuni, 1296",1296,"Telve",22188,"Telve",1,1296,NA,NA,NA,NA
"Telvum","Telvum","https://www.senato.it/w3/Biblioteca/catalogoDegliStatutiMedievali.nsf/de148d287da34e08c1256e4c002f1718/f9bdf793c39e2e83c1256f3b004d21c9?OpenDocument","Telve I 1, I - Statuti dei comuni, 1296",1296,"Telve","Telve","Telve I 1, I - Statuti dei comuni, 1296",1296,"Telve",22188,"Telve",1,1296,NA,NA,NA,NA
"Teramo","Teramo","https://www.senato.it/w3/Biblioteca/catalogoDegliStatutiMedievali.nsf/de148d287da34e08c1256e4c002f1718/2c36f92c35f3ba9cc1256f3b004d21f0?OpenDocument","Teramo I 1, I - Statuti dei comuni, 1165-1599",1165,"Teramo","Teramo","Teramo I 1, I - Statuti dei comuni, 1165-1599",1165,"Teramo",67041,"Teramo",1,1165,NA,NA,NA,NA
"Teramum","Teramum","https://www.senato.it/w3/Biblioteca/catalogoDegliStatutiMedievali.nsf/de148d287da34e08c1256e4c002f1718/2c36f92c35f3ba9cc1256f3b004d21f0?OpenDocument","Teramo I 1, I - Statuti dei comuni, 1165-1599",1165,"Teramo","Teramo","Teramo I 1, I - Statuti dei comuni, 1165-1599",1165,"Teramo",67041,"Teramo",1,1165,NA,NA,NA,NA
"Terani","Terani","https://www.senato.it/w3/Biblioteca/catalogoDegliStatutiMedievali.nsf/de148d287da34e08c1256e4c002f1718/9736f2c63d0a80eac1256f3b004d2257?OpenDocument","Terni I 1, I - Statuti dei comuni, 1519",1519,"Terni","Terni","Terni I 1, I - Statuti dei comuni, 1519",1519,"Terni",55032,"Terni",1,1519,NA,NA,NA,NA
"_rahin4os5_","Tercà","https://www.senato.it/w3/Biblioteca/catalogoDegliStatutiMedievali.nsf/de148d287da34e08c1256e4c002f1718/bf570551f5004d36c1256f3b004d2edd?OpenDocument","Trecate I 1, I - Statuti dei comuni, 1270-1575",1270,"Trecate","Trecate","Trecate I 1, I - Statuti dei comuni, 1270-1575",1270,"Trecate",3149,"Trecate",1,1270,NA,NA,NA,NA
"Tercata","Tercata","https://www.senato.it/w3/Biblioteca/catalogoDegliStatutiMedievali.nsf/de148d287da34e08c1256e4c002f1718/bf570551f5004d36c1256f3b004d2edd?OpenDocument","Trecate I 1, I - Statuti dei comuni, 1270-1575",1270,"Trecate","Trecate","Trecate I 1, I - Statuti dei comuni, 1270-1575",1270,"Trecate",3149,"Trecate",1,1270,NA,NA,NA,NA
"Tercatum","Tercatum","https://www.senato.it/w3/Biblioteca/catalogoDegliStatutiMedievali.nsf/de148d287da34e08c1256e4c002f1718/bf570551f5004d36c1256f3b004d2edd?OpenDocument","Trecate I 1, I - Statuti dei comuni, 1270-1575",1270,"Trecate","Trecate","Trecate I 1, I - Statuti dei comuni, 1270-1575",1270,"Trecate",3149,"Trecate",1,1270,NA,NA,NA,NA
"Terchate","Terchate","https://www.senato.it/w3/Biblioteca/catalogoDegliStatutiMedievali.nsf/de148d287da34e08c1256e4c002f1718/bf570551f5004d36c1256f3b004d2edd?OpenDocument","Trecate I 1, I - Statuti dei comuni, 1270-1575",1270,"Trecate","Trecate","Trecate I 1, I - Statuti dei comuni, 1270-1575",1270,"Trecate",3149,"Trecate",1,1270,NA,NA,NA,NA
"Terdona","Terdona","https://www.senato.it/w3/Biblioteca/catalogoDegliStatutiMedievali.nsf/de148d287da34e08c1256e4c002f1718/e072254115dead11c1256f3b004d2c47?OpenDocument","Tortona I 1, I - Statuti dei comuni, 1327-1573",1327,"Tortona","Tortona","Tortona I 1, I - Statuti dei comuni, 1327-1573",1327,"Tortona",6174,"Tortona",1,1327,NA,NA,NA,NA
"Tergeste","Tergeste","https://www.senato.it/w3/Biblioteca/catalogoDegliStatutiMedievali.nsf/de148d287da34e08c1256e4c002f1718/b47f05324d31c8b8c1256f3b004d359f?OpenDocument","Trieste I 1, I - Statuti dei comuni, 804-1315",1315,"Trieste","Trieste","Trieste I 1, I - Statuti dei comuni, 804-1315",1315,"Trieste",32006,"Trieste",1,1315,NA,NA,NA,NA
"Tergestum","Tergestum","https://www.senato.it/w3/Biblioteca/catalogoDegliStatutiMedievali.nsf/de148d287da34e08c1256e4c002f1718/b47f05324d31c8b8c1256f3b004d359f?OpenDocument","Trieste I 1, I - Statuti dei comuni, 804-1315",1315,"Trieste","Trieste","Trieste I 1, I - Statuti dei comuni, 804-1315",1315,"Trieste",32006,"Trieste",1,1315,NA,NA,NA,NA
"Terlacum","Terlacum","https://www.senato.it/w3/Biblioteca/catalogoDegliStatutiMedievali.nsf/de148d287da34e08c1256e4c002f1718/75c1a1aff6715961c1256f3b004d2220?OpenDocument","Terlago I 1, I - Statuti dei comuni, 1424",1424,"Terlago","Terlago","Terlago I 1, I - Statuti dei comuni, 1424",1424,"Terlago",22192,"Terlago",1,1424,NA,NA,NA,NA
"Terlago","Terlago","https://www.senato.it/w3/Biblioteca/catalogoDegliStatutiMedievali.nsf/de148d287da34e08c1256e4c002f1718/75c1a1aff6715961c1256f3b004d2220?OpenDocument","Terlago I 1, I - Statuti dei comuni, 1424",1424,"Terlago","Terlago","Terlago I 1, I - Statuti dei comuni, 1424",1424,"Terlago",22192,"Terlago",1,1424,NA,NA,NA,NA
"Termini Imerese","Termini Imerese","https://www.senato.it/w3/Biblioteca/catalogoDegliStatutiMedievali.nsf/de148d287da34e08c1256e4c002f1718/54c86681afc77d49c1256f3b004d2238?OpenDocument","Termini Imerese I 1, I - Statuti dei comuni, 1309-1551",1309,"Termini Imerese","Termini Imerese","Termini Imerese I 1, I - Statuti dei comuni, 1309-1551",1309,"Termini Imerese",82070,"Termini Imerese",1,1309,NA,NA,NA,NA
"Terni","Terni","https://www.senato.it/w3/Biblioteca/catalogoDegliStatutiMedievali.nsf/de148d287da34e08c1256e4c002f1718/9736f2c63d0a80eac1256f3b004d2257?OpenDocument","Terni I 1, I - Statuti dei comuni, 1519",1519,"Terni","Terni","Terni I 1, I - Statuti dei comuni, 1519",1519,"Terni",55032,"Terni",1,1519,NA,NA,NA,NA
"Terra degli Schiavoni","Terra degli Schiavoni","https://www.senato.it/w3/Biblioteca/catalogoDegliStatutiMedievali.nsf/de148d287da34e08c1256e4c002f1718/c747e28b3ec179cac1256fac00403b54?OpenDocument","Schiavi di Abruzzo I 1, I - Statuti dei comuni, 1687",1687,"Schiavi di Abruzzo","Schiavi di Abruzzo","Schiavi di Abruzzo I 1, I - Statuti dei comuni, 1687",1687,"Schiavi di Abruzzo",69088,"Schiavi di Abruzzo",1,1687,NA,NA,NA,NA
"Terracina","Terracina","https://www.senato.it/w3/Biblioteca/catalogoDegliStatutiMedievali.nsf/de148d287da34e08c1256e4c002f1718/b936a536f14f1cebc1256f3b004d231e?OpenDocument","Terracina I 1, I - Statuti dei comuni, 1504",1504,"Terracina","Terracina","Terracina I 1, I - Statuti dei comuni, 1504",1504,"Terracina",59032,"Terracina",1,1504,NA,NA,NA,NA
"Terragnolo","Terragnolo","https://www.senato.it/w3/Biblioteca/catalogoDegliStatutiMedievali.nsf/de148d287da34e08c1256e4c002f1718/cba86cb9d5e34986c1256f3b004d233a?OpenDocument","Terragnolo I 1, I - Statuti dei comuni, 1634-1777",1634,"Terragnolo","Terragnolo","Terragnolo I 1, I - Statuti dei comuni, 1634-1777",1634,"Terragnolo",22193,"Terragnolo",1,1634,NA,NA,NA,NA
"Terranova di Sicilia","Terranova di Sicilia","https://www.senato.it/w3/Biblioteca/catalogoDegliStatutiMedievali.nsf/de148d287da34e08c1256e4c002f1718/48cdcd00e5b4d8cec1256fa2005a31d9?OpenDocument","Gela I 1, I - Statuti dei comuni, sec. XIV",NA,"Gela","Gela","Gela I 1, I - Statuti dei comuni, sec. XIV",NA,"Gela",85007,"Gela",1,NA,NA,NA,NA,NA
"Terranova Pausania","Terranova Pausania","https://www.senato.it/w3/Biblioteca/catalogoDegliStatutiMedievali.nsf/de148d287da34e08c1256e4c002f1718/b4e9684a3813fb26c1256fa40048cdc7?OpenDocument","Olbia I 1, I - Statuti dei comuni, 1420-1479",1420,"Olbia","Olbia","Olbia I 1, I - Statuti dei comuni, 1420-1479",1420,"Olbia",104017,"Olbia",1,1420,NA,NA,NA,NA
"Terranuova Bracciolini","Terranuova Bracciolini","https://www.senato.it/w3/Biblioteca/catalogoDegliStatutiMedievali.nsf/de148d287da34e08c1256e4c002f1718/bb862603317a9ff0c1256f3b004d2345?OpenDocument","Terranuova Bracciolini I 1, I - Statuti dei comuni, 1487-1675",1487,"Terranuova Bracciolini","Terranuova Bracciolini","Terranuova Bracciolini I 1, I - Statuti dei comuni, 1487-1675",1487,"Terranuova Bracciolini",51039,"Terranuova Bracciolini",1,1487,NA,NA,NA,NA
"Terregnuol","Terregnuol","https://www.senato.it/w3/Biblioteca/catalogoDegliStatutiMedievali.nsf/de148d287da34e08c1256e4c002f1718/cba86cb9d5e34986c1256f3b004d233a?OpenDocument","Terragnolo I 1, I - Statuti dei comuni, 1634-1777",1634,"Terragnolo","Terragnolo","Terragnolo I 1, I - Statuti dei comuni, 1634-1777",1634,"Terragnolo",22193,"Terragnolo",1,1634,NA,NA,NA,NA
"Terzorio","Terzorio","https://www.senato.it/w3/Biblioteca/catalogoDegliStatutiMedievali.nsf/de148d287da34e08c1256e4c002f1718/cc92337588f34449c1256f3b004d2365?OpenDocument","Terzorio I 1, I - Statuti dei comuni, 1277",1277,"Terzorio","Terzorio","Terzorio I 1, I - Statuti dei comuni, 1277",1277,"Terzorio",8060,"Terzorio",1,1277,NA,NA,NA,NA
"Teuti","Teuti","https://www.senato.it/w3/Biblioteca/catalogoDegliStatutiMedievali.nsf/de148d287da34e08c1256e4c002f1718/296b9d4448ae433ec1256fa400490ced?OpenDocument","Pieve di Teco I 1, I - Statuti dei comuni, 1650-1652",1650,"Pieve di Teco","Pieve di Teco","Pieve di Teco I 1, I - Statuti dei comuni, 1650-1652",1650,"Pieve di Teco",8042,"Pieve di Teco",1,1650,NA,NA,NA,NA
"Thabia","Thabia","https://www.senato.it/w3/Biblioteca/catalogoDegliStatutiMedievali.nsf/de148d287da34e08c1256e4c002f1718/7fd2992fdf7f7669c1256f3b004d1f2b?OpenDocument","Taggia I 1, I - Statuti dei comuni, 1381",1381,"Taggia","Taggia","Taggia I 1, I - Statuti dei comuni, 1381",1381,"Taggia",8059,"Taggia",1,1381,NA,NA,NA,NA
"Thaio","Thaio","https://www.senato.it/w3/Biblioteca/catalogoDegliStatutiMedievali.nsf/de148d287da34e08c1256e4c002f1718/8d8a626664692b00c1256f3b004d1f68?OpenDocument","Taio I 1, I - Statuti dei comuni, 1504-1693",1504,"Taio","Taio","Taio I 1, I - Statuti dei comuni, 1504-1693",1504,"Taio",22186,"Taio",1,1504,NA,NA,NA,NA
"Thaium","Thaium","https://www.senato.it/w3/Biblioteca/catalogoDegliStatutiMedievali.nsf/de148d287da34e08c1256e4c002f1718/8d8a626664692b00c1256f3b004d1f68?OpenDocument","Taio I 1, I - Statuti dei comuni, 1504-1693",1504,"Taio","Taio","Taio I 1, I - Statuti dei comuni, 1504-1693",1504,"Taio",22186,"Taio",1,1504,NA,NA,NA,NA
"Theanum","Theanum","https://www.senato.it/w3/Biblioteca/catalogoDegliStatutiMedievali.nsf/de148d287da34e08c1256e4c002f1718/ad0a3cb687beaa4bc1256f3b004d212e?OpenDocument","Teano I 1, I - Statuti dei comuni, 1550",1550,"Teano","Teano","Teano I 1, I - Statuti dei comuni, 1550",1550,"Teano",61091,"Teano",1,1550,NA,NA,NA,NA
"Thermae","Thermae","https://www.senato.it/w3/Biblioteca/catalogoDegliStatutiMedievali.nsf/de148d287da34e08c1256e4c002f1718/54c86681afc77d49c1256f3b004d2238?OpenDocument","Termini Imerese I 1, I - Statuti dei comuni, 1309-1551",1309,"Termini Imerese","Termini Imerese","Termini Imerese I 1, I - Statuti dei comuni, 1309-1551",1309,"Termini Imerese",82070,"Termini Imerese",1,1309,NA,NA,NA,NA
"Thiene","Thiene","https://www.senato.it/w3/Biblioteca/catalogoDegliStatutiMedievali.nsf/de148d287da34e08c1256e4c002f1718/4e0cff86491c9d43c1256f3b004d2370?OpenDocument","Thiene I 1, I - Statuti dei comuni, 1760-1788",1760,"Thiene","Thiene","Thiene I 1, I - Statuti dei comuni, 1760-1788",1760,"Thiene",24105,"Thiene",1,1760,NA,NA,NA,NA
"Thione","Thione","https://www.senato.it/w3/Biblioteca/catalogoDegliStatutiMedievali.nsf/de148d287da34e08c1256e4c002f1718/bf9ab4df9c5973a9c1256f3b004d2400?OpenDocument","Tione di Trento I 1, I - Statuti dei comuni, 1255-1757",1255,"Tione di Trento","Tione di Trento","Tione di Trento I 1, I - Statuti dei comuni, 1255-1757",1255,"Tione di Trento",22199,"Tione di Trento",1,1255,NA,NA,NA,NA
"Tholentinum","Tholentinum","https://www.senato.it/w3/Biblioteca/catalogoDegliStatutiMedievali.nsf/de148d287da34e08c1256e4c002f1718/6c6c2ba608889598c1256f3b004d25a8?OpenDocument","Tolentino I 1, I - Statuti dei comuni, sec. XIV-XVI",NA,"Tolentino","Tolentino","Tolentino I 1, I - Statuti dei comuni, sec. XIV-XVI",NA,"Tolentino",43053,"Tolentino",1,NA,NA,NA,NA,NA
"Thon","Thon","https://www.senato.it/w3/Biblioteca/catalogoDegliStatutiMedievali.nsf/de148d287da34e08c1256e4c002f1718/b2c79a5063574be5c1256f3b004d26bf?OpenDocument","Ton I 1, I - Statuti dei comuni, 1562",1562,"Ton","Ton","Ton I 1, I - Statuti dei comuni, 1562",1562,"Ton",22200,"Ton",1,1562,NA,NA,NA,NA
"Thos","Thos","https://www.senato.it/w3/Biblioteca/catalogoDegliStatutiMedievali.nsf/de148d287da34e08c1256e4c002f1718/b2c79a5063574be5c1256f3b004d26bf?OpenDocument","Ton I 1, I - Statuti dei comuni, 1562",1562,"Ton","Ton","Ton I 1, I - Statuti dei comuni, 1562",1562,"Ton",22200,"Ton",1,1562,NA,NA,NA,NA
"Thun","Thun","https://www.senato.it/w3/Biblioteca/catalogoDegliStatutiMedievali.nsf/de148d287da34e08c1256e4c002f1718/b2c79a5063574be5c1256f3b004d26bf?OpenDocument","Ton I 1, I - Statuti dei comuni, 1562",1562,"Ton","Ton","Ton I 1, I - Statuti dei comuni, 1562",1562,"Ton",22200,"Ton",1,1562,NA,NA,NA,NA
"Thyonum","Thyonum","https://www.senato.it/w3/Biblioteca/catalogoDegliStatutiMedievali.nsf/de148d287da34e08c1256e4c002f1718/bf9ab4df9c5973a9c1256f3b004d2400?OpenDocument","Tione di Trento I 1, I - Statuti dei comuni, 1255-1757",1255,"Tione di Trento","Tione di Trento","Tione di Trento I 1, I - Statuti dei comuni, 1255-1757",1255,"Tione di Trento",22199,"Tione di Trento",1,1255,NA,NA,NA,NA
"Ticineto","Ticineto","https://www.senato.it/w3/Biblioteca/catalogoDegliStatutiMedievali.nsf/de148d287da34e08c1256e4c002f1718/8d2f503af4998721c1256f3b004d23cb?OpenDocument","Ticineto I 1, I - Statuti dei comuni, 1740-1790",1740,"Ticineto","Ticineto","Ticineto I 1, I - Statuti dei comuni, 1740-1790",1740,"Ticineto",6173,"Ticineto",1,1740,NA,NA,NA,NA
"Ticinum","Ticinum","https://www.senato.it/w3/Biblioteca/catalogoDegliStatutiMedievali.nsf/de148d287da34e08c1256e4c002f1718/edbb5853e8901fd2c1256fa40048f0ce?OpenDocument","Pavia I 1, I - Statuti dei comuni, 1164",1164,"Pavia","Pavia","Pavia I 1, I - Statuti dei comuni, 1164",1164,"Pavia",18110,"Pavia",1,1164,NA,NA,NA,NA
"Tiene","Tiene","https://www.senato.it/w3/Biblioteca/catalogoDegliStatutiMedievali.nsf/de148d287da34e08c1256e4c002f1718/4e0cff86491c9d43c1256f3b004d2370?OpenDocument","Thiene I 1, I - Statuti dei comuni, 1760-1788",1760,"Thiene","Thiene","Thiene I 1, I - Statuti dei comuni, 1760-1788",1760,"Thiene",24105,"Thiene",1,1760,NA,NA,NA,NA
"Tignale","Tignale","https://www.senato.it/w3/Biblioteca/catalogoDegliStatutiMedievali.nsf/de148d287da34e08c1256e4c002f1718/591e4bab03dc6ed1c1256f3b004d23dc?OpenDocument","Tignale I 1, I - Statuti dei comuni, 1407",1407,"Tignale","Tignale","Tignale I 1, I - Statuti dei comuni, 1407",1407,"Tignale",17185,"Tignale",1,1407,NA,NA,NA,NA
"Tilium","Tilium","https://www.senato.it/w3/Biblioteca/catalogoDegliStatutiMedievali.nsf/de148d287da34e08c1256e4c002f1718/1fe6f475fa4dff70c1256f3b004d218c?OpenDocument","Teglio I 1, I - Statuti dei comuni, 1450",1450,"Teglio","Teglio","Teglio I 1, I - Statuti dei comuni, 1450",1450,"Teglio",14065,"Teglio",1,1450,NA,NA,NA,NA
"Tillium","Tillium","https://www.senato.it/w3/Biblioteca/catalogoDegliStatutiMedievali.nsf/de148d287da34e08c1256e4c002f1718/c556f503b7e7337ac1256fa40048d928?OpenDocument","Ottiglio I 1, I - Statuti dei comuni, 1494-1512",1494,"Ottiglio","Ottiglio","Ottiglio I 1, I - Statuti dei comuni, 1494-1512",1494,"Ottiglio",6120,"Ottiglio",1,1494,NA,NA,NA,NA
"Tino","Tino","https://www.senato.it/w3/Biblioteca/catalogoDegliStatutiMedievali.nsf/de148d287da34e08c1256e4c002f1718/c6846750228704fcc1256fa3005faec4?OpenDocument","Letino I 1, I - Statuti dei comuni, 1456-1695",1456,"Letino","Letino","Letino I 1, I - Statuti dei comuni, 1456-1695",1456,"Letino",61044,"Letino",1,1456,NA,NA,NA,NA
"Tione degli Abruzzi","Tione degli Abruzzi","https://www.senato.it/w3/Biblioteca/catalogoDegliStatutiMedievali.nsf/de148d287da34e08c1256e4c002f1718/c61840e4d5d5450ec1256f3b004d23f2?OpenDocument","Tione degli Abruzzi I 1, I - Statuti dei comuni, 1560-1572",1560,"Tione degli Abruzzi","Tione degli Abruzzi","Tione degli Abruzzi I 1, I - Statuti dei comuni, 1560-1572",1560,"Tione degli Abruzzi",66100,"Tione degli Abruzzi",1,1560,NA,NA,NA,NA
"Tione di Trento","Tione di Trento","https://www.senato.it/w3/Biblioteca/catalogoDegliStatutiMedievali.nsf/de148d287da34e08c1256e4c002f1718/bf9ab4df9c5973a9c1256f3b004d2400?OpenDocument","Tione di Trento I 1, I - Statuti dei comuni, 1255-1757",1255,"Tione di Trento","Tione di Trento","Tione di Trento I 1, I - Statuti dei comuni, 1255-1757",1255,"Tione di Trento",22199,"Tione di Trento",1,1255,NA,NA,NA,NA
"Tirano","Tirano","https://www.senato.it/w3/Biblioteca/catalogoDegliStatutiMedievali.nsf/de148d287da34e08c1256e4c002f1718/3393a62d18a48416c1256f3b004d2432?OpenDocument","Tirano I 1, I - Statuti dei comuni, 1586-1784",1586,"Tirano","Tirano","Tirano I 1, I - Statuti dei comuni, 1586-1784",1586,"Tirano",14066,"Tirano",1,1586,NA,NA,NA,NA
"Tisana","Tisana","https://www.senato.it/w3/Biblioteca/catalogoDegliStatutiMedievali.nsf/de148d287da34e08c1256e4c002f1718/b4bf5c51ecd49054c1256fa3005ee671?OpenDocument","Latisana I 1, I - Statuti dei comuni, 1528-1760",1528,"Latisana","Latisana","Latisana I 1, I - Statuti dei comuni, 1528-1760",1528,"Latisana",30046,"Latisana",1,1528,NA,NA,NA,NA
"Tivoli","Tivoli","https://www.senato.it/w3/Biblioteca/catalogoDegliStatutiMedievali.nsf/de148d287da34e08c1256e4c002f1718/55312b1e3a8088a2c1256f3b004d24aa?OpenDocument","Tivoli I 1, I - Statuti dei comuni, 1257-1455",1257,"Tivoli","Tivoli","Tivoli I 1, I - Statuti dei comuni, 1257-1455",1257,"Tivoli",58104,"Tivoli",1,1257,NA,NA,NA,NA
"Tocco","Tocco","https://www.senato.it/w3/Biblioteca/catalogoDegliStatutiMedievali.nsf/de148d287da34e08c1256e4c002f1718/788ff9dd28c537b8c1256f3b004d24dc?OpenDocument","Tocco da Casauria I 1, I - Statuti dei comuni, sec. XVI",NA,"Tocco da Casauria","Tocco da Casauria","Tocco da Casauria I 1, I - Statuti dei comuni, sec. XVI",NA,"Tocco da Casauria",68042,"Tocco da Casauria",1,NA,NA,NA,NA,NA
"Tocco da Casauria","Tocco da Casauria","https://www.senato.it/w3/Biblioteca/catalogoDegliStatutiMedievali.nsf/de148d287da34e08c1256e4c002f1718/788ff9dd28c537b8c1256f3b004d24dc?OpenDocument","Tocco da Casauria I 1, I - Statuti dei comuni, sec. XVI",NA,"Tocco da Casauria","Tocco da Casauria","Tocco da Casauria I 1, I - Statuti dei comuni, sec. XVI",NA,"Tocco da Casauria",68042,"Tocco da Casauria",1,NA,NA,NA,NA,NA
"Todi","Todi","https://www.senato.it/w3/Biblioteca/catalogoDegliStatutiMedievali.nsf/de148d287da34e08c1256e4c002f1718/6760d353fe4fbd9ec1256f3b004d24fa?OpenDocument","Todi I 1, I - Statuti dei comuni, 1275",1275,"Todi","Todi","Todi I 1, I - Statuti dei comuni, 1275",1275,"Todi",54052,"Todi",1,1275,NA,NA,NA,NA
"Tofia","Tofia","https://www.senato.it/w3/Biblioteca/catalogoDegliStatutiMedievali.nsf/de148d287da34e08c1256e4c002f1718/941ca84c40d94dd0c1256fa400490c10?OpenDocument","Pietralunga I 1, I - Statuti dei comuni, 1696",1696,"Pietralunga","Pietralunga","Pietralunga I 1, I - Statuti dei comuni, 1696",1696,"Pietralunga",54041,"Pietralunga",1,1696,NA,NA,NA,NA
"Toirano","Toirano","https://www.senato.it/w3/Biblioteca/catalogoDegliStatutiMedievali.nsf/de148d287da34e08c1256e4c002f1718/bcbbba6edf8e7a67c1256f3b004d259d?OpenDocument","Toirano I 1, I - Statuti dei comuni, 1284",1284,"Toirano","Toirano","Toirano I 1, I - Statuti dei comuni, 1284",1284,"Toirano",9061,"Toirano",1,1284,NA,NA,NA,NA
"Tolegnum","Tolegnum","https://www.senato.it/w3/Biblioteca/catalogoDegliStatutiMedievali.nsf/de148d287da34e08c1256e4c002f1718/51c9fec3c3d0b521c1256f3b004d2621?OpenDocument","Tollegno I 1, I - Statuti dei comuni, 1428",1428,"Tollegno","Tollegno","Tollegno I 1, I - Statuti dei comuni, 1428",1428,"Tollegno",96068,"Tollegno",1,1428,NA,NA,NA,NA
"Tolentino","Tolentino","https://www.senato.it/w3/Biblioteca/catalogoDegliStatutiMedievali.nsf/de148d287da34e08c1256e4c002f1718/6c6c2ba608889598c1256f3b004d25a8?OpenDocument","Tolentino I 1, I - Statuti dei comuni, sec. XIV-XVI",NA,"Tolentino","Tolentino","Tolentino I 1, I - Statuti dei comuni, sec. XIV-XVI",NA,"Tolentino",43053,"Tolentino",1,NA,NA,NA,NA,NA
"Tolentinum","Tolentinum","https://www.senato.it/w3/Biblioteca/catalogoDegliStatutiMedievali.nsf/de148d287da34e08c1256e4c002f1718/6c6c2ba608889598c1256f3b004d25a8?OpenDocument","Tolentino I 1, I - Statuti dei comuni, sec. XIV-XVI",NA,"Tolentino","Tolentino","Tolentino I 1, I - Statuti dei comuni, sec. XIV-XVI",NA,"Tolentino",43053,"Tolentino",1,NA,NA,NA,NA,NA
"Tolfa","Tolfa","https://www.senato.it/w3/Biblioteca/catalogoDegliStatutiMedievali.nsf/de148d287da34e08c1256e4c002f1718/ebefd43e39c3616cc1256f3b004d25f6?OpenDocument","Tolfa I 1, I - Statuti dei comuni, 1523-1530",1523,"Tolfa","Tolfa","Tolfa I 1, I - Statuti dei comuni, 1523-1530",1523,"Tolfa",58105,"Tolfa",1,1523,NA,NA,NA,NA
"Tollegno","Tollegno","https://www.senato.it/w3/Biblioteca/catalogoDegliStatutiMedievali.nsf/de148d287da34e08c1256e4c002f1718/51c9fec3c3d0b521c1256f3b004d2621?OpenDocument","Tollegno I 1, I - Statuti dei comuni, 1428",1428,"Tollegno","Tollegno","Tollegno I 1, I - Statuti dei comuni, 1428",1428,"Tollegno",96068,"Tollegno",1,1428,NA,NA,NA,NA
"Tolmezzo","Tolmezzo","https://www.senato.it/w3/Biblioteca/catalogoDegliStatutiMedievali.nsf/de148d287da34e08c1256e4c002f1718/09872a2832244665c1256f3b004d262b?OpenDocument","Tolmezzo I 1, I - Statuti dei comuni, 1258-1615",1258,"Tolmezzo","Tolmezzo","Tolmezzo I 1, I - Statuti dei comuni, 1258-1615",1258,"Tolmezzo",30121,"Tolmezzo",1,1258,NA,NA,NA,NA
"Ton","Ton","https://www.senato.it/w3/Biblioteca/catalogoDegliStatutiMedievali.nsf/de148d287da34e08c1256e4c002f1718/b2c79a5063574be5c1256f3b004d26bf?OpenDocument","Ton I 1, I - Statuti dei comuni, 1562",1562,"Ton","Ton","Ton I 1, I - Statuti dei comuni, 1562",1562,"Ton",22200,"Ton",1,1562,NA,NA,NA,NA
"Tonco","Tonco","https://www.senato.it/w3/Biblioteca/catalogoDegliStatutiMedievali.nsf/de148d287da34e08c1256e4c002f1718/f90a58a579e81ca0c1256f3b004d26d0?OpenDocument","Tonco I 1, I - Statuti dei comuni, 1490-1491",1490,"Tonco","Tonco","Tonco I 1, I - Statuti dei comuni, 1490-1491",1490,"Tonco",5109,"Tonco",1,1490,NA,NA,NA,NA
"Tongum","Tongum","https://www.senato.it/w3/Biblioteca/catalogoDegliStatutiMedievali.nsf/de148d287da34e08c1256e4c002f1718/f90a58a579e81ca0c1256f3b004d26d0?OpenDocument","Tonco I 1, I - Statuti dei comuni, 1490-1491",1490,"Tonco","Tonco","Tonco I 1, I - Statuti dei comuni, 1490-1491",1490,"Tonco",5109,"Tonco",1,1490,NA,NA,NA,NA
"Torgiano","Torgiano","https://www.senato.it/w3/Biblioteca/catalogoDegliStatutiMedievali.nsf/de148d287da34e08c1256e4c002f1718/185f15db020a90bdc1256f3b004d271f?OpenDocument","Torgiano I 1, I - Statuti dei comuni, 1426-1562",1426,"Torgiano","Torgiano","Torgiano I 1, I - Statuti dei comuni, 1426-1562",1426,"Torgiano",54053,"Torgiano",1,1426,NA,NA,NA,NA
"Torino","Torino","https://www.senato.it/w3/Biblioteca/catalogoDegliStatutiMedievali.nsf/de148d287da34e08c1256e4c002f1718/2365ef41e669bd10c1256f3b004d273f?OpenDocument","Torino I 1, I - Statuti dei comuni, 1222-1472",1222,"Torino","Torino","Torino I 1, I - Statuti dei comuni, 1222-1472",1222,"Torino",1272,"Torino",1,1222,NA,NA,NA,NA
"Torre del Greco","Torre del Greco","https://www.senato.it/w3/Biblioteca/catalogoDegliStatutiMedievali.nsf/de148d287da34e08c1256e4c002f1718/2df12bd6ab9f436ac1256fac004702c6?OpenDocument","Torre del Greco II1 1, II 1 - Corporazioni",NA,"Torre del Greco","Torre del Greco","Torre del Greco II1 1, II 1 - Corporazioni",NA,"Torre del Greco",63084,"Torre del Greco",1,NA,NA,NA,NA,NA
"Torre Inferiore","Torre Inferiore","https://www.senato.it/w3/Biblioteca/catalogoDegliStatutiMedievali.nsf/de148d287da34e08c1256e4c002f1718/548cf72819a3206bc1256f3b004d2bde?OpenDocument","Torre Orsaia I 1, I - Statuti dei comuni, 1502",1502,"Torre Orsaia","Torre Orsaia","Torre Orsaia I 1, I - Statuti dei comuni, 1502",1502,"Torre Orsaia",65149,"Torre Orsaia",1,1502,NA,NA,NA,NA
"Torre Orsaia","Torre Orsaia","https://www.senato.it/w3/Biblioteca/catalogoDegliStatutiMedievali.nsf/de148d287da34e08c1256e4c002f1718/548cf72819a3206bc1256f3b004d2bde?OpenDocument","Torre Orsaia I 1, I - Statuti dei comuni, 1502",1502,"Torre Orsaia","Torre Orsaia","Torre Orsaia I 1, I - Statuti dei comuni, 1502",1502,"Torre Orsaia",65149,"Torre Orsaia",1,1502,NA,NA,NA,NA
"Torrebelvicino","Torrebelvicino","https://www.senato.it/w3/Biblioteca/catalogoDegliStatutiMedievali.nsf/de148d287da34e08c1256e4c002f1718/6710a4db161b2ea1c1256f3b004d2b4d?OpenDocument","Torrebelvicino I 1, I - Statuti dei comuni, 1306-1792",1306,"Torrebelvicino","Torrebelvicino","Torrebelvicino I 1, I - Statuti dei comuni, 1306-1792",1306,"Torrebelvicino",24107,"Torrebelvicino",1,1306,NA,NA,NA,NA
"Torrice","Torrice","https://www.senato.it/w3/Biblioteca/catalogoDegliStatutiMedievali.nsf/de148d287da34e08c1256e4c002f1718/f992ebfc76f1e2cec1256f3b004d2bf4?OpenDocument","Torrice I 1, I - Statuti dei comuni, 1558-1559",1558,"Torrice","Torrice","Torrice I 1, I - Statuti dei comuni, 1558-1559",1558,"Torrice",60079,"Torrice",1,1558,NA,NA,NA,NA
"Torriglia","Torriglia","https://www.senato.it/w3/Biblioteca/catalogoDegliStatutiMedievali.nsf/de148d287da34e08c1256e4c002f1718/1ad0bfec0d8ce893c1256f3b004d2c05?OpenDocument","Torriglia I 1, I - Statuti dei comuni, 1736",1736,"Torriglia","Torriglia","Torriglia I 1, I - Statuti dei comuni, 1736",1736,"Torriglia",10062,"Torriglia",1,1736,NA,NA,NA,NA
"Torrita di Siena","Torrita di Siena","https://www.senato.it/w3/Biblioteca/catalogoDegliStatutiMedievali.nsf/de148d287da34e08c1256e4c002f1718/a16016e5f5b39d84c1256f3b004d2c24?OpenDocument","Torrita di Siena I 1, I - Statuti dei comuni, 1777",1777,"Torrita di Siena","Torrita di Siena","Torrita di Siena I 1, I - Statuti dei comuni, 1777",1777,"Torrita di Siena",52035,"Torrita di Siena",1,1777,NA,NA,NA,NA
"Torrita Tiberina","Torrita Tiberina","https://www.senato.it/w3/Biblioteca/catalogoDegliStatutiMedievali.nsf/de148d287da34e08c1256e4c002f1718/5bd0fbe83b31941ac1256f3b004d2c33?OpenDocument","Torrita Tiberina I 1, I - Statuti dei comuni, 1593-1797",1593,"Torrita Tiberina","Torrita Tiberina","Torrita Tiberina I 1, I - Statuti dei comuni, 1593-1797",1593,"Torrita Tiberina",58106,"Torrita Tiberina",1,1593,NA,NA,NA,NA
"Torsciano","Torsciano","https://www.senato.it/w3/Biblioteca/catalogoDegliStatutiMedievali.nsf/de148d287da34e08c1256e4c002f1718/185f15db020a90bdc1256f3b004d271f?OpenDocument","Torgiano I 1, I - Statuti dei comuni, 1426-1562",1426,"Torgiano","Torgiano","Torgiano I 1, I - Statuti dei comuni, 1426-1562",1426,"Torgiano",54053,"Torgiano",1,1426,NA,NA,NA,NA
"Torsciuanum","Torsciuanum","https://www.senato.it/w3/Biblioteca/catalogoDegliStatutiMedievali.nsf/de148d287da34e08c1256e4c002f1718/185f15db020a90bdc1256f3b004d271f?OpenDocument","Torgiano I 1, I - Statuti dei comuni, 1426-1562",1426,"Torgiano","Torgiano","Torgiano I 1, I - Statuti dei comuni, 1426-1562",1426,"Torgiano",54053,"Torgiano",1,1426,NA,NA,NA,NA
"Tortona","Tortona","https://www.senato.it/w3/Biblioteca/catalogoDegliStatutiMedievali.nsf/de148d287da34e08c1256e4c002f1718/e072254115dead11c1256f3b004d2c47?OpenDocument","Tortona I 1, I - Statuti dei comuni, 1327-1573",1327,"Tortona","Tortona","Tortona I 1, I - Statuti dei comuni, 1327-1573",1327,"Tortona",6174,"Tortona",1,1327,NA,NA,NA,NA
"Tortora","Tortora","https://www.senato.it/w3/Biblioteca/catalogoDegliStatutiMedievali.nsf/de148d287da34e08c1256e4c002f1718/a0d69f14a16eabf5c1256f3b004d2c6b?OpenDocument","Tortora I 1, I - Statuti dei comuni, 1490",1490,"Tortora","Tortora","Tortora I 1, I - Statuti dei comuni, 1490",1490,"Tortora",78149,"Tortora",1,1490,NA,NA,NA,NA
"Toscanella","Toscanella","https://www.senato.it/w3/Biblioteca/catalogoDegliStatutiMedievali.nsf/de148d287da34e08c1256e4c002f1718/823be11f7133f45fc1256f3b004d37ce?OpenDocument","Tuscania I 1, I - Statuti dei comuni, 1423",1423,"Tuscania","Tuscania","Tuscania I 1, I - Statuti dei comuni, 1423",1423,"Tuscania",56052,"Tuscania",1,1423,NA,NA,NA,NA
"Traetto","Traetto","https://www.senato.it/w3/Biblioteca/catalogoDegliStatutiMedievali.nsf/de148d287da34e08c1256e4c002f1718/31c562616299cb42c1256fa30060098e?OpenDocument","Minturno I 1, I - Statuti dei comuni, 1751-1826",1751,"Minturno","Minturno","Minturno I 1, I - Statuti dei comuni, 1751-1826",1751,"Minturno",59014,"Minturno",1,1751,NA,NA,NA,NA
"Trambelleno","Trambelleno","https://www.senato.it/w3/Biblioteca/catalogoDegliStatutiMedievali.nsf/de148d287da34e08c1256e4c002f1718/149dddea6497272bc1256f3b004d2cac?OpenDocument","Trambileno I 1, I - Statuti dei comuni, 1578-1582",1578,"Trambileno","Trambileno","Trambileno I 1, I - Statuti dei comuni, 1578-1582",1578,"Trambileno",22203,"Trambileno",1,1578,NA,NA,NA,NA
"Trambileno","Trambileno","https://www.senato.it/w3/Biblioteca/catalogoDegliStatutiMedievali.nsf/de148d287da34e08c1256e4c002f1718/149dddea6497272bc1256f3b004d2cac?OpenDocument","Trambileno I 1, I - Statuti dei comuni, 1578-1582",1578,"Trambileno","Trambileno","Trambileno I 1, I - Statuti dei comuni, 1578-1582",1578,"Trambileno",22203,"Trambileno",1,1578,NA,NA,NA,NA
"Tramonti","Tramonti","https://www.senato.it/w3/Biblioteca/catalogoDegliStatutiMedievali.nsf/de148d287da34e08c1256e4c002f1718/d8e5085374079ee1c1256f3b004d2cc5?OpenDocument","Tramonti I 1, I - Statuti dei comuni, 1461",1461,"Tramonti","Tramonti","Tramonti I 1, I - Statuti dei comuni, 1461",1461,"Tramonti",65151,"Tramonti",1,1461,NA,NA,NA,NA
"Trani","Trani","https://www.senato.it/w3/Biblioteca/catalogoDegliStatutiMedievali.nsf/de148d287da34e08c1256e4c002f1718/52e9b980a9531882c1256f3b004d2ccf?OpenDocument","Trani I 1, I - Statuti dei comuni, 915-1559",1559,"Trani","Trani","Trani I 1, I - Statuti dei comuni, 915-1559",1559,"Trani",110009,"Trani",1,1559,NA,NA,NA,NA
"Trapani","Trapani","https://www.senato.it/w3/Biblioteca/catalogoDegliStatutiMedievali.nsf/de148d287da34e08c1256e4c002f1718/01ea5271072cf023c1256f3b004d2dcc?OpenDocument","Trapani I 1, I - Statuti dei comuni, sec. XIV",NA,"Trapani","Trapani","Trapani I 1, I - Statuti dei comuni, sec. XIV",NA,"Trapani",81021,"Trapani",1,NA,NA,NA,NA,NA
"Trapanum","Trapanum","https://www.senato.it/w3/Biblioteca/catalogoDegliStatutiMedievali.nsf/de148d287da34e08c1256e4c002f1718/01ea5271072cf023c1256f3b004d2dcc?OpenDocument","Trapani I 1, I - Statuti dei comuni, sec. XIV",NA,"Trapani","Trapani","Trapani I 1, I - Statuti dei comuni, sec. XIV",NA,"Trapani",81021,"Trapani",1,NA,NA,NA,NA,NA
"Trecate","Trecate","https://www.senato.it/w3/Biblioteca/catalogoDegliStatutiMedievali.nsf/de148d287da34e08c1256e4c002f1718/bf570551f5004d36c1256f3b004d2edd?OpenDocument","Trecate I 1, I - Statuti dei comuni, 1270-1575",1270,"Trecate","Trecate","Trecate I 1, I - Statuti dei comuni, 1270-1575",1270,"Trecate",3149,"Trecate",1,1270,NA,NA,NA,NA
"Tregnago","Tregnago","https://www.senato.it/w3/Biblioteca/catalogoDegliStatutiMedievali.nsf/de148d287da34e08c1256e4c002f1718/ce25bed796afd480c1256f3b004d2f2a?OpenDocument","Tregnago I 1, I - Statuti dei comuni, 1780",1780,"Tregnago","Tregnago","Tregnago I 1, I - Statuti dei comuni, 1780",1780,"Tregnago",23087,"Tregnago",1,1780,NA,NA,NA,NA
"Treia","Treia","https://www.senato.it/w3/Biblioteca/catalogoDegliStatutiMedievali.nsf/de148d287da34e08c1256e4c002f1718/ec155fe417c18651c1256f3b004d2f36?OpenDocument","Treia I 1, I - Statuti dei comuni, 1323",1323,"Montecchio","Montecchio","Treia I 1, I - Statuti dei comuni, 1323",1323,"Montecchio",55018,"Montecchio",1,1323,NA,NA,NA,NA
"Treia","Treia","https://www.senato.it/w3/Biblioteca/catalogoDegliStatutiMedievali.nsf/de148d287da34e08c1256e4c002f1718/ec155fe417c18651c1256f3b004d2f36?OpenDocument","Treia I 1, I - Statuti dei comuni, 1323",1323,"Treia","Treia","Treia I 1, I - Statuti dei comuni, 1323",1323,"Montecchio",55018,"Montecchio",1,1323,NA,NA,NA,NA
"Trento","Trento","https://www.senato.it/w3/Biblioteca/catalogoDegliStatutiMedievali.nsf/de148d287da34e08c1256e4c002f1718/4c919c3fd3636e60c1256f3b004d2f64?OpenDocument","Trento I 1, I - Statuti dei comuni, 1027-1689",1027,"Trento","Trento","Trento I 1, I - Statuti dei comuni, 1027-1689",1027,"Trento",22205,"Trento",1,1027,NA,NA,NA,NA
"Treppo Carnico","Treppo Carnico","https://www.senato.it/w3/Biblioteca/catalogoDegliStatutiMedievali.nsf/de148d287da34e08c1256e4c002f1718/45840a59880a6347c1256f3b004d318d?OpenDocument","Treppo Carnico I 1, I - Statuti dei comuni, 1769",1769,"Treppo Carnico","Treppo Carnico","Treppo Carnico I 1, I - Statuti dei comuni, 1769",1769,"Treppo Carnico",30125,"Treppo Carnico",1,1769,NA,NA,NA,NA
"Trequanda","Trequanda","https://www.senato.it/w3/Biblioteca/catalogoDegliStatutiMedievali.nsf/de148d287da34e08c1256e4c002f1718/c2596eda2e871b21c1256f3b004d319b?OpenDocument","Trequanda I 1, I - Statuti dei comuni, 1777",1777,"Trequanda","Trequanda","Trequanda I 1, I - Statuti dei comuni, 1777",1777,"Trequanda",52036,"Trequanda",1,1777,NA,NA,NA,NA
"Tres","Tres","https://www.senato.it/w3/Biblioteca/catalogoDegliStatutiMedievali.nsf/de148d287da34e08c1256e4c002f1718/315cf071b086eeadc1256f3b004d31a7?OpenDocument","Tres I 1, I - Statuti dei comuni, 1551-1732",1551,"Tres","Tres","Tres I 1, I - Statuti dei comuni, 1551-1732",1551,"Tres",22206,"Tres",1,1551,NA,NA,NA,NA
"Treve","Treve","https://www.senato.it/w3/Biblioteca/catalogoDegliStatutiMedievali.nsf/de148d287da34e08c1256e4c002f1718/9da8af123d5f60e9c1256f3b004d3232?OpenDocument","Trevi nel Lazio I 1, I - Statuti dei comuni, 1534",1534,"Trevi nel Lazio","Trevi nel Lazio","Trevi nel Lazio I 1, I - Statuti dei comuni, 1534",1534,"Trevi nel Lazio",60080,"Trevi nel Lazio",1,1534,NA,NA,NA,NA
"Trevenzuolo","Trevenzuolo","https://www.senato.it/w3/Biblioteca/catalogoDegliStatutiMedievali.nsf/de148d287da34e08c1256e4c002f1718/6dc57727f5cb8951c1256f3b004d31e0?OpenDocument","Trevenzuolo I 1, I - Statuti dei comuni, 1217",1217,"Trevenzuolo","Trevenzuolo","Trevenzuolo I 1, I - Statuti dei comuni, 1217",1217,"Trevenzuolo",23088,"Trevenzuolo",1,1217,NA,NA,NA,NA
"Trevi nel Lazio","Trevi nel Lazio","https://www.senato.it/w3/Biblioteca/catalogoDegliStatutiMedievali.nsf/de148d287da34e08c1256e4c002f1718/9da8af123d5f60e9c1256f3b004d3232?OpenDocument","Trevi nel Lazio I 1, I - Statuti dei comuni, 1534",1534,"Trevi nel Lazio","Trevi nel Lazio","Trevi nel Lazio I 1, I - Statuti dei comuni, 1534",1534,"Trevi nel Lazio",60080,"Trevi nel Lazio",1,1534,NA,NA,NA,NA
"Treviglio","Treviglio","https://www.senato.it/w3/Biblioteca/catalogoDegliStatutiMedievali.nsf/de148d287da34e08c1256e4c002f1718/8bad384eaf210bc7c1256f3b004d31ee?OpenDocument","Treviglio I 1, I - Statuti dei comuni, 1392",1392,"Treviglio","Treviglio","Treviglio I 1, I - Statuti dei comuni, 1392",1392,"Treviglio",16219,"Treviglio",1,1392,NA,NA,NA,NA
"Trevignano Romano","Trevignano Romano","https://www.senato.it/w3/Biblioteca/catalogoDegliStatutiMedievali.nsf/de148d287da34e08c1256e4c002f1718/430092a9b439bac3c1256f3b004d31fd?OpenDocument","Trevignano Romano I 1, I - Statuti dei comuni, 1553",1553,"Trevignano Romano","Trevignano Romano","Trevignano Romano I 1, I - Statuti dei comuni, 1553",1553,"Trevignano Romano",58107,"Trevignano Romano",1,1553,NA,NA,NA,NA
"Treville","Treville","https://www.senato.it/w3/Biblioteca/catalogoDegliStatutiMedievali.nsf/de148d287da34e08c1256e4c002f1718/d4b492b1c3013c51c1256f3b004d3215?OpenDocument","Treville I 1, I - Statuti dei comuni, 1303-1495",1303,"Treville","Treville","Treville I 1, I - Statuti dei comuni, 1303-1495",1303,"Treville",6175,"Treville",1,1303,NA,NA,NA,NA
"Trevinianum","Trevinianum","https://www.senato.it/w3/Biblioteca/catalogoDegliStatutiMedievali.nsf/de148d287da34e08c1256e4c002f1718/430092a9b439bac3c1256f3b004d31fd?OpenDocument","Trevignano Romano I 1, I - Statuti dei comuni, 1553",1553,"Trevignano Romano","Trevignano Romano","Trevignano Romano I 1, I - Statuti dei comuni, 1553",1553,"Trevignano Romano",58107,"Trevignano Romano",1,1553,NA,NA,NA,NA
"Treviso","Treviso","https://www.senato.it/w3/Biblioteca/catalogoDegliStatutiMedievali.nsf/de148d287da34e08c1256e4c002f1718/853a3e7f19487daec1256f3b004d327c?OpenDocument","Treviso I 1, I - Statuti dei comuni, 1207-1263",1207,"Treviso","Treviso","Treviso I 1, I - Statuti dei comuni, 1207-1263",1207,"Treviso",26086,"Treviso",1,1207,NA,NA,NA,NA
"Tribano","Tribano","https://www.senato.it/w3/Biblioteca/catalogoDegliStatutiMedievali.nsf/de148d287da34e08c1256e4c002f1718/563dff85ce781a1ac1256f3b004d3594?OpenDocument","Tribano II2 1, II 2 - Confraternite",NA,"Tribano","Tribano","Tribano II2 1, II 2 - Confraternite",NA,"Tribano",28094,"Tribano",1,NA,NA,NA,NA,NA
"Tribinciolum","Tribinciolum","https://www.senato.it/w3/Biblioteca/catalogoDegliStatutiMedievali.nsf/de148d287da34e08c1256e4c002f1718/6dc57727f5cb8951c1256f3b004d31e0?OpenDocument","Trevenzuolo I 1, I - Statuti dei comuni, 1217",1217,"Trevenzuolo","Trevenzuolo","Trevenzuolo I 1, I - Statuti dei comuni, 1217",1217,"Trevenzuolo",23088,"Trevenzuolo",1,1217,NA,NA,NA,NA
"Tridentum","Tridentum","https://www.senato.it/w3/Biblioteca/catalogoDegliStatutiMedievali.nsf/de148d287da34e08c1256e4c002f1718/4c919c3fd3636e60c1256f3b004d2f64?OpenDocument","Trento I 1, I - Statuti dei comuni, 1027-1689",1027,"Trento","Trento","Trento I 1, I - Statuti dei comuni, 1027-1689",1027,"Trento",22205,"Trento",1,1027,NA,NA,NA,NA
"Tridinum","Tridinum","https://www.senato.it/w3/Biblioteca/catalogoDegliStatutiMedievali.nsf/de148d287da34e08c1256e4c002f1718/9bd678a66231052dc1256f3b004d371b?OpenDocument","Trino I 1, I - Statuti dei comuni, 1212",1212,"Trino","Trino","Trino I 1, I - Statuti dei comuni, 1212",1212,"Trino",2148,"Trino",1,1212,NA,NA,NA,NA
"Trieste","Trieste","https://www.senato.it/w3/Biblioteca/catalogoDegliStatutiMedievali.nsf/de148d287da34e08c1256e4c002f1718/b47f05324d31c8b8c1256f3b004d359f?OpenDocument","Trieste I 1, I - Statuti dei comuni, 804-1315",1315,"Trieste","Trieste","Trieste I 1, I - Statuti dei comuni, 804-1315",1315,"Trieste",32006,"Trieste",1,1315,NA,NA,NA,NA
"Trilacum","Trilacum","https://www.senato.it/w3/Biblioteca/catalogoDegliStatutiMedievali.nsf/de148d287da34e08c1256e4c002f1718/75c1a1aff6715961c1256f3b004d2220?OpenDocument","Terlago I 1, I - Statuti dei comuni, 1424",1424,"Terlago","Terlago","Terlago I 1, I - Statuti dei comuni, 1424",1424,"Terlago",22192,"Terlago",1,1424,NA,NA,NA,NA
"Trino","Trino","https://www.senato.it/w3/Biblioteca/catalogoDegliStatutiMedievali.nsf/de148d287da34e08c1256e4c002f1718/9bd678a66231052dc1256f3b004d371b?OpenDocument","Trino I 1, I - Statuti dei comuni, 1212",1212,"Trino","Trino","Trino I 1, I - Statuti dei comuni, 1212",1212,"Trino",2148,"Trino",1,1212,NA,NA,NA,NA
"Triora","Triora","https://www.senato.it/w3/Biblioteca/catalogoDegliStatutiMedievali.nsf/de148d287da34e08c1256e4c002f1718/297eb680928ac661c1256f3b004d3743?OpenDocument","Triora I 1, I - Statuti dei comuni, 1592",1592,"Triora","Triora","Triora I 1, I - Statuti dei comuni, 1592",1592,"Triora",8061,"Triora",1,1592,NA,NA,NA,NA
"Trioria","Trioria","https://www.senato.it/w3/Biblioteca/catalogoDegliStatutiMedievali.nsf/de148d287da34e08c1256e4c002f1718/297eb680928ac661c1256f3b004d3743?OpenDocument","Triora I 1, I - Statuti dei comuni, 1592",1592,"Triora","Triora","Triora I 1, I - Statuti dei comuni, 1592",1592,"Triora",8061,"Triora",1,1592,NA,NA,NA,NA
"Trissino","Trissino","https://www.senato.it/w3/Biblioteca/catalogoDegliStatutiMedievali.nsf/de148d287da34e08c1256e4c002f1718/efac14530938fc91c1256f3b004d376f?OpenDocument","Trissino I 1, I - Statuti dei comuni, 1409-1435",1409,"Trissino","Trissino","Trissino I 1, I - Statuti dei comuni, 1409-1435",1409,"Trissino",24110,"Trissino",1,1409,NA,NA,NA,NA
"Trissinum","Trissinum","https://www.senato.it/w3/Biblioteca/catalogoDegliStatutiMedievali.nsf/de148d287da34e08c1256e4c002f1718/efac14530938fc91c1256f3b004d376f?OpenDocument","Trissino I 1, I - Statuti dei comuni, 1409-1435",1409,"Trissino","Trissino","Trissino I 1, I - Statuti dei comuni, 1409-1435",1409,"Trissino",24110,"Trissino",1,1409,NA,NA,NA,NA
"Trivinianum","Trivinianum","https://www.senato.it/w3/Biblioteca/catalogoDegliStatutiMedievali.nsf/de148d287da34e08c1256e4c002f1718/430092a9b439bac3c1256f3b004d31fd?OpenDocument","Trevignano Romano I 1, I - Statuti dei comuni, 1553",1553,"Trevignano Romano","Trevignano Romano","Trevignano Romano I 1, I - Statuti dei comuni, 1553",1553,"Trevignano Romano",58107,"Trevignano Romano",1,1553,NA,NA,NA,NA
"Troia","Troia","https://www.senato.it/w3/Biblioteca/catalogoDegliStatutiMedievali.nsf/de148d287da34e08c1256e4c002f1718/bc8ca5f0bc60892fc1256f3b004d377d?OpenDocument","Troia I 1, I - Statuti dei comuni, 1127",1127,"Troia","Troia","Troia I 1, I - Statuti dei comuni, 1127",1127,"Troia",71058,"Troia",1,1127,NA,NA,NA,NA
"Tropea","Tropea","https://www.senato.it/w3/Biblioteca/catalogoDegliStatutiMedievali.nsf/de148d287da34e08c1256e4c002f1718/1d2ea593e7a5597cc1256f3b004d379c?OpenDocument","Tropea I 1, I - Statuti dei comuni, 1055-1533",1055,"Tropea","Tropea","Tropea I 1, I - Statuti dei comuni, 1055-1533",1055,"Tropea",102044,"Tropea",1,1055,NA,NA,NA,NA
"Tudertum","Tudertum","https://www.senato.it/w3/Biblioteca/catalogoDegliStatutiMedievali.nsf/de148d287da34e08c1256e4c002f1718/6760d353fe4fbd9ec1256f3b004d24fa?OpenDocument","Todi I 1, I - Statuti dei comuni, 1275",1275,"Todi","Todi","Todi I 1, I - Statuti dei comuni, 1275",1275,"Todi",54052,"Todi",1,1275,NA,NA,NA,NA
"Tuenno","Tuenno","https://www.senato.it/w3/Biblioteca/catalogoDegliStatutiMedievali.nsf/de148d287da34e08c1256e4c002f1718/daa8ebd037b23baec1256f3b004d37c5?OpenDocument","Tuenno I 1, I - Statuti dei comuni, 1759-1777",1759,"Tuenno","Tuenno","Tuenno I 1, I - Statuti dei comuni, 1759-1777",1759,"Tuenno",22207,"Tuenno",1,1759,NA,NA,NA,NA
"Tulmetium","Tulmetium","https://www.senato.it/w3/Biblioteca/catalogoDegliStatutiMedievali.nsf/de148d287da34e08c1256e4c002f1718/09872a2832244665c1256f3b004d262b?OpenDocument","Tolmezzo I 1, I - Statuti dei comuni, 1258-1615",1258,"Tolmezzo","Tolmezzo","Tolmezzo I 1, I - Statuti dei comuni, 1258-1615",1258,"Tolmezzo",30121,"Tolmezzo",1,1258,NA,NA,NA,NA
"Tulpha Vetus","Tulpha Vetus","https://www.senato.it/w3/Biblioteca/catalogoDegliStatutiMedievali.nsf/de148d287da34e08c1256e4c002f1718/ebefd43e39c3616cc1256f3b004d25f6?OpenDocument","Tolfa I 1, I - Statuti dei comuni, 1523-1530",1523,"Tolfa","Tolfa","Tolfa I 1, I - Statuti dei comuni, 1523-1530",1523,"Tolfa",58105,"Tolfa",1,1523,NA,NA,NA,NA
"Tumetium","Tumetium","https://www.senato.it/w3/Biblioteca/catalogoDegliStatutiMedievali.nsf/de148d287da34e08c1256e4c002f1718/09872a2832244665c1256f3b004d262b?OpenDocument","Tolmezzo I 1, I - Statuti dei comuni, 1258-1615",1258,"Tolmezzo","Tolmezzo","Tolmezzo I 1, I - Statuti dei comuni, 1258-1615",1258,"Tolmezzo",30121,"Tolmezzo",1,1258,NA,NA,NA,NA
"Turris Ursaya","Turris Ursaya","https://www.senato.it/w3/Biblioteca/catalogoDegliStatutiMedievali.nsf/de148d287da34e08c1256e4c002f1718/548cf72819a3206bc1256f3b004d2bde?OpenDocument","Torre Orsaia I 1, I - Statuti dei comuni, 1502",1502,"Torre Orsaia","Torre Orsaia","Torre Orsaia I 1, I - Statuti dei comuni, 1502",1502,"Torre Orsaia",65149,"Torre Orsaia",1,1502,NA,NA,NA,NA
"Turrita","Turrita","https://www.senato.it/w3/Biblioteca/catalogoDegliStatutiMedievali.nsf/de148d287da34e08c1256e4c002f1718/5bd0fbe83b31941ac1256f3b004d2c33?OpenDocument","Torrita Tiberina I 1, I - Statuti dei comuni, 1593-1797",1593,"Torrita Tiberina","Torrita Tiberina","Torrita Tiberina I 1, I - Statuti dei comuni, 1593-1797",1593,"Torrita Tiberina",58106,"Torrita Tiberina",1,1593,NA,NA,NA,NA
"Turturi","Turturi","https://www.senato.it/w3/Biblioteca/catalogoDegliStatutiMedievali.nsf/de148d287da34e08c1256e4c002f1718/a0d69f14a16eabf5c1256f3b004d2c6b?OpenDocument","Tortora I 1, I - Statuti dei comuni, 1490",1490,"Tortora","Tortora","Tortora I 1, I - Statuti dei comuni, 1490",1490,"Tortora",78149,"Tortora",1,1490,NA,NA,NA,NA
"Tuscana","Tuscana","https://www.senato.it/w3/Biblioteca/catalogoDegliStatutiMedievali.nsf/de148d287da34e08c1256e4c002f1718/823be11f7133f45fc1256f3b004d37ce?OpenDocument","Tuscania I 1, I - Statuti dei comuni, 1423",1423,"Tuscania","Tuscania","Tuscania I 1, I - Statuti dei comuni, 1423",1423,"Tuscania",56052,"Tuscania",1,1423,NA,NA,NA,NA
"Tuscania","Tuscania","https://www.senato.it/w3/Biblioteca/catalogoDegliStatutiMedievali.nsf/de148d287da34e08c1256e4c002f1718/823be11f7133f45fc1256f3b004d37ce?OpenDocument","Tuscania I 1, I - Statuti dei comuni, 1423",1423,"Tuscania","Tuscania","Tuscania I 1, I - Statuti dei comuni, 1423",1423,"Tuscania",56052,"Tuscania",1,1423,NA,NA,NA,NA
"Tusculum","Tusculum","https://www.senato.it/w3/Biblioteca/catalogoDegliStatutiMedievali.nsf/de148d287da34e08c1256e4c002f1718/65d930c9c8c29a73c1256fa2005a2615?OpenDocument","Frascati II1 1, II 1 - Corporazioni",NA,"Frascati","Frascati","Frascati II1 1, II 1 - Corporazioni",NA,"Frascati",58039,"Frascati",1,NA,NA,NA,NA,NA
"Tybur","Tybur","https://www.senato.it/w3/Biblioteca/catalogoDegliStatutiMedievali.nsf/de148d287da34e08c1256e4c002f1718/55312b1e3a8088a2c1256f3b004d24aa?OpenDocument","Tivoli I 1, I - Statuti dei comuni, 1257-1455",1257,"Tivoli","Tivoli","Tivoli I 1, I - Statuti dei comuni, 1257-1455",1257,"Tivoli",58104,"Tivoli",1,1257,NA,NA,NA,NA
"Udine","Udine","https://www.senato.it/w3/Biblioteca/catalogoDegliStatutiMedievali.nsf/de148d287da34e08c1256e4c002f1718/267dcf610d97584ec1256f3b004d37fc?OpenDocument","Udine I 1, I - Statuti dei comuni, 1248",1248,"Udine","Udine","Udine I 1, I - Statuti dei comuni, 1248",1248,"Udine",30129,"Udine",1,1248,NA,NA,NA,NA
"Udregium","Udregium","https://www.senato.it/w3/Biblioteca/catalogoDegliStatutiMedievali.nsf/de148d287da34e08c1256e4c002f1718/b7923c09a192f806c1256fa40048d010?OpenDocument","Origgio I 1, I - Statuti dei comuni, 1228",1228,"Origgio","Origgio","Origgio I 1, I - Statuti dei comuni, 1228",1228,"Origgio",12109,"Origgio",1,1228,NA,NA,NA,NA
"Ugenia","Ugenia","https://www.senato.it/w3/Biblioteca/catalogoDegliStatutiMedievali.nsf/de148d287da34e08c1256e4c002f1718/e4c0f10147e44047c1256fa40048d96b?OpenDocument","Ozegna I 1, I - Statuti dei comuni, 1432-1458",1432,"Ozegna","Ozegna","Ozegna I 1, I - Statuti dei comuni, 1432-1458",1432,"Ozegna",1176,"Ozegna",1,1432,NA,NA,NA,NA
"Ugubio","Ugubio","https://www.senato.it/w3/Biblioteca/catalogoDegliStatutiMedievali.nsf/de148d287da34e08c1256e4c002f1718/fdc4a6a0497db419c1256fa2005a4f74?OpenDocument","Gubbio I 1, I - Statuti dei comuni, 1253-1287",1253,"Gubbio","Gubbio","Gubbio I 1, I - Statuti dei comuni, 1253-1287",1253,"Gubbio",54024,"Gubbio",1,1253,NA,NA,NA,NA
"Ulmeta","Ulmeta","https://www.senato.it/w3/Biblioteca/catalogoDegliStatutiMedievali.nsf/de148d287da34e08c1256e4c002f1718/388b1e02725a1198c1256fa40048d077?OpenDocument","Ormea I 1, I - Statuti dei comuni, 1291-1538",1291,"Ormea","Ormea","Ormea I 1, I - Statuti dei comuni, 1291-1538",1291,"Ormea",4155,"Ormea",1,1291,NA,NA,NA,NA
"Umbertide","Umbertide","https://www.senato.it/w3/Biblioteca/catalogoDegliStatutiMedievali.nsf/de148d287da34e08c1256e4c002f1718/eed7fe71f5ee309cc1256f3b004d3970?OpenDocument","Umbertide I 1, I - Statuti dei comuni, 1362-1521",1362,"Umbertide","Umbertide","Umbertide I 1, I - Statuti dei comuni, 1362-1521",1362,"Umbertide",54056,"Umbertide",1,1362,NA,NA,NA,NA
"Unagno","Unagno","https://www.senato.it/w3/Biblioteca/catalogoDegliStatutiMedievali.nsf/de148d287da34e08c1256e4c002f1718/c35f793c3a8af51bc1256fa40048ce94?OpenDocument","Onano I 1, I - Statuti dei comuni, 1561-1678",1561,"Onano","Onano","Onano I 1, I - Statuti dei comuni, 1561-1678",1561,"Onano",56040,"Onano",1,1561,NA,NA,NA,NA
"Untio","Untio","https://www.senato.it/w3/Biblioteca/catalogoDegliStatutiMedievali.nsf/de148d287da34e08c1256e4c002f1718/fd82fcb442780276c1256fa40048cee2?OpenDocument","Onzo I 1, I - Statuti dei comuni, 1580",1580,"Onzo","Onzo","Onzo I 1, I - Statuti dei comuni, 1580",1580,"Onzo",9043,"Onzo",1,1580,NA,NA,NA,NA
"Urbania","Urbania","https://www.senato.it/w3/Biblioteca/catalogoDegliStatutiMedievali.nsf/de148d287da34e08c1256e4c002f1718/57f5d6ec5f35564ac1256f3b004d397e?OpenDocument","Urbania I 1, I - Statuti dei comuni, 1595",1595,"Urbania","Urbania","Urbania I 1, I - Statuti dei comuni, 1595",1595,"Urbania",41066,"Urbania",1,1595,NA,NA,NA,NA
"Urbino","Urbino","https://www.senato.it/w3/Biblioteca/catalogoDegliStatutiMedievali.nsf/de148d287da34e08c1256e4c002f1718/2422cd2af8d5e545c1256f3b004d3997?OpenDocument","Urbino I 1, I - Statuti dei comuni, 1367 ante",1367,"Urbino","Urbino","Urbino I 1, I - Statuti dei comuni, 1367 ante",1367,"Urbino",41067,"Urbino",1,1367,NA,NA,NA,NA
"Urbinum","Urbinum","https://www.senato.it/w3/Biblioteca/catalogoDegliStatutiMedievali.nsf/de148d287da34e08c1256e4c002f1718/2422cd2af8d5e545c1256f3b004d3997?OpenDocument","Urbino I 1, I - Statuti dei comuni, 1367 ante",1367,"Urbino","Urbino","Urbino I 1, I - Statuti dei comuni, 1367 ante",1367,"Urbino",41067,"Urbino",1,1367,NA,NA,NA,NA
"Urbsvetus","Urbsvetus","https://www.senato.it/w3/Biblioteca/catalogoDegliStatutiMedievali.nsf/de148d287da34e08c1256e4c002f1718/07d1ac5f79b61b66c1256fa40048d33c?OpenDocument","Orvieto I 1, I - Statuti dei comuni, 1209-1220",1209,"Orvieto","Orvieto","Orvieto I 1, I - Statuti dei comuni, 1209-1220",1209,"Orvieto",55023,"Orvieto",1,1209,NA,NA,NA,NA
"Urceae Novae","Urceae Novae","https://www.senato.it/w3/Biblioteca/catalogoDegliStatutiMedievali.nsf/de148d287da34e08c1256e4c002f1718/e45397f17e5eec0ac1256fa40048d4f2?OpenDocument","Orzinuovi I 1, I - Statuti dei comuni, 1341-1387",1341,"Castel San Giorgio","Castel San Giorgio","Orzinuovi I 1, I - Statuti dei comuni, 1341-1387",1341,"Castel San Giorgio",65034,"Castel San Giorgio",1,1341,NA,NA,NA,NA
"Urceae Novae","Urceae Novae","https://www.senato.it/w3/Biblioteca/catalogoDegliStatutiMedievali.nsf/de148d287da34e08c1256e4c002f1718/e45397f17e5eec0ac1256fa40048d4f2?OpenDocument","Orzinuovi I 1, I - Statuti dei comuni, 1341-1387",1341,"Orzinuovi","Orzinuovi","Orzinuovi I 1, I - Statuti dei comuni, 1341-1387",1341,"Castel San Giorgio",65034,"Castel San Giorgio",1,1341,NA,NA,NA,NA
"Urcei","Urcei","https://www.senato.it/w3/Biblioteca/catalogoDegliStatutiMedievali.nsf/de148d287da34e08c1256e4c002f1718/e45397f17e5eec0ac1256fa40048d4f2?OpenDocument","Orzinuovi I 1, I - Statuti dei comuni, 1341-1387",1341,"Castel San Giorgio","Castel San Giorgio","Orzinuovi I 1, I - Statuti dei comuni, 1341-1387",1341,"Castel San Giorgio",65034,"Castel San Giorgio",1,1341,NA,NA,NA,NA
"Urcei","Urcei","https://www.senato.it/w3/Biblioteca/catalogoDegliStatutiMedievali.nsf/de148d287da34e08c1256e4c002f1718/e45397f17e5eec0ac1256fa40048d4f2?OpenDocument","Orzinuovi I 1, I - Statuti dei comuni, 1341-1387",1341,"Orzinuovi","Orzinuovi","Orzinuovi I 1, I - Statuti dei comuni, 1341-1387",1341,"Castel San Giorgio",65034,"Castel San Giorgio",1,1341,NA,NA,NA,NA
"Urigium","Urigium","https://www.senato.it/w3/Biblioteca/catalogoDegliStatutiMedievali.nsf/de148d287da34e08c1256e4c002f1718/b7923c09a192f806c1256fa40048d010?OpenDocument","Origgio I 1, I - Statuti dei comuni, 1228",1228,"Origgio","Origgio","Origgio I 1, I - Statuti dei comuni, 1228",1228,"Origgio",12109,"Origgio",1,1228,NA,NA,NA,NA
"Ursongia","Ursongia","https://www.senato.it/w3/Biblioteca/catalogoDegliStatutiMedievali.nsf/de148d287da34e08c1256e4c002f1718/cb9b3ec69a0cb53bc1256fa40048d127?OpenDocument","Orsogna I 1, I - Statuti dei comuni, sec. XIV-XVI",NA,"Orsogna","Orsogna","Orsogna I 1, I - Statuti dei comuni, sec. XIV-XVI",NA,"Orsogna",69057,"Orsogna",1,NA,NA,NA,NA,NA
"Ururi","Ururi","https://www.senato.it/w3/Biblioteca/catalogoDegliStatutiMedievali.nsf/de148d287da34e08c1256e4c002f1718/8c05ee20be655fb9c1256f3b004d3adf?OpenDocument","Ururi I 1, I - Statuti dei comuni, 1540",1540,"Ururi","Ururi","Ururi I 1, I - Statuti dei comuni, 1540",1540,"Ururi",70083,"Ururi",1,1540,NA,NA,NA,NA
"Ussita","Ussita","https://www.senato.it/w3/Biblioteca/catalogoDegliStatutiMedievali.nsf/de148d287da34e08c1256e4c002f1718/b066c07d0e898498c1256f3b004d3aed?OpenDocument","Ussita I 1, I - Statuti dei comuni, 1555",1555,"Ussita","Ussita","Ussita I 1, I - Statuti dei comuni, 1555",1555,"Ussita",43056,"Ussita",1,1555,NA,NA,NA,NA
"Utinum","Utinum","https://www.senato.it/w3/Biblioteca/catalogoDegliStatutiMedievali.nsf/de148d287da34e08c1256e4c002f1718/267dcf610d97584ec1256f3b004d37fc?OpenDocument","Udine I 1, I - Statuti dei comuni, 1248",1248,"Udine","Udine","Udine I 1, I - Statuti dei comuni, 1248",1248,"Udine",30129,"Udine",1,1248,NA,NA,NA,NA
"Utriculum","Utriculum","https://www.senato.it/w3/Biblioteca/catalogoDegliStatutiMedievali.nsf/de148d287da34e08c1256e4c002f1718/9b49c75c2b7eb14fc1256fa40048d8fa?OpenDocument","Otricoli I 1, I - Statuti dei comuni, 1576-1764",1576,"Otricoli","Otricoli","Otricoli I 1, I - Statuti dei comuni, 1576-1764",1576,"Otricoli",55024,"Otricoli",1,1576,NA,NA,NA,NA
"Uxita","Uxita","https://www.senato.it/w3/Biblioteca/catalogoDegliStatutiMedievali.nsf/de148d287da34e08c1256e4c002f1718/b066c07d0e898498c1256f3b004d3aed?OpenDocument","Ussita I 1, I - Statuti dei comuni, 1555",1555,"Ussita","Ussita","Ussita I 1, I - Statuti dei comuni, 1555",1555,"Ussita",43056,"Ussita",1,1555,NA,NA,NA,NA
"Valchiavenna","Valchiavenna","https://www.senato.it/w3/Biblioteca/catalogoDegliStatutiMedievali.nsf/de148d287da34e08c1256e4c002f1718/3b1ca1e27f369cefc1256f9a004919be?OpenDocument","Chiavenna I 1, I - Statuti dei comuni, 1311",1311,"Chiavenna","Chiavenna","Chiavenna I 1, I - Statuti dei comuni, 1311",1311,"Chiavenna",14018,"Chiavenna",1,1311,NA,NA,NA,NA
"Valle Averara","Valle Averara","https://www.senato.it/w3/Biblioteca/catalogoDegliStatutiMedievali.nsf/de148d287da34e08c1256e4c002f1718/892e5ac154e770aac1256f9a004062fe?OpenDocument","Averara I 1, I - Statuti dei comuni, 1313-1368",1313,"Averara","Averara","Averara I 1, I - Statuti dei comuni, 1313-1368",1313,"Averara",16014,"Averara",1,1313,NA,NA,NA,NA
"Valle Dianese","Valle Dianese","https://www.senato.it/w3/Biblioteca/catalogoDegliStatutiMedievali.nsf/de148d287da34e08c1256e4c002f1718/ecea025b67fb8a05c1256f9a0056f6ff?OpenDocument","Diano I 1, I - Statuti dei comuni, 1172-1177",1172,"Diano Arentino","Diano Arentino","Diano I 1, I - Statuti dei comuni, 1172-1177",1172,"Diano Arentino",8025,"Diano Arentino",1,1172,NA,NA,NA,NA
"Valle Dianese","Valle Dianese","https://www.senato.it/w3/Biblioteca/catalogoDegliStatutiMedievali.nsf/de148d287da34e08c1256e4c002f1718/ecea025b67fb8a05c1256f9a0056f6ff?OpenDocument","Diano I 1, I - Statuti dei comuni, 1172-1177",1172,"Diano Castello","Diano Castello","Diano I 1, I - Statuti dei comuni, 1172-1177",1172,"Diano Arentino",8025,"Diano Arentino",1,1172,NA,NA,NA,NA
"Valle Dianese","Valle Dianese","https://www.senato.it/w3/Biblioteca/catalogoDegliStatutiMedievali.nsf/de148d287da34e08c1256e4c002f1718/ecea025b67fb8a05c1256f9a0056f6ff?OpenDocument","Diano I 1, I - Statuti dei comuni, 1172-1177",1172,"Diano Marina","Diano Marina","Diano I 1, I - Statuti dei comuni, 1172-1177",1172,"Diano Arentino",8025,"Diano Arentino",1,1172,NA,NA,NA,NA
"Valle Dianese","Valle Dianese","https://www.senato.it/w3/Biblioteca/catalogoDegliStatutiMedievali.nsf/de148d287da34e08c1256e4c002f1718/ecea025b67fb8a05c1256f9a0056f6ff?OpenDocument","Diano I 1, I - Statuti dei comuni, 1172-1177",1172,"Diano San Pietro","Diano San Pietro","Diano I 1, I - Statuti dei comuni, 1172-1177",1172,"Diano Arentino",8025,"Diano Arentino",1,1172,NA,NA,NA,NA
"Valle Formazza","Valle Formazza","https://www.senato.it/w3/Biblioteca/catalogoDegliStatutiMedievali.nsf/de148d287da34e08c1256e4c002f1718/6614d6583cc16ceec1256fa2005a240b?OpenDocument","Formazza I 1, I - Statuti dei comuni, 1486-1759",1486,"Formazza","Formazza","Formazza I 1, I - Statuti dei comuni, 1486-1759",1486,"Formazza",103031,"Formazza",1,1486,NA,NA,NA,NA
"Varzio (Verscio)","Varzio (Verscio)","https://www.senato.it/w3/Biblioteca/catalogoDegliStatutiMedievali.nsf/de148d287da34e08c1256e4c002f1718/1655e0426b12f1f5c1256fa40048f6f8?OpenDocument","Pedemonte I 1, I - Statuti dei comuni, 1473-1500",1473,"Pedemonte","Pedemonte","Pedemonte I 1, I - Statuti dei comuni, 1473-1500",1473,"Pedemonte",24076,"Pedemonte",1,1473,NA,NA,NA,NA
"Vastalla","Vastalla","https://www.senato.it/w3/Biblioteca/catalogoDegliStatutiMedievali.nsf/de148d287da34e08c1256e4c002f1718/485491b998811ed4c1256fa2005a4e9f?OpenDocument","Guastalla I 1, I - Statuti dei comuni, 1227",1227,"Guastalla","Guastalla","Guastalla I 1, I - Statuti dei comuni, 1227",1227,"Guastalla",35024,"Guastalla",1,1227,NA,NA,NA,NA
"Villa di Chiesa","Villa di Chiesa","https://www.senato.it/w3/Biblioteca/catalogoDegliStatutiMedievali.nsf/de148d287da34e08c1256e4c002f1718/24a0358d04657bbbc1256fa2005a518a?OpenDocument","Iglesias I 1, I - Statuti dei comuni, 1327-1684",1327,"Iglesias","Iglesias","Iglesias I 1, I - Statuti dei comuni, 1327-1684",1327,"Iglesias",107009,"Iglesias",1,1327,NA,NA,NA,NA
"Volpino","Volpino","https://www.senato.it/w3/Biblioteca/catalogoDegliStatutiMedievali.nsf/de148d287da34e08c1256e4c002f1718/b245454027c3db5cc1256f9a0056e5e3?OpenDocument","Costa Volpino I 1, I - Statuti dei comuni, 1486-1595",1486,"Costa Volpino","Costa Volpino","Costa Volpino I 1, I - Statuti dei comuni, 1486-1595",1486,"Costa Volpino",16086,"Costa Volpino",1,1486,NA,NA,NA,NA
"Ymola","Ymola","https://www.senato.it/w3/Biblioteca/catalogoDegliStatutiMedievali.nsf/de148d287da34e08c1256e4c002f1718/b7a62709c0ef89abc1256fa2005a51cd?OpenDocument","Imola I 1, I - Statuti dei comuni, 1334-1578",1334,"Imola","Imola","Imola I 1, I - Statuti dei comuni, 1334-1578",1334,"Imola",37032,"Imola",1,1334,NA,NA,NA,NA
"Yporegia","Yporegia","https://www.senato.it/w3/Biblioteca/catalogoDegliStatutiMedievali.nsf/de148d287da34e08c1256e4c002f1718/ba1a1b0456b6966dc1256fa2005a56bd?OpenDocument","Ivrea I 1, I - Statuti dei comuni, 1213-1229",1213,"Ivrea","Ivrea","Ivrea I 1, I - Statuti dei comuni, 1213-1229",1213,"Ivrea",1125,"Ivrea",1,1213,NA,NA,NA,NA
"Yscla","Yscla","https://www.senato.it/w3/Biblioteca/catalogoDegliStatutiMedievali.nsf/de148d287da34e08c1256e4c002f1718/c5951d65cb7c3d9cc1256fa2005a5461?OpenDocument","Ischia I 1, I - Statuti dei comuni, 1492",1492,"Ischia","Ischia","Ischia I 1, I - Statuti dei comuni, 1492",1492,"Ischia",63037,"Ischia",1,1492,NA,NA,NA,NA
"Yssogne","Yssogne","https://www.senato.it/w3/Biblioteca/catalogoDegliStatutiMedievali.nsf/de148d287da34e08c1256e4c002f1718/8c0f9329f1af70a9c1256fa2005a5524?OpenDocument","Issogne I 1, I - Statuti dei comuni, 1284",1284,"Issogne","Issogne","Issogne I 1, I - Statuti dei comuni, 1284",1284,"Issogne",7037,"Issogne",1,1284,NA,NA,NA,NA
"Yssyognia","Yssyognia","https://www.senato.it/w3/Biblioteca/catalogoDegliStatutiMedievali.nsf/de148d287da34e08c1256e4c002f1718/8c0f9329f1af70a9c1256fa2005a5524?OpenDocument","Issogne I 1, I - Statuti dei comuni, 1284",1284,"Issogne","Issogne","Issogne I 1, I - Statuti dei comuni, 1284",1284,"Issogne",7037,"Issogne",1,1284,NA,NA,NA,NA
"Zecima","Zecima","https://www.senato.it/w3/Biblioteca/catalogoDegliStatutiMedievali.nsf/de148d287da34e08c1256e4c002f1718/0327ee231a4de741c1256f9a0056d759?OpenDocument","Cecima I 1, I - Statuti dei comuni, 1419-1467",1419,"Cecima","Cecima","Cecima I 1, I - Statuti dei comuni, 1419-1467",1419,"Cecima",18042,"Cecima",1,1419,NA,NA,NA,NA
"Zimbario","Zimbario","https://www.senato.it/w3/Biblioteca/catalogoDegliStatutiMedievali.nsf/de148d287da34e08c1256e4c002f1718/c9aa8e426c79e0c0c1256fac00404eea?OpenDocument","Simbario I 1, I - Statuti dei comuni, 1493",1493,"Simbario","Simbario","Simbario I 1, I - Statuti dei comuni, 1493",1493,"Simbario",102038,"Simbario",1,1493,NA,NA,NA,NA
NA,NA,"https://www.senato.it/w3/Biblioteca/catalogoDegliStatutiMedievali.nsf/de148d287da34e08c1256e4c002f1718/0039b2bc835c8aafc1256f40003d00d3?OpenDocument",NA,NA,NA,NA,NA,NA,NA,NA,NA,NA,NA,"Tutiano, Todiano (Preci)","Preci","54043",""
NA,NA,"https://www.senato.it/w3/Biblioteca/catalogoDegliStatutiMedievali.nsf/de148d287da34e08c1256e4c002f1718/014c3fdc5af6a189c1256f3b004d2391?OpenDocument",NA,NA,NA,NA,NA,NA,NA,NA,NA,NA,NA,"Thonon-les-Bains","#VALUE!","","Y"
NA,NA,"https://www.senato.it/w3/Biblioteca/catalogoDegliStatutiMedievali.nsf/de148d287da34e08c1256e4c002f1718/0152d520b5154dacc1256f9a00422877?OpenDocument",NA,NA,NA,NA,NA,NA,NA,NA,NA,NA,NA,"Batignano (Grosseto)","Grosseto","53011",""
NA,NA,"https://www.senato.it/w3/Biblioteca/catalogoDegliStatutiMedievali.nsf/de148d287da34e08c1256e4c002f1718/01548815d33db1ecc1256f3b004d26e3?OpenDocument",NA,NA,NA,NA,NA,NA,NA,NA,NA,NA,NA,"Tonda (Montaione)","Montaione","48027",""
NA,NA,"https://www.senato.it/w3/Biblioteca/catalogoDegliStatutiMedievali.nsf/de148d287da34e08c1256e4c002f1718/02664407319e54c9c1256fac00498591?OpenDocument",NA,NA,NA,NA,NA,NA,NA,NA,NA,NA,NA,"Trentino Alto Adige","#VALUE!","",""
NA,NA,"https://www.senato.it/w3/Biblioteca/catalogoDegliStatutiMedievali.nsf/de148d287da34e08c1256e4c002f1718/032ba217f867e617c1256fac00401954?OpenDocument",NA,NA,NA,NA,NA,NA,NA,NA,NA,NA,NA,"Sanctus Michael De Clusa, San Michele della Chiusa, Sacra di San Michele (Chiusa di San Michele)","Chiusa di San Michele","1081",""
NA,NA,"https://www.senato.it/w3/Biblioteca/catalogoDegliStatutiMedievali.nsf/de148d287da34e08c1256e4c002f1718/03480de3a5583aacc1256f9a00428292?OpenDocument",NA,NA,NA,NA,NA,NA,NA,NA,NA,NA,NA,"Budua","#VALUE!","","Y"
NA,NA,"https://www.senato.it/w3/Biblioteca/catalogoDegliStatutiMedievali.nsf/de148d287da34e08c1256e4c002f1718/03fabcaf2148976bc1256fa3005fd6b2?OpenDocument",NA,NA,NA,NA,NA,NA,NA,NA,NA,NA,NA,"Maranola (Formia)","Formia","59008",""
NA,NA,"https://www.senato.it/w3/Biblioteca/catalogoDegliStatutiMedievali.nsf/de148d287da34e08c1256e4c002f1718/044718c63768e851c1256fa4004920ef?OpenDocument",NA,NA,NA,NA,NA,NA,NA,NA,NA,NA,NA,"Portovecchio (Portogruaro)","Portogruaro","27029",""
NA,NA,"https://www.senato.it/w3/Biblioteca/catalogoDegliStatutiMedievali.nsf/de148d287da34e08c1256e4c002f1718/04c7ecd8bf060bd9c1256fa2005a4be2?OpenDocument",NA,NA,NA,NA,NA,NA,NA,NA,NA,NA,NA,"Gromtaleggio, Gromfaleggio (Pontida)","Pontida","16171",""
NA,NA,"https://www.senato.it/w3/Biblioteca/catalogoDegliStatutiMedievali.nsf/de148d287da34e08c1256e4c002f1718/05cf166494f8367ac1256fa400491cff?OpenDocument",NA,NA,NA,NA,NA,NA,NA,NA,NA,NA,NA,"Pontenano (Talla)","Talla","51038",""
NA,NA,"https://www.senato.it/w3/Biblioteca/catalogoDegliStatutiMedievali.nsf/de148d287da34e08c1256e4c002f1718/0608747a0b58826fc1256fa2005a301e?OpenDocument",NA,NA,NA,NA,NA,NA,NA,NA,NA,NA,NA,"Gardesana dall'Acqua","#VALUE!","","Y"
NA,NA,"https://www.senato.it/w3/Biblioteca/catalogoDegliStatutiMedievali.nsf/de148d287da34e08c1256e4c002f1718/065ffcb6ec8b392cc1256fa300601fe8?OpenDocument",NA,NA,NA,NA,NA,NA,NA,NA,NA,NA,NA,"Montecastello (Pontedera)","Pontedera","50029",""
NA,NA,"https://www.senato.it/w3/Biblioteca/catalogoDegliStatutiMedievali.nsf/de148d287da34e08c1256e4c002f1718/06736198c83d8e03c1256fa3005fcd54?OpenDocument",NA,NA,NA,NA,NA,NA,NA,NA,NA,NA,NA,"Terre Arnolfe, Terranolfa, Macerino (Acquasparta)","Acquasparta","55001",""
NA,NA,"https://www.senato.it/w3/Biblioteca/catalogoDegliStatutiMedievali.nsf/de148d287da34e08c1256e4c002f1718/07d37dcfb64a442cc1256fa2005a06ab?OpenDocument",NA,NA,NA,NA,NA,NA,NA,NA,NA,NA,NA,"Figline Valdarno (Figline e Incisa Valdarno), Fighinum","Figline e Incisa Valdarno","48052",""
NA,NA,"https://www.senato.it/w3/Biblioteca/catalogoDegliStatutiMedievali.nsf/de148d287da34e08c1256e4c002f1718/08018dfc64476d43c1256f9a0054ce6e?OpenDocument",NA,NA,NA,NA,NA,NA,NA,NA,NA,NA,NA,"Collaltum, Collalto (Susegana)","Susegana","26083",""
NA,NA,"https://www.senato.it/w3/Biblioteca/catalogoDegliStatutiMedievali.nsf/de148d287da34e08c1256e4c002f1718/087c8c2e22994a6cc1256fa3005fe159?OpenDocument",NA,NA,NA,NA,NA,NA,NA,NA,NA,NA,NA,"Mazzorbo (Venezia), Mazorbo, Maiurbium","Venezia","27042",""
NA,NA,"https://www.senato.it/w3/Biblioteca/catalogoDegliStatutiMedievali.nsf/de148d287da34e08c1256e4c002f1718/08e54346d955f217c1256f9a0056f581?OpenDocument",NA,NA,NA,NA,NA,NA,NA,NA,NA,NA,NA,"Dezanum, Dezano, Deggiano","Commezzadura","22064",""
NA,NA,"https://www.senato.it/w3/Biblioteca/catalogoDegliStatutiMedievali.nsf/de148d287da34e08c1256e4c002f1718/094bebb3ccc57387c1256f40005bcca1?OpenDocument",NA,NA,NA,NA,NA,NA,NA,NA,NA,NA,NA,"Tierno (Mori), Thierno","Mori","22123",""
NA,NA,"https://www.senato.it/w3/Biblioteca/catalogoDegliStatutiMedievali.nsf/de148d287da34e08c1256e4c002f1718/095f19259b407f4dc1256fa400490b63?OpenDocument",NA,NA,NA,NA,NA,NA,NA,NA,NA,NA,NA,"Torre di Piancastello, Plananum, Pian di Castello (Mercatino Conca)","Mercatino Conca","41026",""
NA,NA,"https://www.senato.it/w3/Biblioteca/catalogoDegliStatutiMedievali.nsf/de148d287da34e08c1256e4c002f1718/0964765be2557aeac1256fac00402cc4?OpenDocument",NA,NA,NA,NA,NA,NA,NA,NA,NA,NA,NA,"San Vito all'Incisa (Incisa in Val d'Arno), San Vito all'Ancisa","Figline e Incisa Valdarno","48052",""
NA,NA,"https://www.senato.it/w3/Biblioteca/catalogoDegliStatutiMedievali.nsf/de148d287da34e08c1256e4c002f1718/0987361c7e54b065c1256f3b004d23a5?OpenDocument",NA,NA,NA,NA,NA,NA,NA,NA,NA,NA,NA,"Tiarno di Sotto","Ledro","22229",""
NA,NA,"https://www.senato.it/w3/Biblioteca/catalogoDegliStatutiMedievali.nsf/de148d287da34e08c1256e4c002f1718/0a1215445561b7dec1256fa40048d982?OpenDocument",NA,NA,NA,NA,NA,NA,NA,NA,NA,NA,NA,"Pardrignonum, Padergnone","Vallelaghi","22248",""
NA,NA,"https://www.senato.it/w3/Biblioteca/catalogoDegliStatutiMedievali.nsf/de148d287da34e08c1256e4c002f1718/0aa4618d69ba4344c1256fa300602e98?OpenDocument",NA,NA,NA,NA,NA,NA,NA,NA,NA,NA,NA,"Montona","#VALUE!","","Y"
NA,NA,"https://www.senato.it/w3/Biblioteca/catalogoDegliStatutiMedievali.nsf/de148d287da34e08c1256e4c002f1718/0ab0f482ebaf9837c1256f9a0047c582?OpenDocument",NA,NA,NA,NA,NA,NA,NA,NA,NA,NA,NA,"Casalpoglio (Castel Goffredo)","Castel Goffredo","20015",""
NA,NA,"https://www.senato.it/w3/Biblioteca/catalogoDegliStatutiMedievali.nsf/de148d287da34e08c1256e4c002f1718/0b35086ba3e3532fc1256fac00402ec0?OpenDocument",NA,NA,NA,NA,NA,NA,NA,NA,NA,NA,NA,"Santa Maria a Toro (San Nicola Manfredi)","San Nicola Manfredi","62067",""
NA,NA,"https://www.senato.it/w3/Biblioteca/catalogoDegliStatutiMedievali.nsf/de148d287da34e08c1256e4c002f1718/0b596d003e4f9099c1256f9a004233a5?OpenDocument",NA,NA,NA,NA,NA,NA,NA,NA,NA,NA,NA,"Biasca, Ariasca","#VALUE!","","Y"
NA,NA,"https://www.senato.it/w3/Biblioteca/catalogoDegliStatutiMedievali.nsf/de148d287da34e08c1256e4c002f1718/0c3f050ff1c1db7ec1256fac003ef18f?OpenDocument",NA,NA,NA,NA,NA,NA,NA,NA,NA,NA,NA,"Riviera, Rivera, Riperia, Reffier","#VALUE!","","Y"
NA,NA,"https://www.senato.it/w3/Biblioteca/catalogoDegliStatutiMedievali.nsf/de148d287da34e08c1256e4c002f1718/0c42f8ec35e1f0f6c1256fa40048d2fa?OpenDocument",NA,NA,NA,NA,NA,NA,NA,NA,NA,NA,NA,"Orturano (Bagnone in Lunigiana)","Bagnone","45002",""
NA,NA,"https://www.senato.it/w3/Biblioteca/catalogoDegliStatutiMedievali.nsf/de148d287da34e08c1256e4c002f1718/0c7e6c7b7eacb434c1256fac003ee38d?OpenDocument",NA,NA,NA,NA,NA,NA,NA,NA,NA,NA,NA,"Rapolano","Rapolano Terme","52026",""
NA,NA,"https://www.senato.it/w3/Biblioteca/catalogoDegliStatutiMedievali.nsf/de148d287da34e08c1256e4c002f1718/0c93d546d0cd8798c1256fac0040283a?OpenDocument",NA,NA,NA,NA,NA,NA,NA,NA,NA,NA,NA,"San Leucio (Caserta)","Caserta","61022",""
NA,NA,"https://www.senato.it/w3/Biblioteca/catalogoDegliStatutiMedievali.nsf/de148d287da34e08c1256e4c002f1718/0cfb5ba3421c73d7c1256fa300601d47?OpenDocument",NA,NA,NA,NA,NA,NA,NA,NA,NA,NA,NA,"Montalto (Premilcuore)","Premilcuore","40033",""
NA,NA,"https://www.senato.it/w3/Biblioteca/catalogoDegliStatutiMedievali.nsf/de148d287da34e08c1256e4c002f1718/0d7c1029d77135bdc1256fa2005a0561?OpenDocument",NA,NA,NA,NA,NA,NA,NA,NA,NA,NA,NA,"Fiano (Pescaglia)","Pescaglia","46022",""
NA,NA,"https://www.senato.it/w3/Biblioteca/catalogoDegliStatutiMedievali.nsf/de148d287da34e08c1256e4c002f1718/0dad3aa0456319dec1256fa3006020cb?OpenDocument",NA,NA,NA,NA,NA,NA,NA,NA,NA,NA,NA,"Montechiaro D'Arbia (Siena), Mons Clarus","Siena","52032",""
NA,NA,"https://www.senato.it/w3/Biblioteca/catalogoDegliStatutiMedievali.nsf/de148d287da34e08c1256e4c002f1718/0e5083c00288d557c1256fa3005fe17e?OpenDocument",NA,NA,NA,NA,NA,NA,NA,NA,NA,NA,NA,"Medeglia","#VALUE!","","Y"
NA,NA,"https://www.senato.it/w3/Biblioteca/catalogoDegliStatutiMedievali.nsf/de148d287da34e08c1256e4c002f1718/0f236c6455fc64e3c1256fa300603098?OpenDocument",NA,NA,NA,NA,NA,NA,NA,NA,NA,NA,NA,"Mosio (Acquanegra sul Chiese)","Acquanegra sul Chiese","020001",""
NA,NA,"https://www.senato.it/w3/Biblioteca/catalogoDegliStatutiMedievali.nsf/de148d287da34e08c1256e4c002f1718/0fc2f17c48e5a5d3c1256fa40049192a?OpenDocument",NA,NA,NA,NA,NA,NA,NA,NA,NA,NA,NA,"Pittigon (Forno di Canale)","Forno di Canale","25023",""
NA,NA,"https://www.senato.it/w3/Biblioteca/catalogoDegliStatutiMedievali.nsf/de148d287da34e08c1256e4c002f1718/10770b9e99a4bd5dc1256f9a00428112?OpenDocument",NA,NA,NA,NA,NA,NA,NA,NA,NA,NA,NA,"Brissago","#VALUE!","","Y"
NA,NA,"https://www.senato.it/w3/Biblioteca/catalogoDegliStatutiMedievali.nsf/de148d287da34e08c1256e4c002f1718/10837c0d93c8703fc1256fac003ef303?OpenDocument",NA,NA,NA,NA,NA,NA,NA,NA,NA,NA,NA,"Roccatagliata (Neirone)","Neirone","10041",""
NA,NA,"https://www.senato.it/w3/Biblioteca/catalogoDegliStatutiMedievali.nsf/de148d287da34e08c1256e4c002f1718/10f77f14aefc46a1c1256f3b004d2b5c?OpenDocument",NA,NA,NA,NA,NA,NA,NA,NA,NA,NA,NA,"Torre Alfina (Acquapendente)","Acquapendente","56001",""
NA,NA,"https://www.senato.it/w3/Biblioteca/catalogoDegliStatutiMedievali.nsf/de148d287da34e08c1256e4c002f1718/11d78a4454accc14c1256fac004050be?OpenDocument",NA,NA,NA,NA,NA,NA,NA,NA,NA,NA,NA,"Sonvigo, Sonvico, Sonvichum","Sarentino","21086",""
NA,NA,"https://www.senato.it/w3/Biblioteca/catalogoDegliStatutiMedievali.nsf/de148d287da34e08c1256e4c002f1718/125bc88cb8e6455bc1256fa300602e67?OpenDocument",NA,NA,NA,NA,NA,NA,NA,NA,NA,NA,NA,"Montilium, Montiglio","Montiglio Monferrato","5121",""
NA,NA,"https://www.senato.it/w3/Biblioteca/catalogoDegliStatutiMedievali.nsf/de148d287da34e08c1256e4c002f1718/12f7184eb066d3ebc1256f9a0047d08d?OpenDocument",NA,NA,NA,NA,NA,NA,NA,NA,NA,NA,NA,"Castrumnovum, Castelnuovo dell'Abate (Affi)","Affi","23001",""
NA,NA,"https://www.senato.it/w3/Biblioteca/catalogoDegliStatutiMedievali.nsf/de148d287da34e08c1256e4c002f1718/1374aa1ac0699634c1256f9a0054cce8?OpenDocument",NA,NA,NA,NA,NA,NA,NA,NA,NA,NA,NA,"Cluses","#VALUE!","","Y"
NA,NA,"https://www.senato.it/w3/Biblioteca/catalogoDegliStatutiMedievali.nsf/de148d287da34e08c1256e4c002f1718/1387c8373280a53cc1256f9a0047c2c2?OpenDocument",NA,NA,NA,NA,NA,NA,NA,NA,NA,NA,NA,"Carpugnino (Brovello Carpugnino)","Brovello Carpugnino","103013",""
NA,NA,"https://www.senato.it/w3/Biblioteca/catalogoDegliStatutiMedievali.nsf/de148d287da34e08c1256e4c002f1718/13a44467b5285f68c1256fac00402a77?OpenDocument",NA,NA,NA,NA,NA,NA,NA,NA,NA,NA,NA,"Sanctus Peregrinus, San Pellegrino (Gualdo Tadino)","Gualdo Tadino","054023",""
NA,NA,"https://www.senato.it/w3/Biblioteca/catalogoDegliStatutiMedievali.nsf/de148d287da34e08c1256e4c002f1718/13ca11437702c5f3c1256fa3005fcfef?OpenDocument",NA,NA,NA,NA,NA,NA,NA,NA,NA,NA,NA,"Malta","#VALUE!","","Y"
NA,NA,"https://www.senato.it/w3/Biblioteca/catalogoDegliStatutiMedievali.nsf/de148d287da34e08c1256e4c002f1718/1457776c4ba71b8dc1256fa300601532?OpenDocument",NA,NA,NA,NA,NA,NA,NA,NA,NA,NA,NA,"Momiano, Mimilianum","#VALUE!","","Y"
NA,NA,"https://www.senato.it/w3/Biblioteca/catalogoDegliStatutiMedievali.nsf/de148d287da34e08c1256e4c002f1718/1537882a5143835ec1256fac003eef8e?OpenDocument",NA,NA,NA,NA,NA,NA,NA,NA,NA,NA,NA,"Riviera di Salò, Riviera Brisense, Riviera Benacense, Ripperia","https://it.wikipedia.org/wiki/Riviera_di_Sal%C3%B2","",""
NA,NA,"https://www.senato.it/w3/Biblioteca/catalogoDegliStatutiMedievali.nsf/de148d287da34e08c1256e4c002f1718/154245cfa2fdbdf5c1256f9a0056d9a5?OpenDocument",NA,NA,NA,NA,NA,NA,NA,NA,NA,NA,NA,"Ceppato (Casciana Terme), Bagni di Casciana","Casciana Terme Lari","050040",""
NA,NA,"https://www.senato.it/w3/Biblioteca/catalogoDegliStatutiMedievali.nsf/de148d287da34e08c1256e4c002f1718/16406f76dc5c79ccc1256fa3005fe38d?OpenDocument",NA,NA,NA,NA,NA,NA,NA,NA,NA,NA,NA,"Mijet, Melleda, Melita, Melida, Meleda","#VALUE!","","Y"
NA,NA,"https://www.senato.it/w3/Biblioteca/catalogoDegliStatutiMedievali.nsf/de148d287da34e08c1256e4c002f1718/1653643f36d0a888c1256f9a0047b26c?OpenDocument",NA,NA,NA,NA,NA,NA,NA,NA,NA,NA,NA,"Campagna e Marittima","https://it.wikipedia.org/wiki/Campagna_e_Marittima","",""
NA,NA,"https://www.senato.it/w3/Biblioteca/catalogoDegliStatutiMedievali.nsf/de148d287da34e08c1256e4c002f1718/16932ea892de4302c1256fac00405158?OpenDocument",NA,NA,NA,NA,NA,NA,NA,NA,NA,NA,NA,"Sovana","Sorano","53026",""
NA,NA,"https://www.senato.it/w3/Biblioteca/catalogoDegliStatutiMedievali.nsf/de148d287da34e08c1256e4c002f1718/16a70b07578adc41c1256fa3005fbb46?OpenDocument",NA,NA,NA,NA,NA,NA,NA,NA,NA,NA,NA,"Lucca di Giupana, Luca di Giuppana","#VALUE!","","Y"
NA,NA,"https://www.senato.it/w3/Biblioteca/catalogoDegliStatutiMedievali.nsf/de148d287da34e08c1256e4c002f1718/16f485515a34be84c1256f3b004d21e2?OpenDocument",NA,NA,NA,NA,NA,NA,NA,NA,NA,NA,NA,"Tenda","#VALUE!","","Y"
NA,NA,"https://www.senato.it/w3/Biblioteca/catalogoDegliStatutiMedievali.nsf/de148d287da34e08c1256e4c002f1718/171cf05601b5d8f0c1256fa300601976?OpenDocument",NA,NA,NA,NA,NA,NA,NA,NA,NA,NA,NA,"Monêtier les Bains, Le Monêtier les Bains","#VALUE!","","Y"
NA,NA,"https://www.senato.it/w3/Biblioteca/catalogoDegliStatutiMedievali.nsf/de148d287da34e08c1256e4c002f1718/17a29057333191ebc1256fa2005a2ff0?OpenDocument",NA,NA,NA,NA,NA,NA,NA,NA,NA,NA,NA,"Ganzanigo (Medicina)","Medicina","37037",""
NA,NA,"https://www.senato.it/w3/Biblioteca/catalogoDegliStatutiMedievali.nsf/de148d287da34e08c1256e4c002f1718/17b746f1dba6f8c2c1256fa300601a7e?OpenDocument",NA,NA,NA,NA,NA,NA,NA,NA,NA,NA,NA,"Mongiovino (Panicale)","Panicale","54037",""
NA,NA,"https://www.senato.it/w3/Biblioteca/catalogoDegliStatutiMedievali.nsf/de148d287da34e08c1256e4c002f1718/17d030a7627d2ba1c1256fa40048e88e?OpenDocument",NA,NA,NA,NA,NA,NA,NA,NA,NA,NA,NA,"Parlascio e Ceppato (Casciana Terme)","Casciana Terme Lari","050040",""
NA,NA,"https://www.senato.it/w3/Biblioteca/catalogoDegliStatutiMedievali.nsf/de148d287da34e08c1256e4c002f1718/187383c89f42d61ac1256f9a0056e712?OpenDocument",NA,NA,NA,NA,NA,NA,NA,NA,NA,NA,NA,"Custoza, Costozza (Longare), Castelcovolo","Longare","024051",""
NA,NA,"https://www.senato.it/w3/Biblioteca/catalogoDegliStatutiMedievali.nsf/de148d287da34e08c1256e4c002f1718/19564a4cdf16e95cc1256f9a00405a87?OpenDocument",NA,NA,NA,NA,NA,NA,NA,NA,NA,NA,NA,"Arcetum, Arceto (Scandiano)","Scandiano","35040",""
NA,NA,"https://www.senato.it/w3/Biblioteca/catalogoDegliStatutiMedievali.nsf/de148d287da34e08c1256e4c002f1718/19c00781817b30aec1256fa2005a264f?OpenDocument",NA,NA,NA,NA,NA,NA,NA,NA,NA,NA,NA,"Friburgo, Fribourg","#VALUE!","","Y"
NA,NA,"https://www.senato.it/w3/Biblioteca/catalogoDegliStatutiMedievali.nsf/de148d287da34e08c1256e4c002f1718/19fe85c701cc6185c1256fa2005a5323?OpenDocument",NA,NA,NA,NA,NA,NA,NA,NA,NA,NA,NA,"Intrum, Intra (Verbania)","Verbania","103072",""
NA,NA,"https://www.senato.it/w3/Biblioteca/catalogoDegliStatutiMedievali.nsf/de148d287da34e08c1256e4c002f1718/1b4dd12c28798032c1256fac0040220c?OpenDocument",NA,NA,NA,NA,NA,NA,NA,NA,NA,NA,NA,"Sant'Agostino","Terre del Reno","38028",""
NA,NA,"https://www.senato.it/w3/Biblioteca/catalogoDegliStatutiMedievali.nsf/de148d287da34e08c1256e4c002f1718/1b8d2877cf9d1e66c1256f9a0042350b?OpenDocument",NA,NA,NA,NA,NA,NA,NA,NA,NA,NA,NA,"Billio, Bilio (Bagnone in Lunigiana), Biglio","Bagnone","045002",""
NA,NA,"https://www.senato.it/w3/Biblioteca/catalogoDegliStatutiMedievali.nsf/de148d287da34e08c1256e4c002f1718/1bfaf39d9070e47dc1256fa400491ea5?OpenDocument",NA,NA,NA,NA,NA,NA,NA,NA,NA,NA,NA,"Popoli","Popoli Terme","68033",""
NA,NA,"https://www.senato.it/w3/Biblioteca/catalogoDegliStatutiMedievali.nsf/de148d287da34e08c1256e4c002f1718/1cfd5f7d530f15f6c1256f9a0049223d?OpenDocument",NA,NA,NA,NA,NA,NA,NA,NA,NA,NA,NA,"Cicolano","#VALUE!","","uncertain"
NA,NA,"https://www.senato.it/w3/Biblioteca/catalogoDegliStatutiMedievali.nsf/de148d287da34e08c1256e4c002f1718/1d0f52a0f45e8cdbc1256fa3005fe3af?OpenDocument",NA,NA,NA,NA,NA,NA,NA,NA,NA,NA,NA,"Mendrisio","#VALUE!","","Y"
NA,NA,"https://www.senato.it/w3/Biblioteca/catalogoDegliStatutiMedievali.nsf/de148d287da34e08c1256e4c002f1718/1d1c6397f9765195c1256fa40048cd09?OpenDocument",NA,NA,NA,NA,NA,NA,NA,NA,NA,NA,NA,"Nozzano (Lucca), Nossanum","Lucca","46017",""
NA,NA,"https://www.senato.it/w3/Biblioteca/catalogoDegliStatutiMedievali.nsf/de148d287da34e08c1256e4c002f1718/1d87bde4bcfb14d6c1256f9a0056f80e?OpenDocument",NA,NA,NA,NA,NA,NA,NA,NA,NA,NA,NA,"Dignano d'Istria","#VALUE!","","Y"
NA,NA,"https://www.senato.it/w3/Biblioteca/catalogoDegliStatutiMedievali.nsf/de148d287da34e08c1256e4c002f1718/1d87c6ecf83cecdec1256fa400490e48?OpenDocument",NA,NA,NA,NA,NA,NA,NA,NA,NA,NA,NA,"Pinguente","#VALUE!","","Y"
NA,NA,"https://www.senato.it/w3/Biblioteca/catalogoDegliStatutiMedievali.nsf/de148d287da34e08c1256e4c002f1718/1d8ba2c6fad86ec8c1256f9a0049196c?OpenDocument",NA,NA,NA,NA,NA,NA,NA,NA,NA,NA,NA,"Chianti","#VALUE!","","uncertain"
NA,NA,"https://www.senato.it/w3/Biblioteca/catalogoDegliStatutiMedievali.nsf/de148d287da34e08c1256e4c002f1718/1d917651ba2ad8a6c1256f40003d13d0?OpenDocument",NA,NA,NA,NA,NA,NA,NA,NA,NA,NA,NA,"Trasimeno (Lago)","Lago","","uncertain"
NA,NA,"https://www.senato.it/w3/Biblioteca/catalogoDegliStatutiMedievali.nsf/de148d287da34e08c1256e4c002f1718/1d9d3c10e6979fb5c1256fa400490302?OpenDocument",NA,NA,NA,NA,NA,NA,NA,NA,NA,NA,NA,"Pesey","#VALUE!","","Y"
NA,NA,"https://www.senato.it/w3/Biblioteca/catalogoDegliStatutiMedievali.nsf/de148d287da34e08c1256e4c002f1718/1ddf0c3ba9e6925bc1256fa40048c60f?OpenDocument",NA,NA,NA,NA,NA,NA,NA,NA,NA,NA,NA,"Nicola (Ortonovo), Nichola","Luni","11020",""
NA,NA,"https://www.senato.it/w3/Biblioteca/catalogoDegliStatutiMedievali.nsf/de148d287da34e08c1256e4c002f1718/1e1113ad466ebba9c1256fac003efbce?OpenDocument",NA,NA,NA,NA,NA,NA,NA,NA,NA,NA,NA,"Ruvigno, Ruginio, Rubinun, Rovigno, Revigno","#VALUE!","","Y"
NA,NA,"https://www.senato.it/w3/Biblioteca/catalogoDegliStatutiMedievali.nsf/de148d287da34e08c1256e4c002f1718/1e6932b3eeda4b43c1256fa4004920b6?OpenDocument",NA,NA,NA,NA,NA,NA,NA,NA,NA,NA,NA,"Portus Mauritii, Porto Maurizio","Imperia","8031",""
NA,NA,"https://www.senato.it/w3/Biblioteca/catalogoDegliStatutiMedievali.nsf/de148d287da34e08c1256e4c002f1718/1ed4e89070945d94c1256f40005bccc5?OpenDocument",NA,NA,NA,NA,NA,NA,NA,NA,NA,NA,NA,"Torri in Val di Pesa","San Casciano in Val di Pesa","48038","uncertain"
NA,NA,"https://www.senato.it/w3/Biblioteca/catalogoDegliStatutiMedievali.nsf/de148d287da34e08c1256e4c002f1718/1ff514e1132f6e63c1256f9a0056d667?OpenDocument",NA,NA,NA,NA,NA,NA,NA,NA,NA,NA,NA,"Cava dei Tirreni","Cava de' Tirreni","65037",""
NA,NA,"https://www.senato.it/w3/Biblioteca/catalogoDegliStatutiMedievali.nsf/de148d287da34e08c1256e4c002f1718/20285acd5b2419c4c1256fa2005a4b84?OpenDocument",NA,NA,NA,NA,NA,NA,NA,NA,NA,NA,NA,"Gravosium, Gravosa","#VALUE!","","Y"
NA,NA,"https://www.senato.it/w3/Biblioteca/catalogoDegliStatutiMedievali.nsf/de148d287da34e08c1256e4c002f1718/20b09fc51083ef73c1256f9a0056f8ba?OpenDocument",NA,NA,NA,NA,NA,NA,NA,NA,NA,NA,NA,"Zaton, Saton, Dolli, Doli","#VALUE!","","Y"
NA,NA,"https://www.senato.it/w3/Biblioteca/catalogoDegliStatutiMedievali.nsf/de148d287da34e08c1256e4c002f1718/21578c771be0f7c7c1256fa40048d0e9?OpenDocument",NA,NA,NA,NA,NA,NA,NA,NA,NA,NA,NA,"Orsera, Orsara dell'Istria","#VALUE!","","Y"
NA,NA,"https://www.senato.it/w3/Biblioteca/catalogoDegliStatutiMedievali.nsf/de148d287da34e08c1256e4c002f1718/21db7d9c1937e26dc1256f3b004d2c7c?OpenDocument",NA,NA,NA,NA,NA,NA,NA,NA,NA,NA,NA,"Tuscinianum, Tossignano (Borgo Tossignano)","Borgo Tossignano","37007",""
NA,NA,"https://www.senato.it/w3/Biblioteca/catalogoDegliStatutiMedievali.nsf/de148d287da34e08c1256e4c002f1718/227dada3f3929bddc1256fa2005a48e5?OpenDocument",NA,NA,NA,NA,NA,NA,NA,NA,NA,NA,NA,"Zuppana, Giuppana, Giupana","#VALUE!","","Y"
NA,NA,"https://www.senato.it/w3/Biblioteca/catalogoDegliStatutiMedievali.nsf/de148d287da34e08c1256e4c002f1718/245ba854c5579696c1256fa300600a82?OpenDocument",NA,NA,NA,NA,NA,NA,NA,NA,NA,NA,NA,"Mocoscizza, Moccosizza","#VALUE!","","Y"
NA,NA,"https://www.senato.it/w3/Biblioteca/catalogoDegliStatutiMedievali.nsf/de148d287da34e08c1256e4c002f1718/25ad058a3a4b1b9bc1256f9a0047b5f2?OpenDocument",NA,NA,NA,NA,NA,NA,NA,NA,NA,NA,NA,"Canali, Canale (Avigliano)","Avigliano","76007",""
NA,NA,"https://www.senato.it/w3/Biblioteca/catalogoDegliStatutiMedievali.nsf/de148d287da34e08c1256e4c002f1718/2621d83bbc198b48c125708900344739?OpenDocument",NA,NA,NA,NA,NA,NA,NA,NA,NA,NA,NA,"Evian-les-Bains","#VALUE!","","Y"
NA,NA,"https://www.senato.it/w3/Biblioteca/catalogoDegliStatutiMedievali.nsf/de148d287da34e08c1256e4c002f1718/266024393822e06dc1256f9a0054d0e1?OpenDocument",NA,NA,NA,NA,NA,NA,NA,NA,NA,NA,NA,"Collis Scipionis, Collescipoli (Terni)","Terni","55032",""
NA,NA,"https://www.senato.it/w3/Biblioteca/catalogoDegliStatutiMedievali.nsf/de148d287da34e08c1256e4c002f1718/26d63c82b33c2148c1256fa3005fb170?OpenDocument",NA,NA,NA,NA,NA,NA,NA,NA,NA,NA,NA,"Liano (Castel San Pietro Terme)","Castel San Pietro Terme","37020",""
NA,NA,"https://www.senato.it/w3/Biblioteca/catalogoDegliStatutiMedievali.nsf/de148d287da34e08c1256e4c002f1718/270e689a53b35551c1256fac00401713?OpenDocument",NA,NA,NA,NA,NA,NA,NA,NA,NA,NA,NA,"Sablonum, Sabbion (Cologna Veneta)","Cologna Veneta","23027",""
NA,NA,"https://www.senato.it/w3/Biblioteca/catalogoDegliStatutiMedievali.nsf/de148d287da34e08c1256e4c002f1718/27b846bfa93a0766c1256fac00402a98?OpenDocument",NA,NA,NA,NA,NA,NA,NA,NA,NA,NA,NA,"San Pietro a Marcigliano (Capannori), Marcilliano","Capannori","46007",""
NA,NA,"https://www.senato.it/w3/Biblioteca/catalogoDegliStatutiMedievali.nsf/de148d287da34e08c1256e4c002f1718/28315147cd390f4cc1256fac00402655?OpenDocument",NA,NA,NA,NA,NA,NA,NA,NA,NA,NA,NA,"San Giovanni d'Asso","Montalcino","52037",""
NA,NA,"https://www.senato.it/w3/Biblioteca/catalogoDegliStatutiMedievali.nsf/de148d287da34e08c1256e4c002f1718/28bc40b3f4998802c1256fac00401bb5?OpenDocument",NA,NA,NA,NA,NA,NA,NA,NA,NA,NA,NA,"Sallanches","#VALUE!","","Y"
NA,NA,"https://www.senato.it/w3/Biblioteca/catalogoDegliStatutiMedievali.nsf/de148d287da34e08c1256e4c002f1718/28fd921ff4ec776dc1256fa2005a2efa?OpenDocument",NA,NA,NA,NA,NA,NA,NA,NA,NA,NA,NA,"Gallignana, Galignana, Galiana","#VALUE!","","Y"
NA,NA,"https://www.senato.it/w3/Biblioteca/catalogoDegliStatutiMedievali.nsf/de148d287da34e08c1256e4c002f1718/29d177fdb691e393c1256fa300602e86?OpenDocument",NA,NA,NA,NA,NA,NA,NA,NA,NA,NA,NA,"Montisi (San Giovanni d'Asso), Mons Isii, Mons Ghisi","Montalcino","052037",""
NA,NA,"https://www.senato.it/w3/Biblioteca/catalogoDegliStatutiMedievali.nsf/de148d287da34e08c1256e4c002f1718/2b4319f297518168c1256f9a0056d72c?OpenDocument",NA,NA,NA,NA,NA,NA,NA,NA,NA,NA,NA,"Cazzano (Budrio)","Budrio","37008",""
NA,NA,"https://www.senato.it/w3/Biblioteca/catalogoDegliStatutiMedievali.nsf/de148d287da34e08c1256e4c002f1718/2dd94729ef3b433fc1256fa30060291c?OpenDocument",NA,NA,NA,NA,NA,NA,NA,NA,NA,NA,NA,"Montepescali (Grosseto), Mons Pescalis","Grosseto","053011",""
NA,NA,"https://www.senato.it/w3/Biblioteca/catalogoDegliStatutiMedievali.nsf/de148d287da34e08c1256e4c002f1718/2e107dec1234728ac1256fa2005a474f?OpenDocument",NA,NA,NA,NA,NA,NA,NA,NA,NA,NA,NA,"Gex","#VALUE!","","Y"
NA,NA,"https://www.senato.it/w3/Biblioteca/catalogoDegliStatutiMedievali.nsf/de148d287da34e08c1256e4c002f1718/2f884a2afe192483c1256fa40048c327?OpenDocument",NA,NA,NA,NA,NA,NA,NA,NA,NA,NA,NA,"Narbonne, Narbona, Narbo","#VALUE!","","Y"
NA,NA,"https://www.senato.it/w3/Biblioteca/catalogoDegliStatutiMedievali.nsf/de148d287da34e08c1256e4c002f1718/2fabc47d7507ff82c1256fa40048d2d2?OpenDocument",NA,NA,NA,NA,NA,NA,NA,NA,NA,NA,NA,"Ortonovo, Hortinovum","Luni","11020",""
NA,NA,"https://www.senato.it/w3/Biblioteca/catalogoDegliStatutiMedievali.nsf/de148d287da34e08c1256e4c002f1718/30220b0f78cc0402c1256fa40048cd20?OpenDocument",NA,NA,NA,NA,NA,NA,NA,NA,NA,NA,NA,"Nyon","#VALUE!","","Y"
NA,NA,"https://www.senato.it/w3/Biblioteca/catalogoDegliStatutiMedievali.nsf/de148d287da34e08c1256e4c002f1718/3028a845a91249d3c1256fa3005fe033?OpenDocument",NA,NA,NA,NA,NA,NA,NA,NA,NA,NA,NA,"Massalombardorum, Massalombarda","Massa Lombarda","39013",""
NA,NA,"https://www.senato.it/w3/Biblioteca/catalogoDegliStatutiMedievali.nsf/de148d287da34e08c1256e4c002f1718/30548fbfa0dc5a44c1256f3b004d37e6?OpenDocument",NA,NA,NA,NA,NA,NA,NA,NA,NA,NA,NA,"Tuscia, Patrimonium Beati Petri in Tuscia","#VALUE!","","uncertain"
NA,NA,"https://www.senato.it/w3/Biblioteca/catalogoDegliStatutiMedievali.nsf/de148d287da34e08c1256e4c002f1718/30afbaac2bc0d4fec1256fac004027cf?OpenDocument",NA,NA,NA,NA,NA,NA,NA,NA,NA,NA,NA,"Sanctus Leoninus in Montibus, San Leolino (Londa)","Londa","",""
NA,NA,"https://www.senato.it/w3/Biblioteca/catalogoDegliStatutiMedievali.nsf/de148d287da34e08c1256e4c002f1718/315cf071b086eeadc1256f3b004d31a7?OpenDocument",NA,NA,NA,NA,NA,NA,NA,NA,NA,NA,NA,"Tres","Predaia","22230",""
NA,NA,"https://www.senato.it/w3/Biblioteca/catalogoDegliStatutiMedievali.nsf/de148d287da34e08c1256e4c002f1718/31f282ff1ad8d395c1256fa20059f94e?OpenDocument",NA,NA,NA,NA,NA,NA,NA,NA,NA,NA,NA,"Falcinellum, Falcinello (Sarzana)","Sarzana","11027",""
NA,NA,"https://www.senato.it/w3/Biblioteca/catalogoDegliStatutiMedievali.nsf/de148d287da34e08c1256e4c002f1718/32d8afe71204e575c1256f9a0056f543?OpenDocument",NA,NA,NA,NA,NA,NA,NA,NA,NA,NA,NA,"Cusy en Genevois, Cusy, Cusiacum","#VALUE!","","Y"
NA,NA,"https://www.senato.it/w3/Biblioteca/catalogoDegliStatutiMedievali.nsf/de148d287da34e08c1256e4c002f1718/32e29ab9bbef23b6c1256f3b004d2b3a?OpenDocument",NA,NA,NA,NA,NA,NA,NA,NA,NA,NA,NA,"Tornano (Mercato Saraceno)","Mercato Saraceno","40020",""
NA,NA,"https://www.senato.it/w3/Biblioteca/catalogoDegliStatutiMedievali.nsf/de148d287da34e08c1256e4c002f1718/3334369e9631f457c1256fa300600951?OpenDocument",NA,NA,NA,NA,NA,NA,NA,NA,NA,NA,NA,"Minozzo (Villa Minozzo), Minotium","Villa Minozzo","35045",""
NA,NA,"https://www.senato.it/w3/Biblioteca/catalogoDegliStatutiMedievali.nsf/de148d287da34e08c1256e4c002f1718/33387f0671981bfdc1256f9a004273cd?OpenDocument",NA,NA,NA,NA,NA,NA,NA,NA,NA,NA,NA,"Bonneville","#VALUE!","","Y"
NA,NA,"https://www.senato.it/w3/Biblioteca/catalogoDegliStatutiMedievali.nsf/de148d287da34e08c1256e4c002f1718/3393c1bb94b00831c1256f3b004d2bd3?OpenDocument",NA,NA,NA,NA,NA,NA,NA,NA,NA,NA,NA,"Turris, Torre Maina (Maranello), Torre, S. Petrus in Insula","Maranello","36019",""
NA,NA,"https://www.senato.it/w3/Biblioteca/catalogoDegliStatutiMedievali.nsf/de148d287da34e08c1256e4c002f1718/353872a1d9414526c1256fa2005a543e?OpenDocument",NA,NA,NA,NA,NA,NA,NA,NA,NA,NA,NA,"Irola (Villafranca in Lunigiana)","Villafranca in Lunigiana","045016",""
NA,NA,"https://www.senato.it/w3/Biblioteca/catalogoDegliStatutiMedievali.nsf/de148d287da34e08c1256e4c002f1718/35639446d19ca5a7c1256fac00403583?OpenDocument",NA,NA,NA,NA,NA,NA,NA,NA,NA,NA,NA,"Savello (Albano Laziale), Castel Savelli","Albano Laziale","58003",""
NA,NA,"https://www.senato.it/w3/Biblioteca/catalogoDegliStatutiMedievali.nsf/de148d287da34e08c1256e4c002f1718/35bd86244cefab7cc1256fa400490c95?OpenDocument",NA,NA,NA,NA,NA,NA,NA,NA,NA,NA,NA,"Pieve a Molli (Sovicille), Molli","Sovicille","052034",""
NA,NA,"https://www.senato.it/w3/Biblioteca/catalogoDegliStatutiMedievali.nsf/de148d287da34e08c1256e4c002f1718/36481383b65bfa30c1256f40003d1baa?OpenDocument",NA,NA,NA,NA,NA,NA,NA,NA,NA,NA,NA,"Trevi nell'Umbria, Trebium","Trevi","54054",""
NA,NA,"https://www.senato.it/w3/Biblioteca/catalogoDegliStatutiMedievali.nsf/de148d287da34e08c1256e4c002f1718/368255287264b8cfc1257a70004d2d2e?OpenDocument",NA,NA,NA,NA,NA,NA,NA,NA,NA,NA,NA,"Chersum, Cherso","#VALUE!","",""
NA,NA,"https://www.senato.it/w3/Biblioteca/catalogoDegliStatutiMedievali.nsf/de148d287da34e08c1256e4c002f1718/369f1a2488ddfe41c1256f40003cfedc?OpenDocument",NA,NA,NA,NA,NA,NA,NA,NA,NA,NA,NA,"Tivenia, Tivegna (Follo)","Follo","011013",""
NA,NA,"https://www.senato.it/w3/Biblioteca/catalogoDegliStatutiMedievali.nsf/de148d287da34e08c1256e4c002f1718/36b9933e6afef1cdc1256fa40048d6de?OpenDocument",NA,NA,NA,NA,NA,NA,NA,NA,NA,NA,NA,"Ossola Inferiore","#VALUE!","",""
NA,NA,"https://www.senato.it/w3/Biblioteca/catalogoDegliStatutiMedievali.nsf/de148d287da34e08c1256e4c002f1718/3751a556239286adc1256fa30060156c?OpenDocument",NA,NA,NA,NA,NA,NA,NA,NA,NA,NA,NA,"Monaco (Principato)","Principato","","Y"
NA,NA,"https://www.senato.it/w3/Biblioteca/catalogoDegliStatutiMedievali.nsf/de148d287da34e08c1256e4c002f1718/37ae25377aedc02fc1256fa2005a54d1?OpenDocument",NA,NA,NA,NA,NA,NA,NA,NA,NA,NA,NA,"Valle Siliciana, Valle Siciliana, Valle Mavone, Isula, Isola del Gran Sasso","#VALUE!","",""
NA,NA,"https://www.senato.it/w3/Biblioteca/catalogoDegliStatutiMedievali.nsf/de148d287da34e08c1256e4c002f1718/37e5f4b51cac82cfc1256f9a004223b7?OpenDocument",NA,NA,NA,NA,NA,NA,NA,NA,NA,NA,NA,"Ballon-en-Bugey","#VALUE!","","Y"
NA,NA,"https://www.senato.it/w3/Biblioteca/catalogoDegliStatutiMedievali.nsf/de148d287da34e08c1256e4c002f1718/381c78a2b9655edcc1256f9a0042285e?OpenDocument",NA,NA,NA,NA,NA,NA,NA,NA,NA,NA,NA,"Bastita, Bastia","#VALUE!","","Y"
NA,NA,"https://www.senato.it/w3/Biblioteca/catalogoDegliStatutiMedievali.nsf/de148d287da34e08c1256e4c002f1718/3a90eb12e1593481c1256f9a0047ce3e?OpenDocument",NA,NA,NA,NA,NA,NA,NA,NA,NA,NA,NA,"Castelfranco","#VALUE!","","uncertain"
NA,NA,"https://www.senato.it/w3/Biblioteca/catalogoDegliStatutiMedievali.nsf/de148d287da34e08c1256e4c002f1718/3b271c7bf985dfb6c1256fa3006030f4?OpenDocument",NA,NA,NA,NA,NA,NA,NA,NA,NA,NA,NA,"Mosso Santa Maria","Valdilana","96088",""
NA,NA,"https://www.senato.it/w3/Biblioteca/catalogoDegliStatutiMedievali.nsf/de148d287da34e08c1256e4c002f1718/3da20716553b07cfc1256fa40048e24b?OpenDocument",NA,NA,NA,NA,NA,NA,NA,NA,NA,NA,NA,"Pago","Pago del Vallo di Lauro","64068","uncertain"
NA,NA,"https://www.senato.it/w3/Biblioteca/catalogoDegliStatutiMedievali.nsf/de148d287da34e08c1256e4c002f1718/407736882e307447c1256f9a0047bd2a?OpenDocument",NA,NA,NA,NA,NA,NA,NA,NA,NA,NA,NA,"Cappella (Seravezza)","Seravezza","46028",""
NA,NA,"https://www.senato.it/w3/Biblioteca/catalogoDegliStatutiMedievali.nsf/de148d287da34e08c1256e4c002f1718/40b1dd4359060a0bc1256fa300601f71?OpenDocument",NA,NA,NA,NA,NA,NA,NA,NA,NA,NA,NA,"Montecalvo (San Giuliano di Puglia), Mons Calvus","San Giuliano di Puglia","70068",""
NA,NA,"https://www.senato.it/w3/Biblioteca/catalogoDegliStatutiMedievali.nsf/de148d287da34e08c1256e4c002f1718/40b4482454250ff4c1256f3b004d31c4?OpenDocument",NA,NA,NA,NA,NA,NA,NA,NA,NA,NA,NA,"Treschietto (Bagnone in Lunigiana), Traschietum, Traschiettum, Traschieto","Bagnone","45002",""
NA,NA,"https://www.senato.it/w3/Biblioteca/catalogoDegliStatutiMedievali.nsf/de148d287da34e08c1256e4c002f1718/40dd4554b9748c1cc1256f3b004d1ff4?OpenDocument",NA,NA,NA,NA,NA,NA,NA,NA,NA,NA,NA,"Taninges","#VALUE!","","Y"
NA,NA,"https://www.senato.it/w3/Biblioteca/catalogoDegliStatutiMedievali.nsf/de148d287da34e08c1256e4c002f1718/416d3112176853a2c1256fa80054241b?OpenDocument",NA,NA,NA,NA,NA,NA,NA,NA,NA,NA,NA,"Albissola, Albisola Marina, Albisola","#VALUE!","",""
NA,NA,"https://www.senato.it/w3/Biblioteca/catalogoDegliStatutiMedievali.nsf/de148d287da34e08c1256e4c002f1718/4176a821e0465295c1256f9a0047cc9c?OpenDocument",NA,NA,NA,NA,NA,NA,NA,NA,NA,NA,NA,"Castelcorno (Isera)","Isera","22098",""
NA,NA,"https://www.senato.it/w3/Biblioteca/catalogoDegliStatutiMedievali.nsf/de148d287da34e08c1256e4c002f1718/41eedfd519bc1a8fc1256fac003f1e0f?OpenDocument",NA,NA,NA,NA,NA,NA,NA,NA,NA,NA,NA,"Romagna","#VALUE!","",""
NA,NA,"https://www.senato.it/w3/Biblioteca/catalogoDegliStatutiMedievali.nsf/de148d287da34e08c1256e4c002f1718/41f6639a1b9f025dc1256f9a0056d788?OpenDocument",NA,NA,NA,NA,NA,NA,NA,NA,NA,NA,NA,"Ciecina, Cecina (Larciano), Cecina di Lamporecchio","Larciano","047006",""
NA,NA,"https://www.senato.it/w3/Biblioteca/catalogoDegliStatutiMedievali.nsf/de148d287da34e08c1256e4c002f1718/4244419762c2b149c1256fa2005a1e69?OpenDocument",NA,NA,NA,NA,NA,NA,NA,NA,NA,NA,NA,"Flumen sancti Viti in Liburnia, Fiume S. Vito, Fiume","#VALUE!","",""
NA,NA,"https://www.senato.it/w3/Biblioteca/catalogoDegliStatutiMedievali.nsf/de148d287da34e08c1256e4c002f1718/42c24ba1c7b6fd0dc1256fac004024b4?OpenDocument",NA,NA,NA,NA,NA,NA,NA,NA,NA,NA,NA,"Sanctus Florentius, San Fiorenzo, Saint-Florent","#VALUE!","",""
NA,NA,"https://www.senato.it/w3/Biblioteca/catalogoDegliStatutiMedievali.nsf/de148d287da34e08c1256e4c002f1718/42f3ec4fc0106caac1256fa3005fcee7?OpenDocument",NA,NA,NA,NA,NA,NA,NA,NA,NA,NA,NA,"Malgrate (Villafranca in Lunigiana)","Villafranca in Lunigiana","45016",""
NA,NA,"https://www.senato.it/w3/Biblioteca/catalogoDegliStatutiMedievali.nsf/de148d287da34e08c1256e4c002f1718/433a25c697a5b543c1256fa400491aaa?OpenDocument",NA,NA,NA,NA,NA,NA,NA,NA,NA,NA,NA,"Puola, Pola","#VALUE!","",""
NA,NA,"https://www.senato.it/w3/Biblioteca/catalogoDegliStatutiMedievali.nsf/de148d287da34e08c1256e4c002f1718/43c2949633db51f3c1256fa3005fc6ee?OpenDocument",NA,NA,NA,NA,NA,NA,NA,NA,NA,NA,NA,"Lullin","#VALUE!","",""
NA,NA,"https://www.senato.it/w3/Biblioteca/catalogoDegliStatutiMedievali.nsf/de148d287da34e08c1256e4c002f1718/43ff5d2f05dbf23cc125708b0045da5e?OpenDocument",NA,NA,NA,NA,NA,NA,NA,NA,NA,NA,NA,"Ginevra","#VALUE!","","Y"
NA,NA,"https://www.senato.it/w3/Biblioteca/catalogoDegliStatutiMedievali.nsf/de148d287da34e08c1256e4c002f1718/446b66b676885475c1258bf00038fb99?OpenDocument",NA,NA,NA,NA,NA,NA,NA,NA,NA,NA,NA,"Valtellina, Vallis Tellina","#VALUE!","",""
NA,NA,"https://www.senato.it/w3/Biblioteca/catalogoDegliStatutiMedievali.nsf/de148d287da34e08c1256e4c002f1718/447e5e4469776107c1256fac003eeb07?OpenDocument",NA,NA,NA,NA,NA,NA,NA,NA,NA,NA,NA,"Reviliasco, Revigliasco Torinese","#VALUE!","",""
NA,NA,"https://www.senato.it/w3/Biblioteca/catalogoDegliStatutiMedievali.nsf/de148d287da34e08c1256e4c002f1718/450972484900bb77c1256f9a0054ce58?OpenDocument",NA,NA,NA,NA,NA,NA,NA,NA,NA,NA,NA,"Colla, Coldirodi (Ospedaletti)","Ospedaletti","8039",""
NA,NA,"https://www.senato.it/w3/Biblioteca/catalogoDegliStatutiMedievali.nsf/de148d287da34e08c1256e4c002f1718/45322dfce4c91088c1256fa3005fdd21?OpenDocument",NA,NA,NA,NA,NA,NA,NA,NA,NA,NA,NA,"Marlia (Capannori)","Capannori","46007",""
NA,NA,"https://www.senato.it/w3/Biblioteca/catalogoDegliStatutiMedievali.nsf/de148d287da34e08c1256e4c002f1718/4567827937938c49c1256f9a0047b2f3?OpenDocument",NA,NA,NA,NA,NA,NA,NA,NA,NA,NA,NA,"Campiglio (Vignola)","Vignola","36046",""
NA,NA,"https://www.senato.it/w3/Biblioteca/catalogoDegliStatutiMedievali.nsf/de148d287da34e08c1256e4c002f1718/45840a59880a6347c1256f3b004d318d?OpenDocument",NA,NA,NA,NA,NA,NA,NA,NA,NA,NA,NA,"Treppo Carnico","#VALUE!","",""
NA,NA,"https://www.senato.it/w3/Biblioteca/catalogoDegliStatutiMedievali.nsf/de148d287da34e08c1256e4c002f1718/45be3b469cf9b443c1256fa3005ee21d?OpenDocument",NA,NA,NA,NA,NA,NA,NA,NA,NA,NA,NA,"Lagneux","#VALUE!","","Y"
NA,NA,"https://www.senato.it/w3/Biblioteca/catalogoDegliStatutiMedievali.nsf/de148d287da34e08c1256e4c002f1718/4613701fea8ba390c1256fac00405085?OpenDocument",NA,NA,NA,NA,NA,NA,NA,NA,NA,NA,NA,"Solighetum, Solighetto (Pieve di Soligo), Soligetto","Pieve di Soligo","026057",""
NA,NA,"https://www.senato.it/w3/Biblioteca/catalogoDegliStatutiMedievali.nsf/de148d287da34e08c1256e4c002f1718/467087fa628aca98c1256fac0040225f?OpenDocument",NA,NA,NA,NA,NA,NA,NA,NA,NA,NA,NA,"Sant'Andrea in Selci","#VALUE!","",""
NA,NA,"https://www.senato.it/w3/Biblioteca/catalogoDegliStatutiMedievali.nsf/de148d287da34e08c1256e4c002f1718/46b9e29e7a59ed1cc1256f9a0054de9d?OpenDocument",NA,NA,NA,NA,NA,NA,NA,NA,NA,NA,NA,"Conco, Comco","#VALUE!","",""
NA,NA,"https://www.senato.it/w3/Biblioteca/catalogoDegliStatutiMedievali.nsf/de148d287da34e08c1256e4c002f1718/46d9fca1fa63c679c1256f9a004234c2?OpenDocument",NA,NA,NA,NA,NA,NA,NA,NA,NA,NA,NA,"Buguntum, Bigoncio (Inverigo)","Inverigo","13118",""
NA,NA,"https://www.senato.it/w3/Biblioteca/catalogoDegliStatutiMedievali.nsf/de148d287da34e08c1256e4c002f1718/4757af974c81fe96c1256fa40048f071?OpenDocument",NA,NA,NA,NA,NA,NA,NA,NA,NA,NA,NA,"Pavana (Sambuca Pistoiese), Pavana Pistoiese","Sambuca Pistoiese","047018",""
NA,NA,"https://www.senato.it/w3/Biblioteca/catalogoDegliStatutiMedievali.nsf/de148d287da34e08c1256e4c002f1718/476062e8895baac9c1256f9a0047cade?OpenDocument",NA,NA,NA,NA,NA,NA,NA,NA,NA,NA,NA,"Casurcium, Casorzo","#VALUE!","",""
NA,NA,"https://www.senato.it/w3/Biblioteca/catalogoDegliStatutiMedievali.nsf/de148d287da34e08c1256e4c002f1718/47944f891b17a520c1256f3b004d3791?OpenDocument",NA,NA,NA,NA,NA,NA,NA,NA,NA,NA,NA,"Troiana (Arco)","Arco","22006",""
NA,NA,"https://www.senato.it/w3/Biblioteca/catalogoDegliStatutiMedievali.nsf/de148d287da34e08c1256e4c002f1718/47e0d8b08e80f841c1256fac0040298b?OpenDocument",NA,NA,NA,NA,NA,NA,NA,NA,NA,NA,NA,"Sanctus Martinus in Converseto, San Martino in Converseto (Borghi)","Borghi","40004",""
NA,NA,"https://www.senato.it/w3/Biblioteca/catalogoDegliStatutiMedievali.nsf/de148d287da34e08c1256e4c002f1718/481349a8a4dc7781c1256f9a0042239d?OpenDocument",NA,NA,NA,NA,NA,NA,NA,NA,NA,NA,NA,"Baldaria (Cologna Veneta)","Cologna Veneta","23027",""
NA,NA,"https://www.senato.it/w3/Biblioteca/catalogoDegliStatutiMedievali.nsf/de148d287da34e08c1256e4c002f1718/4888856b07180d60c1256fa3005fb7af?OpenDocument",NA,NA,NA,NA,NA,NA,NA,NA,NA,NA,NA,"Lonatum, Lonato, Lonadum, Leonatum","#VALUE!","",""
NA,NA,"https://www.senato.it/w3/Biblioteca/catalogoDegliStatutiMedievali.nsf/de148d287da34e08c1256e4c002f1718/488a7948c6b37d99c1256fa2005a5557?OpenDocument",NA,NA,NA,NA,NA,NA,NA,NA,NA,NA,NA,"Istria","#VALUE!","","Y"
NA,NA,"https://www.senato.it/w3/Biblioteca/catalogoDegliStatutiMedievali.nsf/de148d287da34e08c1256e4c002f1718/48b136ff8dd2847ec1256f3b004d1fe9?OpenDocument",NA,NA,NA,NA,NA,NA,NA,NA,NA,NA,NA,"Tallano","#VALUE!","",""
NA,NA,"https://www.senato.it/w3/Biblioteca/catalogoDegliStatutiMedievali.nsf/de148d287da34e08c1256e4c002f1718/49a8817c837eb0a9c1256fa40048f7d6?OpenDocument",NA,NA,NA,NA,NA,NA,NA,NA,NA,NA,NA,"Peyre, Pera (Istanbul)","Istanbul","","Y"
NA,NA,"https://www.senato.it/w3/Biblioteca/catalogoDegliStatutiMedievali.nsf/de148d287da34e08c1256e4c002f1718/4a53fff0ea84cb3ec1256fac004051d5?OpenDocument",NA,NA,NA,NA,NA,NA,NA,NA,NA,NA,NA,"Split, Spalatum, Spalato","#VALUE!","",""
NA,NA,"https://www.senato.it/w3/Biblioteca/catalogoDegliStatutiMedievali.nsf/de148d287da34e08c1256e4c002f1718/4b5ecc8c79132922c1256f9a0047c854?OpenDocument",NA,NA,NA,NA,NA,NA,NA,NA,NA,NA,NA,"Cascina (Scandicci)","Scandicci","48041",""
NA,NA,"https://www.senato.it/w3/Biblioteca/catalogoDegliStatutiMedievali.nsf/de148d287da34e08c1256e4c002f1718/4b72b08f7c7f79fdc1256fa3005fc572?OpenDocument",NA,NA,NA,NA,NA,NA,NA,NA,NA,NA,NA,"Luceramum, Lucerame, Luceràm","#VALUE!","",""
NA,NA,"https://www.senato.it/w3/Biblioteca/catalogoDegliStatutiMedievali.nsf/de148d287da34e08c1256e4c002f1718/4cbadde686e085aec1256fa3005fc7e3?OpenDocument",NA,NA,NA,NA,NA,NA,NA,NA,NA,NA,NA,"Luxolum, Lusuolo (Mulazzo), Lusolo, Lusollo","Mulazzo","45012",""
NA,NA,"https://www.senato.it/w3/Biblioteca/catalogoDegliStatutiMedievali.nsf/de148d287da34e08c1256e4c002f1718/4ccb1c48efa2f3cdc1256fac003ef38f?OpenDocument",NA,NA,NA,NA,NA,NA,NA,NA,NA,NA,NA,"Rocca di Corno (Antrodoco)","Antrodoco","057003",""
NA,NA,"https://www.senato.it/w3/Biblioteca/catalogoDegliStatutiMedievali.nsf/de148d287da34e08c1256e4c002f1718/4d6c5ec52ed67c4cc1256fa3005fb10c?OpenDocument",NA,NA,NA,NA,NA,NA,NA,NA,NA,NA,NA,"Le Brozze, Brozze, Broza","#VALUE!","",""
NA,NA,"https://www.senato.it/w3/Biblioteca/catalogoDegliStatutiMedievali.nsf/de148d287da34e08c1256e4c002f1718/4d88d8091ffd4518c1256fa300601bcb?OpenDocument",NA,NA,NA,NA,NA,NA,NA,NA,NA,NA,NA,"Montagni","#VALUE!","",""
NA,NA,"https://www.senato.it/w3/Biblioteca/catalogoDegliStatutiMedievali.nsf/de148d287da34e08c1256e4c002f1718/4db35d54c02b2a1ac1256f9a0040530b?OpenDocument",NA,NA,NA,NA,NA,NA,NA,NA,NA,NA,NA,"Allinges","#VALUE!","","Y"
NA,NA,"https://www.senato.it/w3/Biblioteca/catalogoDegliStatutiMedievali.nsf/de148d287da34e08c1256e4c002f1718/4e1157521c0f4d7ec1256f9a0054e183?OpenDocument",NA,NA,NA,NA,NA,NA,NA,NA,NA,NA,NA,"San Gemignano di Controne, San Casciano di Controne, Pieve di Controne, Controni, Controne (Bagni di Lucca)","Bagni di Lucca","46002",""
NA,NA,"https://www.senato.it/w3/Biblioteca/catalogoDegliStatutiMedievali.nsf/de148d287da34e08c1256e4c002f1718/4f697b72c7b9563ec125708900342aad?OpenDocument",NA,NA,NA,NA,NA,NA,NA,NA,NA,NA,NA,"Estavayer-le-Lac","#VALUE!","","Y"
NA,NA,"https://www.senato.it/w3/Biblioteca/catalogoDegliStatutiMedievali.nsf/de148d287da34e08c1256e4c002f1718/4f7f7b9bc6ac0603c1256fac004054ca?OpenDocument",NA,NA,NA,NA,NA,NA,NA,NA,NA,NA,NA,"Villa Stifone, Stifone (Narni)","Narni","55022",""
NA,NA,"https://www.senato.it/w3/Biblioteca/catalogoDegliStatutiMedievali.nsf/de148d287da34e08c1256e4c002f1718/5074e2fe733b97cac1256fac00402bf0?OpenDocument",NA,NA,NA,NA,NA,NA,NA,NA,NA,NA,NA,"San Salvatore Maggiore (Concerviano)","Concerviano","57023",""
NA,NA,"https://www.senato.it/w3/Biblioteca/catalogoDegliStatutiMedievali.nsf/de148d287da34e08c1256e4c002f1718/50df2dce563b3287c1256f9a004272af?OpenDocument",NA,NA,NA,NA,NA,NA,NA,NA,NA,NA,NA,"Bonifacium, Bonifacio","#VALUE!","","Y"
NA,NA,"https://www.senato.it/w3/Biblioteca/catalogoDegliStatutiMedievali.nsf/de148d287da34e08c1256e4c002f1718/514e44a73a122dfec1256f9a0056f443?OpenDocument",NA,NA,NA,NA,NA,NA,NA,NA,NA,NA,NA,"Curzula, Curzola, Cursola","#VALUE!","",""
NA,NA,"https://www.senato.it/w3/Biblioteca/catalogoDegliStatutiMedievali.nsf/de148d287da34e08c1256e4c002f1718/519e9a542fa3f91fc1256fa40048cf65?OpenDocument",NA,NA,NA,NA,NA,NA,NA,NA,NA,NA,NA,"Ordonnaz","#VALUE!","","Y"
NA,NA,"https://www.senato.it/w3/Biblioteca/catalogoDegliStatutiMedievali.nsf/de148d287da34e08c1256e4c002f1718/5235a335f3fdfcf3c1256f9a004050a7?OpenDocument",NA,NA,NA,NA,NA,NA,NA,NA,NA,NA,NA,"Alvona, Albona","#VALUE!","",""
NA,NA,"https://www.senato.it/w3/Biblioteca/catalogoDegliStatutiMedievali.nsf/de148d287da34e08c1256e4c002f1718/5246365c7d92c59ec1256f3b004d20b3?OpenDocument",NA,NA,NA,NA,NA,NA,NA,NA,NA,NA,NA,"Tassullo","#VALUE!","",""
NA,NA,"https://www.senato.it/w3/Biblioteca/catalogoDegliStatutiMedievali.nsf/de148d287da34e08c1256e4c002f1718/525431f2ebbd311ec1256fa400490b4f?OpenDocument",NA,NA,NA,NA,NA,NA,NA,NA,NA,NA,NA,"Planum, Piano, Pian del Voglio (San Benedetto Val di Sambro)","San Benedetto Val di Sambro","37051",""
NA,NA,"https://www.senato.it/w3/Biblioteca/catalogoDegliStatutiMedievali.nsf/de148d287da34e08c1256e4c002f1718/52c6e95dc5b159fbc1256fa300602bda?OpenDocument",NA,NA,NA,NA,NA,NA,NA,NA,NA,NA,NA,"Monte Lagello (Marsciano), Monslagelli, Mons Agellionis","Marsciano","54027",""
NA,NA,"https://www.senato.it/w3/Biblioteca/catalogoDegliStatutiMedievali.nsf/de148d287da34e08c1256e4c002f1718/52f0233e68968a9ec1256fac00401eae?OpenDocument",NA,NA,NA,NA,NA,NA,NA,NA,NA,NA,NA,"Sambucina (Luzzi)","Luzzi","78070",""
NA,NA,"https://www.senato.it/w3/Biblioteca/catalogoDegliStatutiMedievali.nsf/de148d287da34e08c1256e4c002f1718/536e604b7788677cc1256f9a0054d091?OpenDocument",NA,NA,NA,NA,NA,NA,NA,NA,NA,NA,NA,"Collispacti, Collepatti e Castelluccio (Castelfiorentino)","Castelfiorentino","48010",""
NA,NA,"https://www.senato.it/w3/Biblioteca/catalogoDegliStatutiMedievali.nsf/de148d287da34e08c1256e4c002f1718/53fa32342decb7f4c1256f9a00427fce?OpenDocument",NA,NA,NA,NA,NA,NA,NA,NA,NA,NA,NA,"Monte di Brianza, Mons Briantie, Brianza, Briantia","#VALUE!","",""
NA,NA,"https://www.senato.it/w3/Biblioteca/catalogoDegliStatutiMedievali.nsf/de148d287da34e08c1256e4c002f1718/54488eba526af6a5c1256fa2005a2629?OpenDocument",NA,NA,NA,NA,NA,NA,NA,NA,NA,NA,NA,"Frisonaria, Fregionaia (Lucca)","Lucca","46017",""
NA,NA,"https://www.senato.it/w3/Biblioteca/catalogoDegliStatutiMedievali.nsf/de148d287da34e08c1256e4c002f1718/5504d39a3453d1e7c1256fa2005a4bee?OpenDocument",NA,NA,NA,NA,NA,NA,NA,NA,NA,NA,NA,"Groppello Lomellino, Groppello Cairoli","#VALUE!","",""
NA,NA,"https://www.senato.it/w3/Biblioteca/catalogoDegliStatutiMedievali.nsf/de148d287da34e08c1256e4c002f1718/552cf8234e4bc681c1256fa3005ee6f3?OpenDocument",NA,NA,NA,NA,NA,NA,NA,NA,NA,NA,NA,"La Chambre","#VALUE!","","Y"
NA,NA,"https://www.senato.it/w3/Biblioteca/catalogoDegliStatutiMedievali.nsf/de148d287da34e08c1256e4c002f1718/556cb1157b42045fc1256f9a0047e00b?OpenDocument",NA,NA,NA,NA,NA,NA,NA,NA,NA,NA,NA,"Cesi (Terni), Cese, Caesae","Terni","055032",""
NA,NA,"https://www.senato.it/w3/Biblioteca/catalogoDegliStatutiMedievali.nsf/de148d287da34e08c1256e4c002f1718/565a8cf33935c0c7c1256fa2005a1eeb?OpenDocument",NA,NA,NA,NA,NA,NA,NA,NA,NA,NA,NA,"Flumet","#VALUE!","","Y"
NA,NA,"https://www.senato.it/w3/Biblioteca/catalogoDegliStatutiMedievali.nsf/de148d287da34e08c1256e4c002f1718/56aab5b5bd1f3ee4c1256f9a00404eed?OpenDocument",NA,NA,NA,NA,NA,NA,NA,NA,NA,NA,NA,"Ajaccio","#VALUE!","","Y"
NA,NA,"https://www.senato.it/w3/Biblioteca/catalogoDegliStatutiMedievali.nsf/de148d287da34e08c1256e4c002f1718/56dd873d8cdcc382c1256f9a00405d39?OpenDocument",NA,NA,NA,NA,NA,NA,NA,NA,NA,NA,NA,"Arvigo, Arvichum","#VALUE!","","Y"
NA,NA,"https://www.senato.it/w3/Biblioteca/catalogoDegliStatutiMedievali.nsf/de148d287da34e08c1256e4c002f1718/5777889f6c4fc313c1256fac004034e1?OpenDocument",NA,NA,NA,NA,NA,NA,NA,NA,NA,NA,NA,"Saxo, Sasso Iddiano (Pavullo nel Frignano), Sasso di Camorana","Pavullo nel Frignano","36030",""
NA,NA,"https://www.senato.it/w3/Biblioteca/catalogoDegliStatutiMedievali.nsf/de148d287da34e08c1256e4c002f1718/57d4acb67d4b830ac1256f9a0054e3ec?OpenDocument",NA,NA,NA,NA,NA,NA,NA,NA,NA,NA,NA,"Castrocaro","#VALUE!","",""
NA,NA,"https://www.senato.it/w3/Biblioteca/catalogoDegliStatutiMedievali.nsf/de148d287da34e08c1256e4c002f1718/5833b998ea5a9a07c1256f9a0047ae11?OpenDocument",NA,NA,NA,NA,NA,NA,NA,NA,NA,NA,NA,"Calcione (Lucignano)","Lucignano","51021",""
NA,NA,"https://www.senato.it/w3/Biblioteca/catalogoDegliStatutiMedievali.nsf/de148d287da34e08c1256e4c002f1718/58a5e9c701d7fe08c1256fa400491b6a?OpenDocument",NA,NA,NA,NA,NA,NA,NA,NA,NA,NA,NA,"Policinium, Polesine, Polesene","#VALUE!","",""
NA,NA,"https://www.senato.it/w3/Biblioteca/catalogoDegliStatutiMedievali.nsf/de148d287da34e08c1256e4c002f1718/5915a4e59af91eebc1256fac003ef575?OpenDocument",NA,NA,NA,NA,NA,NA,NA,NA,NA,NA,NA,"Rocchette (Torri in Sabina)","Torri in Sabina","57070",""
NA,NA,"https://www.senato.it/w3/Biblioteca/catalogoDegliStatutiMedievali.nsf/de148d287da34e08c1256e4c002f1718/5a11460709942b1fc1256fa2005a4c0a?OpenDocument",NA,NA,NA,NA,NA,NA,NA,NA,NA,NA,NA,"Groppoli (Mulazzo)","Mulazzo","045012",""
NA,NA,"https://www.senato.it/w3/Biblioteca/catalogoDegliStatutiMedievali.nsf/de148d287da34e08c1256e4c002f1718/5a3d02ed204c2e80c1256f9a004228cd?OpenDocument",NA,NA,NA,NA,NA,NA,NA,NA,NA,NA,NA,"Belforte (Radicondoli)","Radicondoli","52025",""
NA,NA,"https://www.senato.it/w3/Biblioteca/catalogoDegliStatutiMedievali.nsf/de148d287da34e08c1256e4c002f1718/5b547fa019bbb530c1256f9a004921e1?OpenDocument",NA,NA,NA,NA,NA,NA,NA,NA,NA,NA,NA,"Zigognaria, Cicognara (Viadana), Cecognaria","Viadana","020066",""
NA,NA,"https://www.senato.it/w3/Biblioteca/catalogoDegliStatutiMedievali.nsf/de148d287da34e08c1256e4c002f1718/5b59e79e4d1aad4fc1256fa3005ee240?OpenDocument",NA,NA,NA,NA,NA,NA,NA,NA,NA,NA,NA,"Lastovo, Lastobon, Lagusta, Lagosta, Ladestris, Celadussa","#VALUE!","","Y"
NA,NA,"https://www.senato.it/w3/Biblioteca/catalogoDegliStatutiMedievali.nsf/de148d287da34e08c1256e4c002f1718/5bc6dd8267943488c1256fa3005fcf24?OpenDocument",NA,NA,NA,NA,NA,NA,NA,NA,NA,NA,NA,"Malpaga (Calvisano)","Calvisano","17034",""
NA,NA,"https://www.senato.it/w3/Biblioteca/catalogoDegliStatutiMedievali.nsf/de148d287da34e08c1256e4c002f1718/5c300523473a2a0ec1256f9a004234ac?OpenDocument",NA,NA,NA,NA,NA,NA,NA,NA,NA,NA,NA,"Bigarello, Bigarellium","San Giorgio Bigarello","020057",""
NA,NA,"https://www.senato.it/w3/Biblioteca/catalogoDegliStatutiMedievali.nsf/de148d287da34e08c1256e4c002f1718/5cef85add04e0bb3c1256f9a0056fc62?OpenDocument",NA,NA,NA,NA,NA,NA,NA,NA,NA,NA,NA,"Donoratico (Castagneto Carducci), Donoratichum","Castagneto Carducci","049006",""
NA,NA,"https://www.senato.it/w3/Biblioteca/catalogoDegliStatutiMedievali.nsf/de148d287da34e08c1256e4c002f1718/5d2554e356fbd5b0c1256f9a00405355?OpenDocument",NA,NA,NA,NA,NA,NA,NA,NA,NA,NA,NA,"Allondaz","#VALUE!","","Y"
NA,NA,"https://www.senato.it/w3/Biblioteca/catalogoDegliStatutiMedievali.nsf/de148d287da34e08c1256e4c002f1718/5d52ec7e908f046dc1256fa3005c67e2?OpenDocument",NA,NA,NA,NA,NA,NA,NA,NA,NA,NA,NA,"Mezzo, Isola di Mezzo","#VALUE!","","Y"
NA,NA,"https://www.senato.it/w3/Biblioteca/catalogoDegliStatutiMedievali.nsf/de148d287da34e08c1256e4c002f1718/5db39a8866459a43c1256f9a0047bf1a?OpenDocument",NA,NA,NA,NA,NA,NA,NA,NA,NA,NA,NA,"Carda (Apecchio)","Apecchio","41002",""
NA,NA,"https://www.senato.it/w3/Biblioteca/catalogoDegliStatutiMedievali.nsf/de148d287da34e08c1256e4c002f1718/5dd3587fd3383dabc1256f9a00405849?OpenDocument",NA,NA,NA,NA,NA,NA,NA,NA,NA,NA,NA,"Angarano (Bassano del Grappa)","Bassano del Grappa","24012",""
NA,NA,"https://www.senato.it/w3/Biblioteca/catalogoDegliStatutiMedievali.nsf/de148d287da34e08c1256e4c002f1718/5de222390fb1a8e9c1256fa3005ee6e3?OpenDocument",NA,NA,NA,NA,NA,NA,NA,NA,NA,NA,NA,"Lazio","#VALUE!","","Y"
NA,NA,"https://www.senato.it/w3/Biblioteca/catalogoDegliStatutiMedievali.nsf/de148d287da34e08c1256e4c002f1718/5dfb05229b731f7dc1256fa300689628?OpenDocument",NA,NA,NA,NA,NA,NA,NA,NA,NA,NA,NA,"Massaciuccoli (Massarosa)","Massarosa","46018",""
NA,NA,"https://www.senato.it/w3/Biblioteca/catalogoDegliStatutiMedievali.nsf/de148d287da34e08c1256e4c002f1718/5e2be78d33060965c1256fa40048c673?OpenDocument",NA,NA,NA,NA,NA,NA,NA,NA,NA,NA,NA,"Nizza Marittima, Nizza Ligure, Nizza, Nicia","#VALUE!","","Y"
NA,NA,"https://www.senato.it/w3/Biblioteca/catalogoDegliStatutiMedievali.nsf/de148d287da34e08c1256e4c002f1718/602ca48ac9d0d8d0c1256fa300602c84?OpenDocument",NA,NA,NA,NA,NA,NA,NA,NA,NA,NA,NA,"Monte Vibiano Nuovo (Marsciano), Mercatello di monte Ubiano","Marsciano","54027",""
NA,NA,"https://www.senato.it/w3/Biblioteca/catalogoDegliStatutiMedievali.nsf/de148d287da34e08c1256e4c002f1718/6091e6e6489acc89c1256f9a0047a626?OpenDocument",NA,NA,NA,NA,NA,NA,NA,NA,NA,NA,NA,"Cadubrium, Cadore","#VALUE!","","uncertain"
NA,NA,"https://www.senato.it/w3/Biblioteca/catalogoDegliStatutiMedievali.nsf/de148d287da34e08c1256e4c002f1718/6107b25d7d9c058dc1256f9a0047bdc7?OpenDocument",NA,NA,NA,NA,NA,NA,NA,NA,NA,NA,NA,"Caprigliola (Aulla)","Aulla","45001",""
NA,NA,"https://www.senato.it/w3/Biblioteca/catalogoDegliStatutiMedievali.nsf/de148d287da34e08c1256e4c002f1718/6139310d86e20ad2c1256f40003d03b0?OpenDocument",NA,NA,NA,NA,NA,NA,NA,NA,NA,NA,NA,"Torcellum, Torcello","Venezia","27042",""
NA,NA,"https://www.senato.it/w3/Biblioteca/catalogoDegliStatutiMedievali.nsf/de148d287da34e08c1256e4c002f1718/63269fc2c837c8f3c1256fac003ef4a2?OpenDocument",NA,NA,NA,NA,NA,NA,NA,NA,NA,NA,NA,"Rocca Sigillina (Filattiera)","Filattiera","045006",""
NA,NA,"https://www.senato.it/w3/Biblioteca/catalogoDegliStatutiMedievali.nsf/de148d287da34e08c1256e4c002f1718/6365485717c8e3c5c1256fa2005a2dbe?OpenDocument",NA,NA,NA,NA,NA,NA,NA,NA,NA,NA,NA,"Gaiche (Piegaro), Castrum Galcorum","Piegaro","54040",""
NA,NA,"https://www.senato.it/w3/Biblioteca/catalogoDegliStatutiMedievali.nsf/de148d287da34e08c1256e4c002f1718/63c068a27ed2bafdc1256f9a0047af4c?OpenDocument",NA,NA,NA,NA,NA,NA,NA,NA,NA,NA,NA,"Calmasino (Bardolino)","Bardolino","23006",""
NA,NA,"https://www.senato.it/w3/Biblioteca/catalogoDegliStatutiMedievali.nsf/de148d287da34e08c1256e4c002f1718/63dd680b1cf827c7c1256f9a0047bbe9?OpenDocument",NA,NA,NA,NA,NA,NA,NA,NA,NA,NA,NA,"Cantalupus, Cantalupo del Sannio","#VALUE!","",""
NA,NA,"https://www.senato.it/w3/Biblioteca/catalogoDegliStatutiMedievali.nsf/de148d287da34e08c1256e4c002f1718/64b6786bba422a80c1256f9a004282ad?OpenDocument",NA,NA,NA,NA,NA,NA,NA,NA,NA,NA,NA,"Budrie (San Giovanni in Persiceto)","San Giovanni in Persiceto","037053",""
NA,NA,"https://www.senato.it/w3/Biblioteca/catalogoDegliStatutiMedievali.nsf/de148d287da34e08c1256e4c002f1718/654e8f822f27eed0c1256fa30060327e?OpenDocument",NA,NA,NA,NA,NA,NA,NA,NA,NA,NA,NA,"Murano (Venezia)","Venezia","027042",""
NA,NA,"https://www.senato.it/w3/Biblioteca/catalogoDegliStatutiMedievali.nsf/de148d287da34e08c1256e4c002f1718/65519cea176c9c8bc1256f9a004065c3?OpenDocument",NA,NA,NA,NA,NA,NA,NA,NA,NA,NA,NA,"Badia (Castiglione del Lago)","Castiglione del Lago","54009",""
NA,NA,"https://www.senato.it/w3/Biblioteca/catalogoDegliStatutiMedievali.nsf/de148d287da34e08c1256e4c002f1718/65aa13b3e6791631c1256f9a0047c09d?OpenDocument",NA,NA,NA,NA,NA,NA,NA,NA,NA,NA,NA,"Carona e Ciona","#VALUE!","","Y"
NA,NA,"https://www.senato.it/w3/Biblioteca/catalogoDegliStatutiMedievali.nsf/de148d287da34e08c1256e4c002f1718/65da26f2cf8c4ba3c1256fa300689636?OpenDocument",NA,NA,NA,NA,NA,NA,NA,NA,NA,NA,NA,"Massafiscaglia, Massa Phiscalia, Massa Nova Phisacaliae, Massa Nova di Fiscaglia","Fiscaglia","038027",""
NA,NA,"https://www.senato.it/w3/Biblioteca/catalogoDegliStatutiMedievali.nsf/de148d287da34e08c1256e4c002f1718/660278410fa462fdc1256fa20059fbed?OpenDocument",NA,NA,NA,NA,NA,NA,NA,NA,NA,NA,NA,"Farnetella (Sinalunga)","Sinalunga","52033",""
NA,NA,"https://www.senato.it/w3/Biblioteca/catalogoDegliStatutiMedievali.nsf/de148d287da34e08c1256e4c002f1718/6610f0bd80a0266bc1256fa2005a0715?OpenDocument",NA,NA,NA,NA,NA,NA,NA,NA,NA,NA,NA,"Filetto (Villafranca in Lunigiana)","Villafranca in Lunigiana","45016",""
NA,NA,"https://www.senato.it/w3/Biblioteca/catalogoDegliStatutiMedievali.nsf/de148d287da34e08c1256e4c002f1718/663d27bcddca16ffc1256fa3005fb544?OpenDocument",NA,NA,NA,NA,NA,NA,NA,NA,NA,NA,NA,"Luggarus, Lugarus, Luccaro, Locarno","#VALUE!","","Y"
NA,NA,"https://www.senato.it/w3/Biblioteca/catalogoDegliStatutiMedievali.nsf/de148d287da34e08c1256e4c002f1718/66da69e7acb467b8c1256fac0040268e?OpenDocument",NA,NA,NA,NA,NA,NA,NA,NA,NA,NA,NA,"San Giovanni in Galilea (Borghi)","Borghi","040004",""
NA,NA,"https://www.senato.it/w3/Biblioteca/catalogoDegliStatutiMedievali.nsf/de148d287da34e08c1256e4c002f1718/672f63923c37d137c1256f9a0047ca66?OpenDocument",NA,NA,NA,NA,NA,NA,NA,NA,NA,NA,NA,"Caxorate, Casorate, Casolate","Casorate Sempione","12039",""
NA,NA,"https://www.senato.it/w3/Biblioteca/catalogoDegliStatutiMedievali.nsf/de148d287da34e08c1256e4c002f1718/6870004dcebfb31cc1256fac003ef958?OpenDocument",NA,NA,NA,NA,NA,NA,NA,NA,NA,NA,NA,"Rota (Tolfa)","Tolfa","58105",""
NA,NA,"https://www.senato.it/w3/Biblioteca/catalogoDegliStatutiMedievali.nsf/de148d287da34e08c1256e4c002f1718/6989570396a55a26c125708900338ce1?OpenDocument",NA,NA,NA,NA,NA,NA,NA,NA,NA,NA,NA,"Corfù","#VALUE!","","Y"
NA,NA,"https://www.senato.it/w3/Biblioteca/catalogoDegliStatutiMedievali.nsf/de148d287da34e08c1256e4c002f1718/69f1c7c438743979c1256f9a00423623?OpenDocument",NA,NA,NA,NA,NA,NA,NA,NA,NA,NA,NA,"Stalla, Bivio","#VALUE!","","Y"
NA,NA,"https://www.senato.it/w3/Biblioteca/catalogoDegliStatutiMedievali.nsf/de148d287da34e08c1256e4c002f1718/69fa89e5d743f2b0c1256fa300601548?OpenDocument",NA,NA,NA,NA,NA,NA,NA,NA,NA,NA,NA,"Monaco, Castrum Monachi, Castel Monaco","#VALUE!","","Y"
NA,NA,"https://www.senato.it/w3/Biblioteca/catalogoDegliStatutiMedievali.nsf/de148d287da34e08c1256e4c002f1718/6a9899feed212cbdc1256fa3005fcd3b?OpenDocument",NA,NA,NA,NA,NA,NA,NA,NA,NA,NA,NA,"Ponte a Macereto, Maciaretum, Macereto (Monticiano)","Monticiano","52018",""
NA,NA,"https://www.senato.it/w3/Biblioteca/catalogoDegliStatutiMedievali.nsf/de148d287da34e08c1256e4c002f1718/6aef44312fb6a78dc1256fac00403d41?OpenDocument",NA,NA,NA,NA,NA,NA,NA,NA,NA,NA,NA,"Senj, Segnia, Segna","#VALUE!","","Y"
NA,NA,"https://www.senato.it/w3/Biblioteca/catalogoDegliStatutiMedievali.nsf/de148d287da34e08c1256e4c002f1718/6b45785b8660caa2c1256fa3006022ce?OpenDocument",NA,NA,NA,NA,NA,NA,NA,NA,NA,NA,NA,"Montefegatese (Bagni di Lucca)","Bagni di Lucca","46002",""
NA,NA,"https://www.senato.it/w3/Biblioteca/catalogoDegliStatutiMedievali.nsf/de148d287da34e08c1256e4c002f1718/6b4a4e4f990edf28c1256fa3005fc779?OpenDocument",NA,NA,NA,NA,NA,NA,NA,NA,NA,NA,NA,"Luni (Ortonovo)","Ortonovo","11020",""
NA,NA,"https://www.senato.it/w3/Biblioteca/catalogoDegliStatutiMedievali.nsf/de148d287da34e08c1256e4c002f1718/6b80acb21383a27cc1256f9a004922d0?OpenDocument",NA,NA,NA,NA,NA,NA,NA,NA,NA,NA,NA,"Lacima, Cima (Porlezza)","Porlezza","13189",""
NA,NA,"https://www.senato.it/w3/Biblioteca/catalogoDegliStatutiMedievali.nsf/de148d287da34e08c1256e4c002f1718/6c0888dc580d2e5bc1256fa3005c6553?OpenDocument",NA,NA,NA,NA,NA,NA,NA,NA,NA,NA,NA,"Guzo, Gozo","#VALUE!","","Y"
NA,NA,"https://www.senato.it/w3/Biblioteca/catalogoDegliStatutiMedievali.nsf/de148d287da34e08c1256e4c002f1718/6c2af6e354120023c1256f9a0047d3dc?OpenDocument",NA,NA,NA,NA,NA,NA,NA,NA,NA,NA,NA,"Castel di Lago (Arrone)","Arrone","055005",""
NA,NA,"https://www.senato.it/w3/Biblioteca/catalogoDegliStatutiMedievali.nsf/de148d287da34e08c1256e4c002f1718/6c992a34f09ca18ec1256fac00402176?OpenDocument",NA,NA,NA,NA,NA,NA,NA,NA,NA,NA,NA,"Sant'Agata di Reggio","Sant'Agata del Bianco","80079",""
NA,NA,"https://www.senato.it/w3/Biblioteca/catalogoDegliStatutiMedievali.nsf/de148d287da34e08c1256e4c002f1718/6d26fe65cc7a6b02c1256fa300603168?OpenDocument",NA,NA,NA,NA,NA,NA,NA,NA,NA,NA,NA,"Moudon, Meldunum","#VALUE!","","Y"
NA,NA,"https://www.senato.it/w3/Biblioteca/catalogoDegliStatutiMedievali.nsf/de148d287da34e08c1256e4c002f1718/6df7bbbc6d5ffde1c1256faf0038002a?OpenDocument",NA,NA,NA,NA,NA,NA,NA,NA,NA,NA,NA,"Baugé, Bâgé-Le-Châtel","#VALUE!","","Y"
NA,NA,"https://www.senato.it/w3/Biblioteca/catalogoDegliStatutiMedievali.nsf/de148d287da34e08c1256e4c002f1718/6e11b3b8f3a163ffc1256fac004019cc?OpenDocument",NA,NA,NA,NA,NA,NA,NA,NA,NA,NA,NA,"Saint Maurice (Valais)","Valais","","Y"
NA,NA,"https://www.senato.it/w3/Biblioteca/catalogoDegliStatutiMedievali.nsf/de148d287da34e08c1256e4c002f1718/6e8503202ac9d9ebc1256fac00401f46?OpenDocument",NA,NA,NA,NA,NA,NA,NA,NA,NA,NA,NA,"Sanctus Petrus, Sampéyre, Sampeire","Sampeyre","4205",""
NA,NA,"https://www.senato.it/w3/Biblioteca/catalogoDegliStatutiMedievali.nsf/de148d287da34e08c1256e4c002f1718/6eeff0703e5c057ac1256fa2005a5486?OpenDocument",NA,NA,NA,NA,NA,NA,NA,NA,NA,NA,NA,"Isola d'Istria","#VALUE!","","Y"
NA,NA,"https://www.senato.it/w3/Biblioteca/catalogoDegliStatutiMedievali.nsf/de148d287da34e08c1256e4c002f1718/6f0f16cce4f2301dc1256fa400491e74?OpenDocument",NA,NA,NA,NA,NA,NA,NA,NA,NA,NA,NA,"Pont-de-Vaux","#VALUE!","","Y"
NA,NA,"https://www.senato.it/w3/Biblioteca/catalogoDegliStatutiMedievali.nsf/de148d287da34e08c1256e4c002f1718/6fcefca71782969cc1256fac004034c8?OpenDocument",NA,NA,NA,NA,NA,NA,NA,NA,NA,NA,NA,"Saxum Corvarium, Sassocorvaro","Sassocorvaro Auditore","41071",""
NA,NA,"https://www.senato.it/w3/Biblioteca/catalogoDegliStatutiMedievali.nsf/de148d287da34e08c1256e4c002f1718/705831ddddb8b1f5c1256f3b004d2112?OpenDocument",NA,NA,NA,NA,NA,NA,NA,NA,NA,NA,NA,"Thavodo, Tavodo (San Lorenzo Dorsino)","San Lorenzo Dorsino","22231",""
NA,NA,"https://www.senato.it/w3/Biblioteca/catalogoDegliStatutiMedievali.nsf/de148d287da34e08c1256e4c002f1718/70781a768e3f22ecc1256f9a0049198c?OpenDocument",NA,NA,NA,NA,NA,NA,NA,NA,NA,NA,NA,"Chiarentana (Chianciano Terme), Chiarantana","Chianciano Terme","52009",""
NA,NA,"https://www.senato.it/w3/Biblioteca/catalogoDegliStatutiMedievali.nsf/de148d287da34e08c1256e4c002f1718/70956d4a706d076dc1256f9a0042772a?OpenDocument",NA,NA,NA,NA,NA,NA,NA,NA,NA,NA,NA,"Bozzano (Mazzarosa), Bozano","Mazzarosa","46018",""
NA,NA,"https://www.senato.it/w3/Biblioteca/catalogoDegliStatutiMedievali.nsf/de148d287da34e08c1256e4c002f1718/709edec84b28b656c1256f9a0047c91b?OpenDocument",NA,NA,NA,NA,NA,NA,NA,NA,NA,NA,NA,"Settimo (piviere), Casellina (Scandicci)","Scandicci","48041",""
NA,NA,"https://www.senato.it/w3/Biblioteca/catalogoDegliStatutiMedievali.nsf/de148d287da34e08c1256e4c002f1718/70bcd3e83d37e38fc1256fa2005a4ae1?OpenDocument",NA,NA,NA,NA,NA,NA,NA,NA,NA,NA,NA,"Gragnola (Fosdinovo)","Fosdinovo","45008",""
NA,NA,"https://www.senato.it/w3/Biblioteca/catalogoDegliStatutiMedievali.nsf/de148d287da34e08c1256e4c002f1718/70c6ae1964484c0ec1256f9a004234fa?OpenDocument",NA,NA,NA,NA,NA,NA,NA,NA,NA,NA,NA,"Biguglia","#VALUE!","","Y"
NA,NA,"https://www.senato.it/w3/Biblioteca/catalogoDegliStatutiMedievali.nsf/de148d287da34e08c1256e4c002f1718/7152bdd1ec254a27c1256f9a004059c5?OpenDocument",NA,NA,NA,NA,NA,NA,NA,NA,NA,NA,NA,"Arbi, Arbe","Sale delle Langhe","4199",""
NA,NA,"https://www.senato.it/w3/Biblioteca/catalogoDegliStatutiMedievali.nsf/de148d287da34e08c1256e4c002f1718/721a61a1fbda4545c1256fa400490ec0?OpenDocument",NA,NA,NA,NA,NA,NA,NA,NA,NA,NA,NA,"Piranum, Pirano","#VALUE!","","Y"
NA,NA,"https://www.senato.it/w3/Biblioteca/catalogoDegliStatutiMedievali.nsf/de148d287da34e08c1256e4c002f1718/7246e9c06d4c0df7c1256fac004023b4?OpenDocument",NA,NA,NA,NA,NA,NA,NA,NA,NA,NA,NA,"San Cassiano (Imola)","Imola","037032",""
NA,NA,"https://www.senato.it/w3/Biblioteca/catalogoDegliStatutiMedievali.nsf/de148d287da34e08c1256e4c002f1718/72c6c4d91a5c61a5c1256fa3005ee789?OpenDocument",NA,NA,NA,NA,NA,NA,NA,NA,NA,NA,NA,"Léaz","#VALUE!","","Y"
NA,NA,"https://www.senato.it/w3/Biblioteca/catalogoDegliStatutiMedievali.nsf/de148d287da34e08c1256e4c002f1718/74371fad159f6895c1256fac00405493?OpenDocument",NA,NA,NA,NA,NA,NA,NA,NA,NA,NA,NA,"Stevanacum, Stevanachum, Stephanagum, Stefanago (Staghiglione, fraz. di Borgo Priolo)","Borgo Priolo","18016",""
NA,NA,"https://www.senato.it/w3/Biblioteca/catalogoDegliStatutiMedievali.nsf/de148d287da34e08c1256e4c002f1718/74c7dc3dcb58add2c1256fac0040302c?OpenDocument",NA,NA,NA,NA,NA,NA,NA,NA,NA,NA,NA,"Sant'Ospizio, Saint'Hospice (Villefranche sur Mer)","Villefranche sur Mer","","Y"
NA,NA,"https://www.senato.it/w3/Biblioteca/catalogoDegliStatutiMedievali.nsf/de148d287da34e08c1256e4c002f1718/75242087302afb74c1256f9a0054e16e?OpenDocument",NA,NA,NA,NA,NA,NA,NA,NA,NA,NA,NA,"Conthey","#VALUE!","","Y"
NA,NA,"https://www.senato.it/w3/Biblioteca/catalogoDegliStatutiMedievali.nsf/de148d287da34e08c1256e4c002f1718/75b74eb4f33443cac1256f9a00427897?OpenDocument",NA,NA,NA,NA,NA,NA,NA,NA,NA,NA,NA,"Brando","#VALUE!","","Y"
NA,NA,"https://www.senato.it/w3/Biblioteca/catalogoDegliStatutiMedievali.nsf/de148d287da34e08c1256e4c002f1718/75c1a1aff6715961c1256f3b004d2220?OpenDocument",NA,NA,NA,NA,NA,NA,NA,NA,NA,NA,NA,"Trilacum, Terlago, Terlacum","Vallelaghi","22248",""
NA,NA,"https://www.senato.it/w3/Biblioteca/catalogoDegliStatutiMedievali.nsf/de148d287da34e08c1256e4c002f1718/7644a1b02015b9a0c1256fa2005a485f?OpenDocument",NA,NA,NA,NA,NA,NA,NA,NA,NA,NA,NA,"Giuvianum, Gioviano (Borgo a Mozzano)","Borgo a Mozzano","46004",""
NA,NA,"https://www.senato.it/w3/Biblioteca/catalogoDegliStatutiMedievali.nsf/de148d287da34e08c1256e4c002f1718/7677fcbfc968a8abc1256fa3005fbb0d?OpenDocument",NA,NA,NA,NA,NA,NA,NA,NA,NA,NA,NA,"Loyes","#VALUE!","","Y"
NA,NA,"https://www.senato.it/w3/Biblioteca/catalogoDegliStatutiMedievali.nsf/de148d287da34e08c1256e4c002f1718/76f087c7a9cd720ec1256f9a004223ca?OpenDocument",NA,NA,NA,NA,NA,NA,NA,NA,NA,NA,NA,"Barbana d'Istria","#VALUE!","","Y"
NA,NA,"https://www.senato.it/w3/Biblioteca/catalogoDegliStatutiMedievali.nsf/de148d287da34e08c1256e4c002f1718/76f7bc2bf9bc4f6bc1256fa4004921fd?OpenDocument",NA,NA,NA,NA,NA,NA,NA,NA,NA,NA,NA,"Pradibondo (Bondo)","Bondo","022246",""
NA,NA,"https://www.senato.it/w3/Biblioteca/catalogoDegliStatutiMedievali.nsf/de148d287da34e08c1256e4c002f1718/772760d37cdcc1f2c1256fa20059f9bd?OpenDocument",NA,NA,NA,NA,NA,NA,NA,NA,NA,NA,NA,"Famagusta, Famagosta, Fama Augusta","#VALUE!","","Y"
NA,NA,"https://www.senato.it/w3/Biblioteca/catalogoDegliStatutiMedievali.nsf/de148d287da34e08c1256e4c002f1718/77394b4494325c72c1256fa2005a2e78?OpenDocument",NA,NA,NA,NA,NA,NA,NA,NA,NA,NA,NA,"Galciana (Prato)","Prato","100005",""
NA,NA,"https://www.senato.it/w3/Biblioteca/catalogoDegliStatutiMedievali.nsf/de148d287da34e08c1256e4c002f1718/776ddc1c7afde2b5c1256f9a00423317?OpenDocument",NA,NA,NA,NA,NA,NA,NA,NA,NA,NA,NA,"Bergatto, Bergato","#VALUE!","","Y"
NA,NA,"https://www.senato.it/w3/Biblioteca/catalogoDegliStatutiMedievali.nsf/de148d287da34e08c1256e4c002f1718/7775f557edfbd1f5c1256fa2005a4b95?OpenDocument",NA,NA,NA,NA,NA,NA,NA,NA,NA,NA,NA,"Grisignana d'Istria","#VALUE!","","Y"
NA,NA,"https://www.senato.it/w3/Biblioteca/catalogoDegliStatutiMedievali.nsf/de148d287da34e08c1256e4c002f1718/77d0bb95e5e6e1a4c1256fac00402efd?OpenDocument",NA,NA,NA,NA,NA,NA,NA,NA,NA,NA,NA,"Santa Maria Oliveto (Pozzilli)","Pozzilli","094038",""
NA,NA,"https://www.senato.it/w3/Biblioteca/catalogoDegliStatutiMedievali.nsf/de148d287da34e08c1256e4c002f1718/77eac14810c2aba7c1256f9a0047cead?OpenDocument",NA,NA,NA,NA,NA,NA,NA,NA,NA,NA,NA,"Castella (Isola Capo Rizzuto)","Isola di Capo Rizzuto","101013",""
NA,NA,"https://www.senato.it/w3/Biblioteca/catalogoDegliStatutiMedievali.nsf/de148d287da34e08c1256e4c002f1718/7853df6577416b62c1256fac004019fe?OpenDocument",NA,NA,NA,NA,NA,NA,NA,NA,NA,NA,NA,"Saint Trivier de Courtes, Saint Trivier de Cortoux","#VALUE!","","Y"
NA,NA,"https://www.senato.it/w3/Biblioteca/catalogoDegliStatutiMedievali.nsf/de148d287da34e08c1256e4c002f1718/789b2ee5cb90b115c1256fa3005fe2ac?OpenDocument",NA,NA,NA,NA,NA,NA,NA,NA,NA,NA,NA,"Mègéve","#VALUE!","","Y"
NA,NA,"https://www.senato.it/w3/Biblioteca/catalogoDegliStatutiMedievali.nsf/de148d287da34e08c1256e4c002f1718/791dbd84fac60cbdc1256fa3005ee662?OpenDocument",NA,NA,NA,NA,NA,NA,NA,NA,NA,NA,NA,"Laterina","Laterina di Pergine Valdarno","51042",""
NA,NA,"https://www.senato.it/w3/Biblioteca/catalogoDegliStatutiMedievali.nsf/de148d287da34e08c1256e4c002f1718/7a60a02ae3de269bc1256f9a00405f37?OpenDocument",NA,NA,NA,NA,NA,NA,NA,NA,NA,NA,NA,"Axillianum, Assiano (Milano)","Milano","15146",""
NA,NA,"",NA,NA,NA,NA,NA,NA,NA,NA,NA,NA,NA,"Montecalvo (Acquasanta e Valle Castellana), Montecalvi","Valle Castellana","067046",""
NA,NA,"https://www.senato.it/w3/Biblioteca/catalogoDegliStatutiMedievali.nsf/de148d287da34e08c1256e4c002f1718/7a9872a9f23d1161c1256fa300601f5c?OpenDocument",NA,NA,NA,NA,NA,NA,NA,NA,NA,NA,NA,"Montecalvo (Acquasanta e Valle Castellana), Montecalvi","Acquasanta Terme","44001",""
NA,NA,"https://www.senato.it/w3/Biblioteca/catalogoDegliStatutiMedievali.nsf/de148d287da34e08c1256e4c002f1718/7b0df3b93ff76560c1256fa40048d661?OpenDocument",NA,NA,NA,NA,NA,NA,NA,NA,NA,NA,NA,"Usonia, Osogna","#VALUE!","","Y"
NA,NA,"https://www.senato.it/w3/Biblioteca/catalogoDegliStatutiMedievali.nsf/de148d287da34e08c1256e4c002f1718/7b1b322a69ceefc3c1256f3b004d20f0?OpenDocument",NA,NA,NA,NA,NA,NA,NA,NA,NA,NA,NA,"Taberna","Taverna","79146","uncertain"
NA,NA,"https://www.senato.it/w3/Biblioteca/catalogoDegliStatutiMedievali.nsf/de148d287da34e08c1256e4c002f1718/7b8da4508388d67ac1256fa300602a58?OpenDocument",NA,NA,NA,NA,NA,NA,NA,NA,NA,NA,NA,"Monterolo (Pergola)","Pergola","041043",""
NA,NA,"https://www.senato.it/w3/Biblioteca/catalogoDegliStatutiMedievali.nsf/de148d287da34e08c1256e4c002f1718/7c7d72381711f38bc1256f9a00427109?OpenDocument",NA,NA,NA,NA,NA,NA,NA,NA,NA,NA,NA,"Bulsanum, Bozen, Botzen, Bolzano, Bolgiano","Bolzano","21008",""
NA,NA,"https://www.senato.it/w3/Biblioteca/catalogoDegliStatutiMedievali.nsf/de148d287da34e08c1256e4c002f1718/7dc9c0c006b136bcc1256fac003ef3d9?OpenDocument",NA,NA,NA,NA,NA,NA,NA,NA,NA,NA,NA,"Rocca di Tintinnano, Rocca d'Orcia (Castiglione d'Orcia), Arcis de Tintinano","Castiglione d'Orcia","52007",""
NA,NA,"https://www.senato.it/w3/Biblioteca/catalogoDegliStatutiMedievali.nsf/de148d287da34e08c1256e4c002f1718/7e3189a4180b5385c125709000508d5a?OpenDocument",NA,NA,NA,NA,NA,NA,NA,NA,NA,NA,NA,"Piediluco (Terni), Pedislucus","Terni","055032",""
NA,NA,"https://www.senato.it/w3/Biblioteca/catalogoDegliStatutiMedievali.nsf/de148d287da34e08c1256e4c002f1718/7e6b9798ca629e59c1256fac004041a6?OpenDocument",NA,NA,NA,NA,NA,NA,NA,NA,NA,NA,NA,"Serra Pistoiese (Marliana)","Marliana","47007",""
NA,NA,"https://www.senato.it/w3/Biblioteca/catalogoDegliStatutiMedievali.nsf/de148d287da34e08c1256e4c002f1718/7eaeea6b811af905c1256fac004019b9?OpenDocument",NA,NA,NA,NA,NA,NA,NA,NA,NA,NA,NA,"Saint Jeoire en Faucigny","#VALUE!","","Y"
NA,NA,"https://www.senato.it/w3/Biblioteca/catalogoDegliStatutiMedievali.nsf/de148d287da34e08c1256e4c002f1718/7ecb917bc9cfb272c1256f3b004d21ad?OpenDocument",NA,NA,NA,NA,NA,NA,NA,NA,NA,NA,NA,"Valsugana, Telvana","Borgo Valsugana","22022",""
NA,NA,"https://www.senato.it/w3/Biblioteca/catalogoDegliStatutiMedievali.nsf/de148d287da34e08c1256e4c002f1718/7f6634282d147087c1256f9a0047be76?OpenDocument",NA,NA,NA,NA,NA,NA,NA,NA,NA,NA,NA,"Capugnano (Porretta Terme)","Alto Reno Terme","37062",""
NA,NA,"https://www.senato.it/w3/Biblioteca/catalogoDegliStatutiMedievali.nsf/de148d287da34e08c1256e4c002f1718/7f686e17318de8b8c1257091002b6491?OpenDocument",NA,NA,NA,NA,NA,NA,NA,NA,NA,NA,NA,"Pont-d'Ain","#VALUE!","","Y"
NA,NA,"https://www.senato.it/w3/Biblioteca/catalogoDegliStatutiMedievali.nsf/de148d287da34e08c1256e4c002f1718/7ff45ce55034e754c1256fa40047ea0e?OpenDocument",NA,NA,NA,NA,NA,NA,NA,NA,NA,NA,NA,"Leynì, Leiniacum, Laynicum, Laniacum","#VALUE!","",""
NA,NA,"https://www.senato.it/w3/Biblioteca/catalogoDegliStatutiMedievali.nsf/de148d287da34e08c1256e4c002f1718/80dee646ec8a15f0c1256fac00402b9b?OpenDocument",NA,NA,NA,NA,NA,NA,NA,NA,NA,NA,NA,"Sanctus Romulus, San Romolo, San Remo","Sanremo","8055",""
NA,NA,"https://www.senato.it/w3/Biblioteca/catalogoDegliStatutiMedievali.nsf/de148d287da34e08c1256e4c002f1718/80ede8a1cce0bcb6c1256f3b004d31b4?OpenDocument",NA,NA,NA,NA,NA,NA,NA,NA,NA,NA,NA,"Treschè Conca (Roana)","Roana","24085",""
NA,NA,"https://www.senato.it/w3/Biblioteca/catalogoDegliStatutiMedievali.nsf/de148d287da34e08c1256e4c002f1718/81c5367a51330047c1256f9a0040507d?OpenDocument",NA,NA,NA,NA,NA,NA,NA,NA,NA,NA,NA,"Albens","#VALUE!","","Y"
NA,NA,"https://www.senato.it/w3/Biblioteca/catalogoDegliStatutiMedievali.nsf/de148d287da34e08c1256e4c002f1718/829fafbd720536ddc1256f9a0056dfa0?OpenDocument",NA,NA,NA,NA,NA,NA,NA,NA,NA,NA,NA,"Corniolo (Santa Sofia)","Santa Sofia","40043",""
NA,NA,"https://www.senato.it/w3/Biblioteca/catalogoDegliStatutiMedievali.nsf/de148d287da34e08c1256e4c002f1718/842d7ceabab668aac1256fa30068a01d?OpenDocument",NA,NA,NA,NA,NA,NA,NA,NA,NA,NA,NA,"Montreux","#VALUE!","","Y"
NA,NA,"https://www.senato.it/w3/Biblioteca/catalogoDegliStatutiMedievali.nsf/de148d287da34e08c1256e4c002f1718/84314b3b87c71958c1256f9a0047afa9?OpenDocument",NA,NA,NA,NA,NA,NA,NA,NA,NA,NA,NA,"Calpuno (Lurago d'Erba)","Lurago d'Erba","013136",""
NA,NA,"https://www.senato.it/w3/Biblioteca/catalogoDegliStatutiMedievali.nsf/de148d287da34e08c1256e4c002f1718/84aa0219b2d1698ec1256fa400492156?OpenDocument",NA,NA,NA,NA,NA,NA,NA,NA,NA,NA,NA,"Puschlev, Puschlavium, Postlacum, Postclavium, Poschiavo, Pesclavium","#VALUE!","","Y"
NA,NA,"https://www.senato.it/w3/Biblioteca/catalogoDegliStatutiMedievali.nsf/de148d287da34e08c1256e4c002f1718/851c8d54f58fedc1c1256f9a0045431a?OpenDocument",NA,NA,NA,NA,NA,NA,NA,NA,NA,NA,NA,"Bulgherum, Bolghieri, Bolgheri (Castagneto Carducci), Bogori","Castagneto Carducci","49006",""
NA,NA,"https://www.senato.it/w3/Biblioteca/catalogoDegliStatutiMedievali.nsf/de148d287da34e08c1256e4c002f1718/855b5b367ce73d6bc1256fa300602448?OpenDocument",NA,NA,NA,NA,NA,NA,NA,NA,NA,NA,NA,"Montegnacco (Cassacco), Montagnacco","Cassacco","30019",""
NA,NA,"https://www.senato.it/w3/Biblioteca/catalogoDegliStatutiMedievali.nsf/de148d287da34e08c1256e4c002f1718/8653ad1c535fb171c1256f3b004d2c93?OpenDocument",NA,NA,NA,NA,NA,NA,NA,NA,NA,NA,NA,"Traffiume (Cannobio)","Cannobio","30019",""
NA,NA,"https://www.senato.it/w3/Biblioteca/catalogoDegliStatutiMedievali.nsf/de148d287da34e08c1256e4c002f1718/86d9de34907ace06c1256f9a00406491?OpenDocument",NA,NA,NA,NA,NA,NA,NA,NA,NA,NA,NA,"Avexa, Avesa (Verona)","Verona","23091",""
NA,NA,"https://www.senato.it/w3/Biblioteca/catalogoDegliStatutiMedievali.nsf/de148d287da34e08c1256e4c002f1718/874ec9c5244c0e94c12571d50026f4e7?OpenDocument",NA,NA,NA,NA,NA,NA,NA,NA,NA,NA,NA,"Caviano","#VALUE!","","Y"
NA,NA,"https://www.senato.it/w3/Biblioteca/catalogoDegliStatutiMedievali.nsf/de148d287da34e08c1256e4c002f1718/87dde75b16587e1ec1256f9a00404c66?OpenDocument",NA,NA,NA,NA,NA,NA,NA,NA,NA,NA,NA,"Abondance","#VALUE!","","Y"
NA,NA,"https://www.senato.it/w3/Biblioteca/catalogoDegliStatutiMedievali.nsf/de148d287da34e08c1256e4c002f1718/8924295aca601ff6c1256fa400491dfa?OpenDocument",NA,NA,NA,NA,NA,NA,NA,NA,NA,NA,NA,"Pont-Canavese, Pons in Canapicio","Pont Canavese","1199",""
NA,NA,"https://www.senato.it/w3/Biblioteca/catalogoDegliStatutiMedievali.nsf/de148d287da34e08c1256e4c002f1718/892fd8f15cceb658c1256f9a00427225?OpenDocument",NA,NA,NA,NA,NA,NA,NA,NA,NA,NA,NA,"Buonacquisto, Bonaquistum, Bonacquisto (Arrone)","Arrone","55005",""
NA,NA,"https://www.senato.it/w3/Biblioteca/catalogoDegliStatutiMedievali.nsf/de148d287da34e08c1256e4c002f1718/895fbbb343ac9d86c1256fac00403f94?OpenDocument",NA,NA,NA,NA,NA,NA,NA,NA,NA,NA,NA,"Sibenicum, Sebenico","#VALUE!","","Y"
NA,NA,"https://www.senato.it/w3/Biblioteca/catalogoDegliStatutiMedievali.nsf/de148d287da34e08c1256e4c002f1718/8b1dcbc1996d197ec1256f9a0047b654?OpenDocument",NA,NA,NA,NA,NA,NA,NA,NA,NA,NA,NA,"Canavisium, Canavese, Canavasium, Canapicium","#VALUE!","","uncertain"
NA,NA,"https://www.senato.it/w3/Biblioteca/catalogoDegliStatutiMedievali.nsf/de148d287da34e08c1256e4c002f1718/8b75366876c988ecc1256f9a0054cccd?OpenDocument",NA,NA,NA,NA,NA,NA,NA,NA,NA,NA,NA,"Cladrezis, Cladrecis (Prepotto)","Prepotto","30085",""
NA,NA,"https://www.senato.it/w3/Biblioteca/catalogoDegliStatutiMedievali.nsf/de148d287da34e08c1256e4c002f1718/8c57ba690067929fc1256fac003efe97?OpenDocument",NA,NA,NA,NA,NA,NA,NA,NA,NA,NA,NA,"Rue","#VALUE!","","Y"
NA,NA,"https://www.senato.it/w3/Biblioteca/catalogoDegliStatutiMedievali.nsf/de148d287da34e08c1256e4c002f1718/8cfabd866d368e8ec1256fa40048e85a?OpenDocument",NA,NA,NA,NA,NA,NA,NA,NA,NA,NA,NA,"Panicarola (Castiglione del Lago)","Castiglione del Lago","54009",""
NA,NA,"https://www.senato.it/w3/Biblioteca/catalogoDegliStatutiMedievali.nsf/de148d287da34e08c1256e4c002f1718/8d75e54cf75d79b3c1256f9a0042763e?OpenDocument",NA,NA,NA,NA,NA,NA,NA,NA,NA,NA,NA,"Bueglio, Bovelium, Boveglio (Villa Basilica)","Villa Basilica","046034",""
NA,NA,"https://www.senato.it/w3/Biblioteca/catalogoDegliStatutiMedievali.nsf/de148d287da34e08c1256e4c002f1718/8d8a626664692b00c1256f3b004d1f68?OpenDocument",NA,NA,NA,NA,NA,NA,NA,NA,NA,NA,NA,"Thaium, Thaio, Taio","Predaia","22230",""
NA,NA,"https://www.senato.it/w3/Biblioteca/catalogoDegliStatutiMedievali.nsf/de148d287da34e08c1256e4c002f1718/8fa5cc40824d391dc1256fa2005a53ee?OpenDocument",NA,NA,NA,NA,NA,NA,NA,NA,NA,NA,NA,"Intrania, Intragna (Centovalli)","Centovalli","",""
NA,NA,"https://www.senato.it/w3/Biblioteca/catalogoDegliStatutiMedievali.nsf/de148d287da34e08c1256e4c002f1718/8ff285f89d607db6c1257089002ca42a?OpenDocument",NA,NA,NA,NA,NA,NA,NA,NA,NA,NA,NA,"Chambéry, Chamberiacum","#VALUE!","","Y"
NA,NA,"https://www.senato.it/w3/Biblioteca/catalogoDegliStatutiMedievali.nsf/de148d287da34e08c1256e4c002f1718/913aa227d662a06fc1256fa300602562?OpenDocument",NA,NA,NA,NA,NA,NA,NA,NA,NA,NA,NA,"Montello (Provincia di Treviso)","Montello","16139",""
NA,NA,"https://www.senato.it/w3/Biblioteca/catalogoDegliStatutiMedievali.nsf/de148d287da34e08c1256e4c002f1718/914e730f37e4b074c1256f9a0056e822?OpenDocument",NA,NA,NA,NA,NA,NA,NA,NA,NA,NA,NA,"Crana (Santa Maria Maggiore)","Santa Maria Maggiore","103062",""
NA,NA,"https://www.senato.it/w3/Biblioteca/catalogoDegliStatutiMedievali.nsf/de148d287da34e08c1256e4c002f1718/9177def7c21aaa78c1256f3b004d2e7c?OpenDocument",NA,NA,NA,NA,NA,NA,NA,NA,NA,NA,NA,"Trogir, Traù, Tragurium","#VALUE!","","Y"
NA,NA,"https://www.senato.it/w3/Biblioteca/catalogoDegliStatutiMedievali.nsf/de148d287da34e08c1256e4c002f1718/91bed82555da193dc1256f9a0047b627?OpenDocument",NA,NA,NA,NA,NA,NA,NA,NA,NA,NA,NA,"Canari","#VALUE!","","Y"
NA,NA,"https://www.senato.it/w3/Biblioteca/catalogoDegliStatutiMedievali.nsf/de148d287da34e08c1256e4c002f1718/91bf3026e24223f6c1256fac004029d5?OpenDocument",NA,NA,NA,NA,NA,NA,NA,NA,NA,NA,NA,"San Martino in Soverzano (Minerbio)","Minerbio","037038",""
NA,NA,"https://www.senato.it/w3/Biblioteca/catalogoDegliStatutiMedievali.nsf/de148d287da34e08c1256e4c002f1718/92c6824ce79d7c1fc1256f9a004224f3?OpenDocument",NA,NA,NA,NA,NA,NA,NA,NA,NA,NA,NA,"Barchium, Barchi","Terre Roveresche","41070",""
NA,NA,"https://www.senato.it/w3/Biblioteca/catalogoDegliStatutiMedievali.nsf/de148d287da34e08c1256e4c002f1718/9308681a2ccc3c6dc1256fa300600a63?OpenDocument",NA,NA,NA,NA,NA,NA,NA,NA,NA,NA,NA,"Miradolo (San Secondo di Pinerolo)","San Secondo di Pinerolo","1254",""
NA,NA,"https://www.senato.it/w3/Biblioteca/catalogoDegliStatutiMedievali.nsf/de148d287da34e08c1256e4c002f1718/9344c85454224b2cc1256f40003cfc63?OpenDocument",NA,NA,NA,NA,NA,NA,NA,NA,NA,NA,NA,"Trsat, Tersatto (Fiume), Tarsatica","Fiume","","Y"
NA,NA,"https://www.senato.it/w3/Biblioteca/catalogoDegliStatutiMedievali.nsf/de148d287da34e08c1256e4c002f1718/9441e47925896295c1256fa400491ba6?OpenDocument",NA,NA,NA,NA,NA,NA,NA,NA,NA,NA,NA,"Policastro Bussentino (Santa Marina), Policastro","Santa Marina","65127",""
NA,NA,"https://www.senato.it/w3/Biblioteca/catalogoDegliStatutiMedievali.nsf/de148d287da34e08c1256e4c002f1718/9484feb85072b308c1256f9a0042836d?OpenDocument",NA,NA,NA,NA,NA,NA,NA,NA,NA,NA,NA,"Buia","Buja","30013",""
NA,NA,"https://www.senato.it/w3/Biblioteca/catalogoDegliStatutiMedievali.nsf/de148d287da34e08c1256e4c002f1718/954cad3fc2cb779fc1256fa300600a74?OpenDocument",NA,NA,NA,NA,NA,NA,NA,NA,NA,NA,NA,"Miribel","#VALUE!","","Y"
NA,NA,"https://www.senato.it/w3/Biblioteca/catalogoDegliStatutiMedievali.nsf/de148d287da34e08c1256e4c002f1718/955d875e2de9fc95c1256f9a0056d7a2?OpenDocument",NA,NA,NA,NA,NA,NA,NA,NA,NA,NA,NA,"Ceneta, Ceneda (Vittorio Veneto)","Vittorio Veneto","026092",""
NA,NA,"https://www.senato.it/w3/Biblioteca/catalogoDegliStatutiMedievali.nsf/de148d287da34e08c1256e4c002f1718/95631d1a50d371cec1256f9a0047bc32?OpenDocument",NA,NA,NA,NA,NA,NA,NA,NA,NA,NA,NA,"Justinopolis, Capodistria","#VALUE!","","Y"
NA,NA,"https://www.senato.it/w3/Biblioteca/catalogoDegliStatutiMedievali.nsf/de148d287da34e08c1256e4c002f1718/95789f3158f4d32ec1256fa80054244d?OpenDocument",NA,NA,NA,NA,NA,NA,NA,NA,NA,NA,NA,"Borgo Panigale (Bologna)","Bologna","37006",""
NA,NA,"https://www.senato.it/w3/Biblioteca/catalogoDegliStatutiMedievali.nsf/de148d287da34e08c1256e4c002f1718/95ee4622999faf41c1256fa40048f718?OpenDocument",NA,NA,NA,NA,NA,NA,NA,NA,NA,NA,NA,"Pelia, Pela, Peglia","#VALUE!","","Y"
NA,NA,"https://www.senato.it/w3/Biblioteca/catalogoDegliStatutiMedievali.nsf/de148d287da34e08c1256e4c002f1718/965e2a6ce1836c2ec1256fa2005a48ac?OpenDocument",NA,NA,NA,NA,NA,NA,NA,NA,NA,NA,NA,"Giudicarie","#VALUE!","","uncertain"
NA,NA,"https://www.senato.it/w3/Biblioteca/catalogoDegliStatutiMedievali.nsf/de148d287da34e08c1256e4c002f1718/965ebb928b2930cfc1256fac00405034?OpenDocument",NA,NA,NA,NA,NA,NA,NA,NA,NA,NA,NA,"Smarano","Predaia","22230",""
NA,NA,"https://www.senato.it/w3/Biblioteca/catalogoDegliStatutiMedievali.nsf/de148d287da34e08c1256e4c002f1718/96781e45002f5417c1257a70004e2415?OpenDocument",NA,NA,NA,NA,NA,NA,NA,NA,NA,NA,NA,"Usserum, Ossero, Osor, Ausserum, Abserum","#VALUE!","","Y"
NA,NA,"https://www.senato.it/w3/Biblioteca/catalogoDegliStatutiMedievali.nsf/de148d287da34e08c1256e4c002f1718/976d302aaf24bcdec1256fac00404024?OpenDocument",NA,NA,NA,NA,NA,NA,NA,NA,NA,NA,NA,"Sermidium, Sermide, Sermedium, Sermedi","Sermide e Felonica","20061",""
NA,NA,"https://www.senato.it/w3/Biblioteca/catalogoDegliStatutiMedievali.nsf/de148d287da34e08c1256e4c002f1718/9788ab1036850caac1256fa300601f07?OpenDocument",NA,NA,NA,NA,NA,NA,NA,NA,NA,NA,NA,"Montebabbio (Castellarano), Monsbabulus","Castellarano","035014",""
NA,NA,"https://www.senato.it/w3/Biblioteca/catalogoDegliStatutiMedievali.nsf/de148d287da34e08c1256e4c002f1718/97bee8c3e79ee493c1256fac00402f7c?OpenDocument",NA,NA,NA,NA,NA,NA,NA,NA,NA,NA,NA,"Santo Stefano d'Ombla","#VALUE!","","Y"
NA,NA,"https://www.senato.it/w3/Biblioteca/catalogoDegliStatutiMedievali.nsf/de148d287da34e08c1256e4c002f1718/97f8ff0d81ec233ac1256fac00403b3e?OpenDocument",NA,NA,NA,NA,NA,NA,NA,NA,NA,NA,NA,"Scavolino (Pennabilli)","Pennabilli","99024",""
NA,NA,"https://www.senato.it/w3/Biblioteca/catalogoDegliStatutiMedievali.nsf/de148d287da34e08c1256e4c002f1718/99a502f52286642ac1256f9a004228ae?OpenDocument",NA,NA,NA,NA,NA,NA,NA,NA,NA,NA,NA,"Beaufort","#VALUE!","","Y"
NA,NA,"https://www.senato.it/w3/Biblioteca/catalogoDegliStatutiMedievali.nsf/de148d287da34e08c1256e4c002f1718/9a0f85bc958f6c88c1256f9a0047d040?OpenDocument",NA,NA,NA,NA,NA,NA,NA,NA,NA,NA,NA,"Castelnuovo d'Elsa (Castelfiorentino)","Castelfiorentino","48010",""
NA,NA,"https://www.senato.it/w3/Biblioteca/catalogoDegliStatutiMedievali.nsf/de148d287da34e08c1256e4c002f1718/9a1657db8d295517c1256f9a00427f91?OpenDocument",NA,NA,NA,NA,NA,NA,NA,NA,NA,NA,NA,"Bresse","","","Y"
NA,NA,"https://www.senato.it/w3/Biblioteca/catalogoDegliStatutiMedievali.nsf/de148d287da34e08c1256e4c002f1718/9a3c80b865374020c1256fac003eedd7?OpenDocument",NA,NA,NA,NA,NA,NA,NA,NA,NA,NA,NA,"Rio Marina","Rio","49021",""
NA,NA,"https://www.senato.it/w3/Biblioteca/catalogoDegliStatutiMedievali.nsf/de148d287da34e08c1256e4c002f1718/9ae85ff9344a25e2c1256fa400490bb1?OpenDocument",NA,NA,NA,NA,NA,NA,NA,NA,NA,NA,NA,"Piena (Olivetta San Michele), Penna","Olivetta San Michele","8038",""
NA,NA,"https://www.senato.it/w3/Biblioteca/catalogoDegliStatutiMedievali.nsf/de148d287da34e08c1256e4c002f1718/9fbc4c3b0f873daac1256f9a004921d3?OpenDocument",NA,NA,NA,NA,NA,NA,NA,NA,NA,NA,NA,"Cicignano (Collevecchio)","Collevecchio","57021",""
NA,NA,"https://www.senato.it/w3/Biblioteca/catalogoDegliStatutiMedievali.nsf/de148d287da34e08c1256e4c002f1718/a0c9256e0e3d9162c1256f9a0054cdb0?OpenDocument",NA,NA,NA,NA,NA,NA,NA,NA,NA,NA,NA,"Codiponte (Casola in Lunigiana)","Casola in Lunigiana","45004",""
NA,NA,"https://www.senato.it/w3/Biblioteca/catalogoDegliStatutiMedievali.nsf/de148d287da34e08c1256e4c002f1718/a0de2b7d566b4712c1256fac0040355e?OpenDocument",NA,NA,NA,NA,NA,NA,NA,NA,NA,NA,NA,"Saturnia (Manciano)","Manciano","53014",""
NA,NA,"https://www.senato.it/w3/Biblioteca/catalogoDegliStatutiMedievali.nsf/de148d287da34e08c1256e4c002f1718/a15e2e02e0050503c1256fa2005a2e5f?OpenDocument",NA,NA,NA,NA,NA,NA,NA,NA,NA,NA,NA,"Galata","","","Y"
NA,NA,"https://www.senato.it/w3/Biblioteca/catalogoDegliStatutiMedievali.nsf/de148d287da34e08c1256e4c002f1718/a18ab2ce75ee1433c1256f9a0047c4cd?OpenDocument",NA,NA,NA,NA,NA,NA,NA,NA,NA,NA,NA,"Casalecchio dei Conti (Castel San Pietro Terme)","Castel San Pietro Terme","37020",""
NA,NA,"https://www.senato.it/w3/Biblioteca/catalogoDegliStatutiMedievali.nsf/de148d287da34e08c1256e4c002f1718/a1c0ac52bb961c61c1256fa300601f17?OpenDocument",NA,NA,NA,NA,NA,NA,NA,NA,NA,NA,NA,"Montebello (Sogliano al Rubicone)","Sogliano al Rubicone","40046",""
NA,NA,"https://www.senato.it/w3/Biblioteca/catalogoDegliStatutiMedievali.nsf/de148d287da34e08c1256e4c002f1718/a2865c7cffd3cd11c1256f9a0047a5e0?OpenDocument",NA,NA,NA,NA,NA,NA,NA,NA,NA,NA,NA,"Caderzone","Caderzone Terme","22029",""
NA,NA,"https://www.senato.it/w3/Biblioteca/catalogoDegliStatutiMedievali.nsf/de148d287da34e08c1256e4c002f1718/a329444ae81a2637c1256f9a00405b89?OpenDocument",NA,NA,NA,NA,NA,NA,NA,NA,NA,NA,NA,"Arcoveggio (Bologna)","Bologna","37006",""
NA,NA,"https://www.senato.it/w3/Biblioteca/catalogoDegliStatutiMedievali.nsf/de148d287da34e08c1256e4c002f1718/a3b7b01e921f639ec1256fa3005fe52b?OpenDocument",NA,NA,NA,NA,NA,NA,NA,NA,NA,NA,NA,"San Donato a Menzano, Menzano (Pian di Scò)","Castefranco Piandiscò","51040",""
NA,NA,"https://www.senato.it/w3/Biblioteca/catalogoDegliStatutiMedievali.nsf/de148d287da34e08c1256e4c002f1718/a3cf696c72e0c51dc1256fac004022b8?OpenDocument",NA,NA,NA,NA,NA,NA,NA,NA,NA,NA,NA,"San Bartolomeo (San Secondo di Pinerolo)","San Secondo di Pinerolo","1254",""
NA,NA,"https://www.senato.it/w3/Biblioteca/catalogoDegliStatutiMedievali.nsf/de148d287da34e08c1256e4c002f1718/a4a413814ccc1230c1256fa3005c61f9?OpenDocument",NA,NA,NA,NA,NA,NA,NA,NA,NA,NA,NA,"Fusine (Posina)","Posina","24080",""
NA,NA,"https://www.senato.it/w3/Biblioteca/catalogoDegliStatutiMedievali.nsf/de148d287da34e08c1256e4c002f1718/a4d51530764631d7c1256f9a0056d54c?OpenDocument",NA,NA,NA,NA,NA,NA,NA,NA,NA,NA,NA,"Cavalpone (Veronella)","Veronella","23092",""
NA,NA,"https://www.senato.it/w3/Biblioteca/catalogoDegliStatutiMedievali.nsf/de148d287da34e08c1256e4c002f1718/a4dce7aba0255d0ac1256fac003eedea?OpenDocument",NA,NA,NA,NA,NA,NA,NA,NA,NA,NA,NA,"Ripafratta (San Giuliano Terme)","San Giuliano Terme","50031",""
NA,NA,"https://www.senato.it/w3/Biblioteca/catalogoDegliStatutiMedievali.nsf/de148d287da34e08c1256e4c002f1718/a54b0f4f98d1b26bc1256fa30060211f?OpenDocument",NA,NA,NA,NA,NA,NA,NA,NA,NA,NA,NA,"Montecorvino (Montecorvino Rovella e Montecorvino Pugliano), Mons Corvinus","Montercorvino Rovella","65073",""
NA,NA,"https://www.senato.it/w3/Biblioteca/catalogoDegliStatutiMedievali.nsf/de148d287da34e08c1256e4c002f1718/a54b0f4f98d1b26bc1256fa30060211f?OpenDocument",NA,NA,NA,NA,NA,NA,NA,NA,NA,NA,NA,"Montecorvino (Montecorvino Rovella e Montecorvino Pugliano), Mons Corvinus","Montecorvino Pugliano","65072",""
NA,NA,"https://www.senato.it/w3/Biblioteca/catalogoDegliStatutiMedievali.nsf/de148d287da34e08c1256e4c002f1718/a6ee45625074c174c1256fa20059fc14?OpenDocument",NA,NA,NA,NA,NA,NA,NA,NA,NA,NA,NA,"Faverges","#VALUE!","","Y"
NA,NA,"https://www.senato.it/w3/Biblioteca/catalogoDegliStatutiMedievali.nsf/de148d287da34e08c1256e4c002f1718/a7f98ba3b8960352c1256fa300601750?OpenDocument",NA,NA,NA,NA,NA,NA,NA,NA,NA,NA,NA,"Monclassico, Monclasego","Dimaro Folgarida","22233",""
NA,NA,"https://www.senato.it/w3/Biblioteca/catalogoDegliStatutiMedievali.nsf/de148d287da34e08c1256e4c002f1718/a813133c2c40d985c1256fa300602fe3?OpenDocument",NA,NA,NA,NA,NA,NA,NA,NA,NA,NA,NA,"Morges","#VALUE!","","Y"
NA,NA,"https://www.senato.it/w3/Biblioteca/catalogoDegliStatutiMedievali.nsf/de148d287da34e08c1256e4c002f1718/a83663db3a1c291ec1256fac00405141?OpenDocument",NA,NA,NA,NA,NA,NA,NA,NA,NA,NA,NA,"Sospitello, Sospello","#VALUE!","","Y"
NA,NA,"https://www.senato.it/w3/Biblioteca/catalogoDegliStatutiMedievali.nsf/de148d287da34e08c1256e4c002f1718/a8f3211902bc1b3ec1256fa3006017b3?OpenDocument",NA,NA,NA,NA,NA,NA,NA,NA,NA,NA,NA,"Mondelli (Ceppo Morelli)","Ceppo Morelli","103021",""
NA,NA,"https://www.senato.it/w3/Biblioteca/catalogoDegliStatutiMedievali.nsf/de148d287da34e08c1256e4c002f1718/aa047be66ce62b47c1256fac003ef970?OpenDocument",NA,NA,NA,NA,NA,NA,NA,NA,NA,NA,NA,"Rotecastello (San Venanzo), Rotacastello","San Venanzo","55030",""
NA,NA,"https://www.senato.it/w3/Biblioteca/catalogoDegliStatutiMedievali.nsf/de148d287da34e08c1256e4c002f1718/aa2c64b5efd67502c1256f9a004224e3?OpenDocument",NA,NA,NA,NA,NA,NA,NA,NA,NA,NA,NA,"Barbialla (Montaione)","Montaione","48027",""
NA,NA,"https://www.senato.it/w3/Biblioteca/catalogoDegliStatutiMedievali.nsf/de148d287da34e08c1256e4c002f1718/aae5eebb3fea7708c1256fa2005a278f?OpenDocument",NA,NA,NA,NA,NA,NA,NA,NA,NA,NA,NA,"Patria Foriulii, Patria del Friuli, Frivoli, Friuli","#VALUE!","","Y"
NA,NA,"https://www.senato.it/w3/Biblioteca/catalogoDegliStatutiMedievali.nsf/de148d287da34e08c1256e4c002f1718/aaf1501baff605bbc1256f9a00491705?OpenDocument",NA,NA,NA,NA,NA,NA,NA,NA,NA,NA,NA,"Chaumont, Calvus Mons","#VALUE!","","Y"
NA,NA,"https://www.senato.it/w3/Biblioteca/catalogoDegliStatutiMedievali.nsf/de148d287da34e08c1256e4c002f1718/aba3aaa8445f9a2dc1256fa40048cf78?OpenDocument",NA,NA,NA,NA,NA,NA,NA,NA,NA,NA,NA,"Orgia (Sovicille)","Sovicille","52034",""
NA,NA,"https://www.senato.it/w3/Biblioteca/catalogoDegliStatutiMedievali.nsf/de148d287da34e08c1256e4c002f1718/aca41ebbdd5b69f2c1256fac0040297a?OpenDocument",NA,NA,NA,NA,NA,NA,NA,NA,NA,NA,NA,"San Martino in Argine (Molinella)","Molinella","37039",""
NA,NA,"https://www.senato.it/w3/Biblioteca/catalogoDegliStatutiMedievali.nsf/de148d287da34e08c1256e4c002f1718/ad0cd9298f69a916c1256f9a0047b223?OpenDocument",NA,NA,NA,NA,NA,NA,NA,NA,NA,NA,NA,"Sasso d'Iddiano, Sasso Castagneto, Sassiddiano, Camurana, Camorana (Pavullo nel Frignano), Cammorana","Pavullo nel Frignano","36030",""
NA,NA,"https://www.senato.it/w3/Biblioteca/catalogoDegliStatutiMedievali.nsf/de148d287da34e08c1256e4c002f1718/ad4b187b465092edc1256fac00402f8a?OpenDocument",NA,NA,NA,NA,NA,NA,NA,NA,NA,NA,NA,"Sant'Appiano (Barberino Val d'Elsa)","Barberino Tavarnelle","48054",""
NA,NA,"https://www.senato.it/w3/Biblioteca/catalogoDegliStatutiMedievali.nsf/de148d287da34e08c1256e4c002f1718/ad54e35f678805d9c1256f40005bcc78?OpenDocument",NA,NA,NA,NA,NA,NA,NA,NA,NA,NA,NA,"Termón (Campodenno)","Campodenno","22037",""
NA,NA,"https://www.senato.it/w3/Biblioteca/catalogoDegliStatutiMedievali.nsf/de148d287da34e08c1256e4c002f1718/ad8498622b8362bec1256fa40048e86d?OpenDocument",NA,NA,NA,NA,NA,NA,NA,NA,NA,NA,NA,"Prentium, Parenzo","#VALUE!","","Y"
NA,NA,"https://www.senato.it/w3/Biblioteca/catalogoDegliStatutiMedievali.nsf/de148d287da34e08c1256e4c002f1718/ad87cac5959447d6c1256fac003ef7d5?OpenDocument",NA,NA,NA,NA,NA,NA,NA,NA,NA,NA,NA,"Rosato","#VALUE!","","uncertain"
NA,NA,"https://www.senato.it/w3/Biblioteca/catalogoDegliStatutiMedievali.nsf/de148d287da34e08c1256e4c002f1718/addaf87059c5f65bc1256fac00405411?OpenDocument",NA,NA,NA,NA,NA,NA,NA,NA,NA,NA,NA,"Swarçagus, Squarzego (Illasi, Lavagno), Squarzagus, Squarçagus","Illasi","23039",""
NA,NA,"https://www.senato.it/w3/Biblioteca/catalogoDegliStatutiMedievali.nsf/de148d287da34e08c1256e4c002f1718/addaf87059c5f65bc1256fac00405411?OpenDocument",NA,NA,NA,NA,NA,NA,NA,NA,NA,NA,NA,"Swarçagus, Squarzego (Illasi, Lavagno), Squarzagus, Squarçagus","Lavagno","23042",""
NA,NA,"https://www.senato.it/w3/Biblioteca/catalogoDegliStatutiMedievali.nsf/de148d287da34e08c1256e4c002f1718/ae098444c660cad9c1256fac004032d8?OpenDocument",NA,NA,NA,NA,NA,NA,NA,NA,NA,NA,NA,"Sarzanello (Sarzana), Castrum Sarzane","Sarzana","11027",""
NA,NA,"https://www.senato.it/w3/Biblioteca/catalogoDegliStatutiMedievali.nsf/de148d287da34e08c1256e4c002f1718/aec7a854efd2d0d0c1256fa40048e792?OpenDocument",NA,NA,NA,NA,NA,NA,NA,NA,NA,NA,NA,"Pallanza, Pallantia","Verbania","103072",""
NA,NA,"https://www.senato.it/w3/Biblioteca/catalogoDegliStatutiMedievali.nsf/de148d287da34e08c1256e4c002f1718/b16b5cf575545d29c1256fa400490cbc?OpenDocument",NA,NA,NA,NA,NA,NA,NA,NA,NA,NA,NA,"Plebs a Pinu, Pieve del Pino (Praduro e Sasso)","Sasso Marconi","37057",""
NA,NA,"https://www.senato.it/w3/Biblioteca/catalogoDegliStatutiMedievali.nsf/de148d287da34e08c1256e4c002f1718/b2219b437798eb2fc1257089002ce9f4?OpenDocument",NA,NA,NA,NA,NA,NA,NA,NA,NA,NA,NA,"Zidanova, Cittanova d'Istria","#VALUE!","","Y"
NA,NA,"https://www.senato.it/w3/Biblioteca/catalogoDegliStatutiMedievali.nsf/de148d287da34e08c1256e4c002f1718/b22ee2afd0132290c1256f3b004d2120?OpenDocument",NA,NA,NA,NA,NA,NA,NA,NA,NA,NA,NA,"Thavon, Tavon (Predaia)","Predaia","",""
NA,NA,"https://www.senato.it/w3/Biblioteca/catalogoDegliStatutiMedievali.nsf/de148d287da34e08c1256e4c002f1718/b2315af7f0a14237c1256fac00404f0e?OpenDocument",NA,NA,NA,NA,NA,NA,NA,NA,NA,NA,NA,"Simeri, Simari","Simeri Crichi","79133","uncertain"
NA,NA,"https://www.senato.it/w3/Biblioteca/catalogoDegliStatutiMedievali.nsf/de148d287da34e08c1256e4c002f1718/b2315af7f0a14237c1256fac00404f0e?OpenDocument",NA,NA,NA,NA,NA,NA,NA,NA,NA,NA,NA,"Simeri, Simari","Soveria Simeri","79139","uncertain"
NA,NA,"https://www.senato.it/w3/Biblioteca/catalogoDegliStatutiMedievali.nsf/de148d287da34e08c1256e4c002f1718/b24fe3ea60b03d7bc1256fac0040288d?OpenDocument",NA,NA,NA,NA,NA,NA,NA,NA,NA,NA,NA,"San Marino","#VALUE!","","Y"
NA,NA,"https://www.senato.it/w3/Biblioteca/catalogoDegliStatutiMedievali.nsf/de148d287da34e08c1256e4c002f1718/b321d82045fc6785c1256fa3005ee576?OpenDocument",NA,NA,NA,NA,NA,NA,NA,NA,NA,NA,NA,"Landry","#VALUE!","","Y"
NA,NA,"https://www.senato.it/w3/Biblioteca/catalogoDegliStatutiMedievali.nsf/de148d287da34e08c1256e4c002f1718/b327cca03ef8b42fc1256fa300601dc8?OpenDocument",NA,NA,NA,NA,NA,NA,NA,NA,NA,NA,NA,"Montalto Ligure","Montalto Carpasio","8068",""
NA,NA,"https://www.senato.it/w3/Biblioteca/catalogoDegliStatutiMedievali.nsf/de148d287da34e08c1256e4c002f1718/b39b604e0d79fe71c1256f9a0047d78c?OpenDocument",NA,NA,NA,NA,NA,NA,NA,NA,NA,NA,NA,"Castiglioni, Castiglione della Valle (Colledara), Castelleo Vallis","Colledara","67018",""
NA,NA,"https://www.senato.it/w3/Biblioteca/catalogoDegliStatutiMedievali.nsf/de148d287da34e08c1256e4c002f1718/b3e7f56f5ae791ddc1256fac00401d27?OpenDocument",NA,NA,NA,NA,NA,NA,NA,NA,NA,NA,NA,"Salurn, Salorno","Salorno sulla strada del vino","21076",""
NA,NA,"https://www.senato.it/w3/Biblioteca/catalogoDegliStatutiMedievali.nsf/de148d287da34e08c1256e4c002f1718/b3ed392a32ad9f67c1256f9a0054ccf9?OpenDocument",NA,NA,NA,NA,NA,NA,NA,NA,NA,NA,NA,"Korone, Corone (Pylos Nestoras, Grecia), Corona, Coron","Pylos Nestoras, Grecia","","Y"
NA,NA,"https://www.senato.it/w3/Biblioteca/catalogoDegliStatutiMedievali.nsf/de148d287da34e08c1256e4c002f1718/b4c4f5c4fb468e34c1256fac00403079?OpenDocument",NA,NA,NA,NA,NA,NA,NA,NA,NA,NA,NA,"Caviola (Falcade)","Falcade","25019",""
NA,NA,"https://www.senato.it/w3/Biblioteca/catalogoDegliStatutiMedievali.nsf/de148d287da34e08c1256e4c002f1718/b554dfb173b40412c1257091002b3dd9?OpenDocument",NA,NA,NA,NA,NA,NA,NA,NA,NA,NA,NA,"Poggio Aquilone (San Venanzo), Podium Aquilonis","San Venanzo","55030",""
NA,NA,"https://www.senato.it/w3/Biblioteca/catalogoDegliStatutiMedievali.nsf/de148d287da34e08c1256e4c002f1718/b5c9a48660187c84c1256fa3005fce65?OpenDocument",NA,NA,NA,NA,NA,NA,NA,NA,NA,NA,NA,"Malamocco (Venezia)","Venezia","27042",""
NA,NA,"https://www.senato.it/w3/Biblioteca/catalogoDegliStatutiMedievali.nsf/de148d287da34e08c1256e4c002f1718/b5f0c5aaa3559c9cc12570890029f5d1?OpenDocument",NA,NA,NA,NA,NA,NA,NA,NA,NA,NA,NA,"Cassano allo Ionio","Cassano all'Ionio","78029",""
NA,NA,"https://www.senato.it/w3/Biblioteca/catalogoDegliStatutiMedievali.nsf/de148d287da34e08c1256e4c002f1718/b6bf30d7c2e1c2acc1256fa400491d55?OpenDocument",NA,NA,NA,NA,NA,NA,NA,NA,NA,NA,NA,"Ponte allo Spino","Sovicille","52034",""
NA,NA,"https://www.senato.it/w3/Biblioteca/catalogoDegliStatutiMedievali.nsf/de148d287da34e08c1256e4c002f1718/b72917f18aa95f64c1256fa3006022e4?OpenDocument",NA,NA,NA,NA,NA,NA,NA,NA,NA,NA,NA,"Montefeltro, Mons Feretrius, Mons Feletris, Mons Feletranus","#VALUE!","uncertain",""
NA,NA,"https://www.senato.it/w3/Biblioteca/catalogoDegliStatutiMedievali.nsf/de148d287da34e08c1256e4c002f1718/b7bf57dce3e64fe0c1256f3b004d2c88?OpenDocument",NA,NA,NA,NA,NA,NA,NA,NA,NA,NA,NA,"Tour du Peilz, La Tour du Peilz","#VALUE!","","Y"
NA,NA,"https://www.senato.it/w3/Biblioteca/catalogoDegliStatutiMedievali.nsf/de148d287da34e08c1256e4c002f1718/b7c1f11478e7dc1ac1256f9a00405cb9?OpenDocument",NA,NA,NA,NA,NA,NA,NA,NA,NA,NA,NA,"Arlianum, Arliano (Lucca)","Lucca","46017",""
NA,NA,"https://www.senato.it/w3/Biblioteca/catalogoDegliStatutiMedievali.nsf/de148d287da34e08c1256e4c002f1718/b7c74e55fa4c1a8cc1256fac003eeade?OpenDocument",NA,NA,NA,NA,NA,NA,NA,NA,NA,NA,NA,"Renazzo (Cento)","Cento","38004",""
NA,NA,"https://www.senato.it/w3/Biblioteca/catalogoDegliStatutiMedievali.nsf/de148d287da34e08c1256e4c002f1718/b7cc7811f4d34ef9c1256f9a0049227d?OpenDocument",NA,NA,NA,NA,NA,NA,NA,NA,NA,NA,NA,"Cilentum, Cilento","#VALUE!","","uncertain"
NA,NA,"https://www.senato.it/w3/Biblioteca/catalogoDegliStatutiMedievali.nsf/de148d287da34e08c1256e4c002f1718/b89c3d8256f212d8c1256fac003ee853?OpenDocument",NA,NA,NA,NA,NA,NA,NA,NA,NA,NA,NA,"Regium, Reggio Emilia","Reggio nell'Emilia","35033",""
NA,NA,"https://www.senato.it/w3/Biblioteca/catalogoDegliStatutiMedievali.nsf/de148d287da34e08c1256e4c002f1718/b8cc9e7ce8337f1cc1256f9a0047b2c4?OpenDocument",NA,NA,NA,NA,NA,NA,NA,NA,NA,NA,NA,"Campeggio (Monghidoro)","Monghidoro","37040",""
NA,NA,"https://www.senato.it/w3/Biblioteca/catalogoDegliStatutiMedievali.nsf/de148d287da34e08c1256e4c002f1718/b8f32638a3c68bf5c1256fac003ef5ff?OpenDocument",NA,NA,NA,NA,NA,NA,NA,NA,NA,NA,NA,"Roffeno Musiolo (Castel d'Aiano)","Castel d'Aiano","37013",""
NA,NA,"https://www.senato.it/w3/Biblioteca/catalogoDegliStatutiMedievali.nsf/de148d287da34e08c1256e4c002f1718/b94e61fcd219b2aac1256f9a0056f557?OpenDocument",NA,NA,NA,NA,NA,NA,NA,NA,NA,NA,NA,"Daone","Valdaone","22232",""
NA,NA,"https://www.senato.it/w3/Biblioteca/catalogoDegliStatutiMedievali.nsf/de148d287da34e08c1256e4c002f1718/ba456df466c4854ec1256fa400491ff8?OpenDocument",NA,NA,NA,NA,NA,NA,NA,NA,NA,NA,NA,"Porto (Castiglione del Lago)","Castiglione del Lago","54009",""
NA,NA,"https://www.senato.it/w3/Biblioteca/catalogoDegliStatutiMedievali.nsf/de148d287da34e08c1256e4c002f1718/bafa4f1b5e4951fec1256fa3005c602f?OpenDocument",NA,NA,NA,NA,NA,NA,NA,NA,NA,NA,NA,"Forno Alpi Graie (Groscavallo)","Groscavallo","1118",""
NA,NA,"https://www.senato.it/w3/Biblioteca/catalogoDegliStatutiMedievali.nsf/de148d287da34e08c1256e4c002f1718/bb1fbecf8e053943c12570890033668a?OpenDocument",NA,NA,NA,NA,NA,NA,NA,NA,NA,NA,NA,"Corbières","#VALUE!","","Y"
NA,NA,"https://www.senato.it/w3/Biblioteca/catalogoDegliStatutiMedievali.nsf/de148d287da34e08c1256e4c002f1718/bb40a9ef5e237b0dc1256fa4004902a4?OpenDocument",NA,NA,NA,NA,NA,NA,NA,NA,NA,NA,NA,"Peschio Constanczo","Pescocostanzo","66070",""
NA,NA,"https://www.senato.it/w3/Biblioteca/catalogoDegliStatutiMedievali.nsf/de148d287da34e08c1256e4c002f1718/bb74a3ef993c13cfc1256f9a00422831?OpenDocument",NA,NA,NA,NA,NA,NA,NA,NA,NA,NA,NA,"Bastia (Balocco)","Balocco","2009",""
NA,NA,"https://www.senato.it/w3/Biblioteca/catalogoDegliStatutiMedievali.nsf/de148d287da34e08c1256e4c002f1718/bbd84c82fbdce3c0c1256f9a00404c09?OpenDocument",NA,NA,NA,NA,NA,NA,NA,NA,NA,NA,NA,"Abbadia Alpina (Pinerolo), Abbadia di Santa Maria di Pinerolo","Pinerolo","1191",""
NA,NA,"https://www.senato.it/w3/Biblioteca/catalogoDegliStatutiMedievali.nsf/de148d287da34e08c1256e4c002f1718/bbf1b5cd8dc065e3c1256fac003ef758?OpenDocument",NA,NA,NA,NA,NA,NA,NA,NA,NA,NA,NA,"Ronchi di Bagnarola, Ronchi","Budrio","37008",""
NA,NA,"https://www.senato.it/w3/Biblioteca/catalogoDegliStatutiMedievali.nsf/de148d287da34e08c1256e4c002f1718/bd6c07ca93b25f12c1256fa3005ee47d?OpenDocument",NA,NA,NA,NA,NA,NA,NA,NA,NA,NA,NA,"Lingueglietta (Cipressa), Lengueglia Linguilia, Vinguilia","Cipressa","8021",""
NA,NA,"https://www.senato.it/w3/Biblioteca/catalogoDegliStatutiMedievali.nsf/de148d287da34e08c1256e4c002f1718/bd92404986a464acc1256f9a00428222?OpenDocument",NA,NA,NA,NA,NA,NA,NA,NA,NA,NA,NA,"Bruso, Brusio","#VALUE!","","Y"
NA,NA,"https://www.senato.it/w3/Biblioteca/catalogoDegliStatutiMedievali.nsf/de148d287da34e08c1256e4c002f1718/bdc626a07d3708a6c1256fa300602a12?OpenDocument",NA,NA,NA,NA,NA,NA,NA,NA,NA,NA,NA,"Monterastello (Pavullo nel Frignano), Mons Rastelli","Pavullo nel Frignano","36030",""
NA,NA,"https://www.senato.it/w3/Biblioteca/catalogoDegliStatutiMedievali.nsf/de148d287da34e08c1256e4c002f1718/be602a180fdb7c30c1256fac0040409d?OpenDocument",NA,NA,NA,NA,NA,NA,NA,NA,NA,NA,NA,"Serravalle (Vittorio Veneto), Seravallum, Seravalle","Vittorio Veneto","26092",""
NA,NA,"https://www.senato.it/w3/Biblioteca/catalogoDegliStatutiMedievali.nsf/de148d287da34e08c1256e4c002f1718/bef6250bac635bb5c1256fa300689f77?OpenDocument",NA,NA,NA,NA,NA,NA,NA,NA,NA,NA,NA,"Montevettolini (Monsummano Terme), Monte Vettolino","Monsummano Terme","47009",""
NA,NA,"https://www.senato.it/w3/Biblioteca/catalogoDegliStatutiMedievali.nsf/de148d287da34e08c1256e4c002f1718/bf0689f66a169845c1256fac00403546?OpenDocument",NA,NA,NA,NA,NA,NA,NA,NA,NA,NA,NA,"Santanza (L'Aquila)","L'Aquila","066049",""
NA,NA,"https://www.senato.it/w3/Biblioteca/catalogoDegliStatutiMedievali.nsf/de148d287da34e08c1256e4c002f1718/bf8fdaa4030de141c1256fac00403df4?OpenDocument",NA,NA,NA,NA,NA,NA,NA,NA,NA,NA,NA,"Semifonte (Certaldo)","Certaldo","48012",""
NA,NA,"https://www.senato.it/w3/Biblioteca/catalogoDegliStatutiMedievali.nsf/de148d287da34e08c1256e4c002f1718/bfacefa224a143e3c1256fac003ee7f5?OpenDocument",NA,NA,NA,NA,NA,NA,NA,NA,NA,NA,NA,"Rigio, Reggio Calabria","Reggio di Calabria","80063",""
NA,NA,"https://www.senato.it/w3/Biblioteca/catalogoDegliStatutiMedievali.nsf/de148d287da34e08c1256e4c002f1718/bfd39f2bc074792cc1256f9a0047cdef?OpenDocument",NA,NA,NA,NA,NA,NA,NA,NA,NA,NA,NA,"Florentinum, Fiorentino, Castrum Florentini, Castelfiorentino (Viterbo)","Viterbo","56059",""
NA,NA,"https://www.senato.it/w3/Biblioteca/catalogoDegliStatutiMedievali.nsf/de148d287da34e08c1256e4c002f1718/bff54cb9c1fe4211c1256f9a00423520?OpenDocument",NA,NA,NA,NA,NA,NA,NA,NA,NA,NA,NA,"Billerio (Magnano in Riviera), Bilirs","Magnano in Riviera","30052",""
NA,NA,"https://www.senato.it/w3/Biblioteca/catalogoDegliStatutiMedievali.nsf/de148d287da34e08c1256e4c002f1718/c12a4a43c6b34ee2c1256fac00403b16?OpenDocument",NA,NA,NA,NA,NA,NA,NA,NA,NA,NA,NA,"Scardona","#VALUE!","","Y"
NA,NA,"https://www.senato.it/w3/Biblioteca/catalogoDegliStatutiMedievali.nsf/de148d287da34e08c1256e4c002f1718/c1a1ed39abfa8f01c1256fac00402878?OpenDocument",NA,NA,NA,NA,NA,NA,NA,NA,NA,NA,NA,"San Lorenzo del Pasenatico, San Lorenzo al Leme","#VALUE!","","Y"
NA,NA,"https://www.senato.it/w3/Biblioteca/catalogoDegliStatutiMedievali.nsf/de148d287da34e08c1256e4c002f1718/c2ea3076428d8371c1256f9a0047e208?OpenDocument",NA,NA,NA,NA,NA,NA,NA,NA,NA,NA,NA,"Cevins","#VALUE!","","Y"
NA,NA,"https://www.senato.it/w3/Biblioteca/catalogoDegliStatutiMedievali.nsf/de148d287da34e08c1256e4c002f1718/c35bcd3a9b1f1cb2c1256fa300602d35?OpenDocument",NA,NA,NA,NA,NA,NA,NA,NA,NA,NA,NA,"Monteveglio","Valsamoggia","37061",""
NA,NA,"https://www.senato.it/w3/Biblioteca/catalogoDegliStatutiMedievali.nsf/de148d287da34e08c1256e4c002f1718/c3dbc4a476a2afdfc1256f9a0054ea43?OpenDocument",NA,NA,NA,NA,NA,NA,NA,NA,NA,NA,NA,"Cauro","#VALUE!","","uncertain"
NA,NA,"https://www.senato.it/w3/Biblioteca/catalogoDegliStatutiMedievali.nsf/de148d287da34e08c1256e4c002f1718/c48eb9b43ad4bb24c1256f9a0056f567?OpenDocument",NA,NA,NA,NA,NA,NA,NA,NA,NA,NA,NA,"Daro","#VALUE!","","Y"
NA,NA,"https://www.senato.it/w3/Biblioteca/catalogoDegliStatutiMedievali.nsf/de148d287da34e08c1256e4c002f1718/c5c500d9b5df4c24c1256fa3005fe4c2?OpenDocument",NA,NA,NA,NA,NA,NA,NA,NA,NA,NA,NA,"Mentonum, Mentone, Menton","#VALUE!","","Y"
NA,NA,"https://www.senato.it/w3/Biblioteca/catalogoDegliStatutiMedievali.nsf/de148d287da34e08c1256e4c002f1718/c608e0baaf451124c1256f9a0056f053?OpenDocument",NA,NA,NA,NA,NA,NA,NA,NA,NA,NA,NA,"Crevola Sesia (Varallo)","Varallo","2156",""
NA,NA,"https://www.senato.it/w3/Biblioteca/catalogoDegliStatutiMedievali.nsf/de148d287da34e08c1256e4c002f1718/c63a54504ff2b694c1256f9a0056fdd6?OpenDocument",NA,NA,NA,NA,NA,NA,NA,NA,NA,NA,NA,"Dugliolo (Budrio)","Budrio","37008",""
NA,NA,"https://www.senato.it/w3/Biblioteca/catalogoDegliStatutiMedievali.nsf/de148d287da34e08c1256e4c002f1718/c886863ee83f6858c1256fa400491e8f?OpenDocument",NA,NA,NA,NA,NA,NA,NA,NA,NA,NA,NA,"Ponzanello (Fosdinovo)","Fosdinovo","45008",""
NA,NA,"https://www.senato.it/w3/Biblioteca/catalogoDegliStatutiMedievali.nsf/de148d287da34e08c1256e4c002f1718/ca6eb70552e39702c1256fac003ee692?OpenDocument",NA,NA,NA,NA,NA,NA,NA,NA,NA,NA,NA,"Ravone (Bologna)","Bologna","37006",""
NA,NA,"https://www.senato.it/w3/Biblioteca/catalogoDegliStatutiMedievali.nsf/de148d287da34e08c1256e4c002f1718/cac2f43b22c2be46c1256fac004042fa?OpenDocument",NA,NA,NA,NA,NA,NA,NA,NA,NA,NA,NA,"Settignano (Firenze)","Firenze","48017",""
NA,NA,"https://www.senato.it/w3/Biblioteca/catalogoDegliStatutiMedievali.nsf/de148d287da34e08c1256e4c002f1718/cbc97d1b87e57519c1256f9a004271df?OpenDocument",NA,NA,NA,NA,NA,NA,NA,NA,NA,NA,NA,"Santa Maria di Bombinaco, Bominaco (Caporciano), Bombinacum","Caporciano","66022",""
NA,NA,"https://www.senato.it/w3/Biblioteca/catalogoDegliStatutiMedievali.nsf/de148d287da34e08c1256e4c002f1718/cc3eb608c5e06124c1256fac00470152?OpenDocument",NA,NA,NA,NA,NA,NA,NA,NA,NA,NA,NA,"Topolo (Dubrovnik)","Dubrovnik","","Y"
NA,NA,"https://www.senato.it/w3/Biblioteca/catalogoDegliStatutiMedievali.nsf/de148d287da34e08c1256e4c002f1718/cc7b2d04418311d1c1256fa3005fd763?OpenDocument",NA,NA,NA,NA,NA,NA,NA,NA,NA,NA,NA,"Marca Anconitana","#VALUE!","","uncertain"
NA,NA,"https://www.senato.it/w3/Biblioteca/catalogoDegliStatutiMedievali.nsf/de148d287da34e08c1256e4c002f1718/ccce3c1bbc4fb982c1256fa4004923d6?OpenDocument",NA,NA,NA,NA,NA,NA,NA,NA,NA,NA,NA,"Sant'Andrea a Pulicciano, Pulicciano (Castelfranco di Sopra)","Castelfranco Piandiscò","51040",""
NA,NA,"https://www.senato.it/w3/Biblioteca/catalogoDegliStatutiMedievali.nsf/de148d287da34e08c1256e4c002f1718/cd0afdda3ae8829bc1256f9a0056e4a7?OpenDocument",NA,NA,NA,NA,NA,NA,NA,NA,NA,NA,NA,"Corticella (Bologna)","Bologna","37006",""
NA,NA,"https://www.senato.it/w3/Biblioteca/catalogoDegliStatutiMedievali.nsf/de148d287da34e08c1256e4c002f1718/cd31f8d4bff0e645c1256f9a0056fecd?OpenDocument",NA,NA,NA,NA,NA,NA,NA,NA,NA,NA,NA,"Equi (Fivizzano), Equi Terme (Fivizzano)","Fivizzano","45007",""
NA,NA,"https://www.senato.it/w3/Biblioteca/catalogoDegliStatutiMedievali.nsf/de148d287da34e08c1256e4c002f1718/cdfbdc9b57ba49e9c1256fa40048ce17?OpenDocument",NA,NA,NA,NA,NA,NA,NA,NA,NA,NA,NA,"Olivetum, Oliveto (Torricella in Sabina)","Torricella in Sabina","57069",""
NA,NA,"https://www.senato.it/w3/Biblioteca/catalogoDegliStatutiMedievali.nsf/de148d287da34e08c1256e4c002f1718/ceba19b4518fd8ccc1256fa2005a3085?OpenDocument",NA,NA,NA,NA,NA,NA,NA,NA,NA,NA,NA,"Gassano (Fivizzano)","Fivizzano","45007",""
NA,NA,"https://www.senato.it/w3/Biblioteca/catalogoDegliStatutiMedievali.nsf/de148d287da34e08c1256e4c002f1718/d08f80fa8c9f086dc1256f9a00422ce1?OpenDocument",NA,NA,NA,NA,NA,NA,NA,NA,NA,NA,NA,"Bersecine, Bercine, Barsacina","#VALUE!","","Y"
NA,NA,"https://www.senato.it/w3/Biblioteca/catalogoDegliStatutiMedievali.nsf/de148d287da34e08c1256e4c002f1718/d129698585576d68c1256fa40048c502?OpenDocument",NA,NA,NA,NA,NA,NA,NA,NA,NA,NA,NA,"Nigrarium, Negraro, Negrar","Negrar di Valpolicella","023052","uncertain"
NA,NA,"https://www.senato.it/w3/Biblioteca/catalogoDegliStatutiMedievali.nsf/de148d287da34e08c1256e4c002f1718/d22abfc424b87e50c1256f9a0056e030?OpenDocument",NA,NA,NA,NA,NA,NA,NA,NA,NA,NA,NA,"Corenum, Corenno Plinio (Dervo)","Dervio","97030",""
NA,NA,"https://www.senato.it/w3/Biblioteca/catalogoDegliStatutiMedievali.nsf/de148d287da34e08c1256e4c002f1718/d2478b65d8b9e210c1256f9a0047a86d?OpenDocument",NA,NA,NA,NA,NA,NA,NA,NA,NA,NA,NA,"Kaffa, Feodosija, Capha, Caffa","","","Y"
NA,NA,"https://www.senato.it/w3/Biblioteca/catalogoDegliStatutiMedievali.nsf/de148d287da34e08c1256e4c002f1718/d2cb8dd7ea407938c1256f3b004d213b?OpenDocument",NA,NA,NA,NA,NA,NA,NA,NA,NA,NA,NA,"Techena, Tecclena, Tecchiena (Alatri)","Alatri","060003",""
NA,NA,"https://www.senato.it/w3/Biblioteca/catalogoDegliStatutiMedievali.nsf/de148d287da34e08c1256e4c002f1718/d3103473e9eedf3ac1256f9a0056fe87?OpenDocument",NA,NA,NA,NA,NA,NA,NA,NA,NA,NA,NA,"Emilia, Aemilia","#VALUE!","","uncertain"
NA,NA,"https://www.senato.it/w3/Biblioteca/catalogoDegliStatutiMedievali.nsf/de148d287da34e08c1256e4c002f1718/d32a5960760d3637c1256fa3005fb1ea?OpenDocument",NA,NA,NA,NA,NA,NA,NA,NA,NA,NA,NA,"Liddes","#VALUE!","","Y"
NA,NA,"https://www.senato.it/w3/Biblioteca/catalogoDegliStatutiMedievali.nsf/de148d287da34e08c1256e4c002f1718/d4263cafb8d148ccc1256fac003ef747?OpenDocument",NA,NA,NA,NA,NA,NA,NA,NA,NA,NA,NA,"Rotundumons, Romont (Friburgo)","Friburgo","","Y"
NA,NA,"https://www.senato.it/w3/Biblioteca/catalogoDegliStatutiMedievali.nsf/de148d287da34e08c1256e4c002f1718/d4a597b4c4fd0ad3c1256f9a0054c8e7?OpenDocument",NA,NA,NA,NA,NA,NA,NA,NA,NA,NA,NA,"Civenna (Bellagio)","Bellagio","13250",""
NA,NA,"https://www.senato.it/w3/Biblioteca/catalogoDegliStatutiMedievali.nsf/de148d287da34e08c1256e4c002f1718/d4d8e836fa8bf809c1256fa2005a2daa?OpenDocument",NA,NA,NA,NA,NA,NA,NA,NA,NA,NA,NA,"Gaibola (Bologna)","Bologna","37006",""
NA,NA,"https://www.senato.it/w3/Biblioteca/catalogoDegliStatutiMedievali.nsf/de148d287da34e08c1256e4c002f1718/d4ef016139ab9123c1256fac0040543e?OpenDocument",NA,NA,NA,NA,NA,NA,NA,NA,NA,NA,NA,"Stacciola (San Costanzo)","San Costanzo","41051",""
NA,NA,"https://www.senato.it/w3/Biblioteca/catalogoDegliStatutiMedievali.nsf/de148d287da34e08c1256e4c002f1718/d6a4b360c55661e1c1256fa2005a4924?OpenDocument",NA,NA,NA,NA,NA,NA,NA,NA,NA,NA,NA,"Villa Guncinarum, Gonzole (Beinasco)","Beinasco","1024",""
NA,NA,"https://www.senato.it/w3/Biblioteca/catalogoDegliStatutiMedievali.nsf/de148d287da34e08c1256e4c002f1718/d79221507aa704bfc1256f9a0047bbd0?OpenDocument",NA,NA,NA,NA,NA,NA,NA,NA,NA,NA,NA,"Trsteno, Cannosa","#VALUE!","","Y"
NA,NA,"https://www.senato.it/w3/Biblioteca/catalogoDegliStatutiMedievali.nsf/de148d287da34e08c1256e4c002f1718/d7d75685446b771cc1256fa3006019cf?OpenDocument",NA,NA,NA,NA,NA,NA,NA,NA,NA,NA,NA,"Monsferratus, Monferrato","#VALUE!","","uncertain"
NA,NA,"https://www.senato.it/w3/Biblioteca/catalogoDegliStatutiMedievali.nsf/de148d287da34e08c1256e4c002f1718/d7f768b0f44e79b0c1256f9a0047ddcc?OpenDocument",NA,NA,NA,NA,NA,NA,NA,NA,NA,NA,NA,"Cesana (Lentiai)","Borgo Valbelluna","25074",""
NA,NA,"https://www.senato.it/w3/Biblioteca/catalogoDegliStatutiMedievali.nsf/de148d287da34e08c1256e4c002f1718/d83ba70de0e18af3c1256f9a004283a7?OpenDocument",NA,NA,NA,NA,NA,NA,NA,NA,NA,NA,NA,"Buleae, Buje d'Istria","#VALUE!","","Y"
NA,NA,"https://www.senato.it/w3/Biblioteca/catalogoDegliStatutiMedievali.nsf/de148d287da34e08c1256e4c002f1718/d8f35e5c2954d024c1256fac003ef488?OpenDocument",NA,NA,NA,NA,NA,NA,NA,NA,NA,NA,NA,"Rocca Pitigliana (Gaggio Montano), Arce Pitilianae","Gaggio Montano","37027",""
NA,NA,"https://www.senato.it/w3/Biblioteca/catalogoDegliStatutiMedievali.nsf/de148d287da34e08c1256e4c002f1718/da426e2c8ccd803ac1256f9a00405866?OpenDocument",NA,NA,NA,NA,NA,NA,NA,NA,NA,NA,NA,"Annecy","#VALUE!","","Y"
NA,NA,"https://www.senato.it/w3/Biblioteca/catalogoDegliStatutiMedievali.nsf/de148d287da34e08c1256e4c002f1718/da477b605d7feea6c1256fa2005a48fd?OpenDocument",NA,NA,NA,NA,NA,NA,NA,NA,NA,NA,NA,"Gomola, Gombula, Gombola (Polinago)","Polinago","36032",""
NA,NA,"https://www.senato.it/w3/Biblioteca/catalogoDegliStatutiMedievali.nsf/de148d287da34e08c1256e4c002f1718/daa8ebd037b23baec1256f3b004d37c5?OpenDocument",NA,NA,NA,NA,NA,NA,NA,NA,NA,NA,NA,"Tuenno","Ville d'Anaunia","022249",""
NA,NA,"https://www.senato.it/w3/Biblioteca/catalogoDegliStatutiMedievali.nsf/de148d287da34e08c1256e4c002f1718/dab5f5bb2b7ae761c1256fa40048ceb2?OpenDocument",NA,NA,NA,NA,NA,NA,NA,NA,NA,NA,NA,"Unelia, Unegia, Oneglia (Imperia)","Imperia","8031",""
NA,NA,"https://www.senato.it/w3/Biblioteca/catalogoDegliStatutiMedievali.nsf/de148d287da34e08c1256e4c002f1718/db5218fc3c28794fc1256fa2005a4b1a?OpenDocument",NA,NA,NA,NA,NA,NA,NA,NA,NA,NA,NA,"Grandson","#VALUE!","","Y"
NA,NA,"https://www.senato.it/w3/Biblioteca/catalogoDegliStatutiMedievali.nsf/de148d287da34e08c1256e4c002f1718/dcc46f3d835e6ce2c1256fac00403a6a?OpenDocument",NA,NA,NA,NA,NA,NA,NA,NA,NA,NA,NA,"Scaiano (Caviano)","Caviano","","Y"
NA,NA,"https://www.senato.it/w3/Biblioteca/catalogoDegliStatutiMedievali.nsf/de148d287da34e08c1256e4c002f1718/dcf0e09803d5e91cc1256fa400491a49?OpenDocument",NA,NA,NA,NA,NA,NA,NA,NA,NA,NA,NA,"Poyo Umbricchio, Poggio Umbricchio, Poggio de Ambricolo, Podium Umbricoli, Podium Morechii, Podium de Umbraculis","Crognaleto","67023",""
NA,NA,"https://www.senato.it/w3/Biblioteca/catalogoDegliStatutiMedievali.nsf/de148d287da34e08c1256e4c002f1718/dd81e3a55a221d58c1256fac003ef231?OpenDocument",NA,NA,NA,NA,NA,NA,NA,NA,NA,NA,NA,"Roccafranca (Foligno), Acquafranca","Foligno","054018",""
NA,NA,"https://www.senato.it/w3/Biblioteca/catalogoDegliStatutiMedievali.nsf/de148d287da34e08c1256e4c002f1718/dda8355db9d77c67c1256fa300602c94?OpenDocument",NA,NA,NA,NA,NA,NA,NA,NA,NA,NA,NA,"Montetortore (Zocca), Mons Turturis","Zocca","36047",""
NA,NA,"https://www.senato.it/w3/Biblioteca/catalogoDegliStatutiMedievali.nsf/de148d287da34e08c1256e4c002f1718/ddb1dc6fc94b86adc1256f9a0047cc4d?OpenDocument",NA,NA,NA,NA,NA,NA,NA,NA,NA,NA,NA,"Castagnolum, Castagnola (Giano nell'Umbria)","Giano dell'Umbria","054021",""
NA,NA,"https://www.senato.it/w3/Biblioteca/catalogoDegliStatutiMedievali.nsf/de148d287da34e08c1256e4c002f1718/ddd4122e0f62d338c1256f3b004d2eb2?OpenDocument",NA,NA,NA,NA,NA,NA,NA,NA,NA,NA,NA,"Trebianum, Trebiano Magra (Arcola), Trebiano, Trebbiano","Arcola","11002",""
NA,NA,"https://www.senato.it/w3/Biblioteca/catalogoDegliStatutiMedievali.nsf/de148d287da34e08c1256e4c002f1718/ddf266b75c666565c1256f9a0047b202?OpenDocument",NA,NA,NA,NA,NA,NA,NA,NA,NA,NA,NA,"Rocca delle Caminate, Caminate (Predappio)","Predappio","40032",""
NA,NA,"https://www.senato.it/w3/Biblioteca/catalogoDegliStatutiMedievali.nsf/de148d287da34e08c1256e4c002f1718/dea12f97bdb23798c1256f9a0047c086?OpenDocument",NA,NA,NA,NA,NA,NA,NA,NA,NA,NA,NA,"Carnia, Carnea, Cargna","Follo","11013",""
NA,NA,"https://www.senato.it/w3/Biblioteca/catalogoDegliStatutiMedievali.nsf/de148d287da34e08c1256e4c002f1718/decbc2b972f09681c12571d500265e6e?OpenDocument",NA,NA,NA,NA,NA,NA,NA,NA,NA,NA,NA,"Sappade (Falcade)","Falcade","25019",""
NA,NA,"https://www.senato.it/w3/Biblioteca/catalogoDegliStatutiMedievali.nsf/de148d287da34e08c1256e4c002f1718/df0542dda9e47a20c1256fac003ee399?OpenDocument",NA,NA,NA,NA,NA,NA,NA,NA,NA,NA,NA,"Resiglio, Rasiglio","Foligno","054018",""
NA,NA,"https://www.senato.it/w3/Biblioteca/catalogoDegliStatutiMedievali.nsf/de148d287da34e08c1256e4c002f1718/df0bda2bbf5c8388c1256fa3005c660b?OpenDocument",NA,NA,NA,NA,NA,NA,NA,NA,NA,NA,NA,"Gualdo (Massarosa)","Massarosa","46018",""
NA,NA,"https://www.senato.it/w3/Biblioteca/catalogoDegliStatutiMedievali.nsf/de148d287da34e08c1256e4c002f1718/e083cce9e0350851c1258b260029b5af?OpenDocument",NA,NA,NA,NA,NA,NA,NA,NA,NA,NA,NA,"Valle Camonica, Valcamonica, Camonica","#VALUE!","","uncertain"
NA,NA,"https://www.senato.it/w3/Biblioteca/catalogoDegliStatutiMedievali.nsf/de148d287da34e08c1256e4c002f1718/e1137996a5971c5bc1256fa2005a49ba?OpenDocument",NA,NA,NA,NA,NA,NA,NA,NA,NA,NA,NA,"Gurciano, Gorzanum, Gorzano (Maranello)","Maranello","036019",""
NA,NA,"https://www.senato.it/w3/Biblioteca/catalogoDegliStatutiMedievali.nsf/de148d287da34e08c1256e4c002f1718/e14f3a82b8286d72c1256fa3005c5ab3?OpenDocument",NA,NA,NA,NA,NA,NA,NA,NA,NA,NA,NA,"Pharpha, Farfa (Fara in Sabina)","Fara in Sabina","57027",""
NA,NA,"https://www.senato.it/w3/Biblioteca/catalogoDegliStatutiMedievali.nsf/de148d287da34e08c1256e4c002f1718/e168d7d7e4298e5dc1256f3b004d3573?OpenDocument",NA,NA,NA,NA,NA,NA,NA,NA,NA,NA,NA,"Triana (Roccalbegna), Atriana","Roccalbegna","53020",""
NA,NA,"https://www.senato.it/w3/Biblioteca/catalogoDegliStatutiMedievali.nsf/de148d287da34e08c1256e4c002f1718/e18ba465ea344be2c1256fac003ef3bc?OpenDocument",NA,NA,NA,NA,NA,NA,NA,NA,NA,NA,NA,"Rocha Elmicis, Rocca d'Elmici (Predappio), Elmice","Predappio","40032",""
NA,NA,"https://www.senato.it/w3/Biblioteca/catalogoDegliStatutiMedievali.nsf/de148d287da34e08c1256e4c002f1718/e1f339a8f5aa03b5c1256fa400490ccf?OpenDocument",NA,NA,NA,NA,NA,NA,NA,NA,NA,NA,NA,"Pieve di Bono","Pieve di Bono-Prezzo","22234",""
NA,NA,"https://www.senato.it/w3/Biblioteca/catalogoDegliStatutiMedievali.nsf/de148d287da34e08c1256e4c002f1718/e209d7e19e4ccb76c1256f9a004229fc?OpenDocument",NA,NA,NA,NA,NA,NA,NA,NA,NA,NA,NA,"Bellinzona","#VALUE!","","Y"
NA,NA,"https://www.senato.it/w3/Biblioteca/catalogoDegliStatutiMedievali.nsf/de148d287da34e08c1256e4c002f1718/e339c2f8438e9f7fc1256f9a0054e0d4?OpenDocument",NA,NA,NA,NA,NA,NA,NA,NA,NA,NA,NA,"Conscentum, Conscente (Cisano sul Neva)","Cisano sul Neva","9025",""
NA,NA,"https://www.senato.it/w3/Biblioteca/catalogoDegliStatutiMedievali.nsf/de148d287da34e08c1256e4c002f1718/e33c2a429a004161c1256fac003ef35d?OpenDocument",NA,NA,NA,NA,NA,NA,NA,NA,NA,NA,NA,"Rocca Corneta (Lizzano in Belvedere)","Lizzano in Belvedere","37033",""
NA,NA,"https://www.senato.it/w3/Biblioteca/catalogoDegliStatutiMedievali.nsf/de148d287da34e08c1256e4c002f1718/e3c16148e9c0f0f4c1256fa40048e186?OpenDocument",NA,NA,NA,NA,NA,NA,NA,NA,NA,NA,NA,"Paganico (Civitella Paganico), Castelfranco di Paganico","Civitella Paganico","53008",""
NA,NA,"https://www.senato.it/w3/Biblioteca/catalogoDegliStatutiMedievali.nsf/de148d287da34e08c1256e4c002f1718/e520702988d64d90c1256fa400491fc4?OpenDocument",NA,NA,NA,NA,NA,NA,NA,NA,NA,NA,NA,"Porretta Terme, Bagni della Porretta","Alto Reno Terme","37062",""
NA,NA,"https://www.senato.it/w3/Biblioteca/catalogoDegliStatutiMedievali.nsf/de148d287da34e08c1256e4c002f1718/e5bb4842f0311f11c1256fa3005fdd4d?OpenDocument",NA,NA,NA,NA,NA,NA,NA,NA,NA,NA,NA,"Marola (La Spezia)","La Spezia","11015",""
NA,NA,"https://www.senato.it/w3/Biblioteca/catalogoDegliStatutiMedievali.nsf/de148d287da34e08c1256e4c002f1718/e65b234a88e2949ec1256fac004018bc?OpenDocument",NA,NA,NA,NA,NA,NA,NA,NA,NA,NA,NA,"Saccomuro (Vicovaro), Saccomoro, Sacamuro","Vicovaro","58112",""
NA,NA,"https://www.senato.it/w3/Biblioteca/catalogoDegliStatutiMedievali.nsf/de148d287da34e08c1256e4c002f1718/e68fe819e800223fc1256f9a0040654b?OpenDocument",NA,NA,NA,NA,NA,NA,NA,NA,NA,NA,NA,"Avignone, Avenio","#VALUE!","","Y"
NA,NA,"https://www.senato.it/w3/Biblioteca/catalogoDegliStatutiMedievali.nsf/de148d287da34e08c1256e4c002f1718/e7d387e03fe6f42ac1256fa20059f921?OpenDocument",NA,NA,NA,NA,NA,NA,NA,NA,NA,NA,NA,"Santa Maria di Fagnano, Fagnano (Lucca)","Lucca","046017",""
NA,NA,"https://www.senato.it/w3/Biblioteca/catalogoDegliStatutiMedievali.nsf/de148d287da34e08c1256e4c002f1718/e7e37eedf6072b99c1256f9a0047dbb8?OpenDocument",NA,NA,NA,NA,NA,NA,NA,NA,NA,NA,NA,"Castilio Perusinus, Castilio Florentinus, Castilio Aretinus, Castiglione Fiorentino","Castiglion Fiorentino","51012",""
NA,NA,"https://www.senato.it/w3/Biblioteca/catalogoDegliStatutiMedievali.nsf/de148d287da34e08c1256e4c002f1718/e8f850ba4a26e7a7c1256f9a00454328?OpenDocument",NA,NA,NA,NA,NA,NA,NA,NA,NA,NA,NA,"Bionde di Porcile (Belfiore)","Belfiore","23007",""
NA,NA,"https://www.senato.it/w3/Biblioteca/catalogoDegliStatutiMedievali.nsf/de148d287da34e08c1256e4c002f1718/e942948edc1d65d3c1256fac003ef204?OpenDocument",NA,NA,NA,NA,NA,NA,NA,NA,NA,NA,NA,"Rivoltella (Desenzano del Garda)","Desenzano del Garda","17067",""
NA,NA,"https://www.senato.it/w3/Biblioteca/catalogoDegliStatutiMedievali.nsf/de148d287da34e08c1256e4c002f1718/eada567c40b0e121c1256f40003d047d?OpenDocument",NA,NA,NA,NA,NA,NA,NA,NA,NA,NA,NA,"Tenerano (Fivizzano)","Fivizzano","45007",""
NA,NA,"https://www.senato.it/w3/Biblioteca/catalogoDegliStatutiMedievali.nsf/de148d287da34e08c1256e4c002f1718/eb177658a95047d4c12571230052b6d0?OpenDocument",NA,NA,NA,NA,NA,NA,NA,NA,NA,NA,NA,"Perlascio (Casciana Terme)","Casciana Terme","50040",""
NA,NA,"https://www.senato.it/w3/Biblioteca/catalogoDegliStatutiMedievali.nsf/de148d287da34e08c1256e4c002f1718/eb286c50eaa63672c1256f9a0054e949?OpenDocument",NA,NA,NA,NA,NA,NA,NA,NA,NA,NA,NA,"Cattaro, Catharum","#VALUE!","","Y"
NA,NA,"https://www.senato.it/w3/Biblioteca/catalogoDegliStatutiMedievali.nsf/de148d287da34e08c1256e4c002f1718/eb90065c4141863dc1256fa2005a4c79?OpenDocument",NA,NA,NA,NA,NA,NA,NA,NA,NA,NA,NA,"Guadagnolo (Capranica Prenestina)","Capranica Prenestina","58019",""
NA,NA,"https://www.senato.it/w3/Biblioteca/catalogoDegliStatutiMedievali.nsf/de148d287da34e08c1256e4c002f1718/ebd2331c9aa93639c1256f9a0047aded?OpenDocument",NA,NA,NA,NA,NA,NA,NA,NA,NA,NA,NA,"Calatafimi","Calatafimi-Segesta","81003",""
NA,NA,"https://www.senato.it/w3/Biblioteca/catalogoDegliStatutiMedievali.nsf/de148d287da34e08c1256e4c002f1718/ec5626c5472ca14dc1256fa3005ee232?OpenDocument",NA,NA,NA,NA,NA,NA,NA,NA,NA,NA,NA,"Lagoraria, Lagorara","Maissana","11018",""
NA,NA,"https://www.senato.it/w3/Biblioteca/catalogoDegliStatutiMedievali.nsf/de148d287da34e08c1256e4c002f1718/ecc3b5964a48b3b8c1256fa400475291?OpenDocument",NA,NA,NA,NA,NA,NA,NA,NA,NA,NA,NA,"Les Clées","Cles","22062",""
NA,NA,"https://www.senato.it/w3/Biblioteca/catalogoDegliStatutiMedievali.nsf/de148d287da34e08c1256e4c002f1718/ed4ee30e35174e09c1256fa400491fe7?OpenDocument",NA,NA,NA,NA,NA,NA,NA,NA,NA,NA,NA,"Portico (Portico e San Benedetto), Portico di Romagna","Portico e San Benedetto","040031",""
NA,NA,"https://www.senato.it/w3/Biblioteca/catalogoDegliStatutiMedievali.nsf/de148d287da34e08c1256e4c002f1718/edd79c5fed351588c1256fa300601df1?OpenDocument",NA,NA,NA,NA,NA,NA,NA,NA,NA,NA,NA,"Montalto Tarugo (Fossombrone)","Fossombrone","41015",""
NA,NA,"https://www.senato.it/w3/Biblioteca/catalogoDegliStatutiMedievali.nsf/de148d287da34e08c1256e4c002f1718/ef6e2c3d8288284ac1256fa400491d42?OpenDocument",NA,NA,NA,NA,NA,NA,NA,NA,NA,NA,NA,"Santa Maria di Pontetetto, Pontetetto (Lucca)","Lucca","046017",""
NA,NA,"https://www.senato.it/w3/Biblioteca/catalogoDegliStatutiMedievali.nsf/de148d287da34e08c1256e4c002f1718/efbc836bcb3e59b1c1256fa400492094?OpenDocument",NA,NA,NA,NA,NA,NA,NA,NA,NA,NA,NA,"Portole","#VALUE!","","Y"
NA,NA,"https://www.senato.it/w3/Biblioteca/catalogoDegliStatutiMedievali.nsf/de148d287da34e08c1256e4c002f1718/f01fe61768e0a5fec1256f9a00422883?OpenDocument",NA,NA,NA,NA,NA,NA,NA,NA,NA,NA,NA,"Bazzano","Valsamoggia","37061",""
NA,NA,"https://www.senato.it/w3/Biblioteca/catalogoDegliStatutiMedievali.nsf/de148d287da34e08c1256e4c002f1718/f06bac2f0080e557c1256fac00401efc?OpenDocument",NA,NA,NA,NA,NA,NA,NA,NA,NA,NA,NA,"Samöens","#VALUE!","","Y"
NA,NA,"https://www.senato.it/w3/Biblioteca/catalogoDegliStatutiMedievali.nsf/de148d287da34e08c1256e4c002f1718/f09c8e37c622c87dc1256f9a0056fde4?OpenDocument",NA,NA,NA,NA,NA,NA,NA,NA,NA,NA,NA,"Ilcium, Ilci, Elsi, Elci (Radicondoli)","Radicondoli","52025",""
NA,NA,"https://www.senato.it/w3/Biblioteca/catalogoDegliStatutiMedievali.nsf/de148d287da34e08c1256e4c002f1718/f0cc3b5cfd8cf1cbc1256fa40048c94f?OpenDocument",NA,NA,NA,NA,NA,NA,NA,NA,NA,NA,NA,"Nonza","#VALUE!","","Y"
NA,NA,"https://www.senato.it/w3/Biblioteca/catalogoDegliStatutiMedievali.nsf/de148d287da34e08c1256e4c002f1718/f152090f6084103cc1256fa40048f096?OpenDocument",NA,NA,NA,NA,NA,NA,NA,NA,NA,NA,NA,"Payerne","#VALUE!","","Y"
NA,NA,"https://www.senato.it/w3/Biblioteca/catalogoDegliStatutiMedievali.nsf/de148d287da34e08c1256e4c002f1718/f1f91978439955cdc1257091002b7bd2?OpenDocument",NA,NA,NA,NA,NA,NA,NA,NA,NA,NA,NA,"Porchiano (Amelia)","Amelia","55004",""
NA,NA,"https://www.senato.it/w3/Biblioteca/catalogoDegliStatutiMedievali.nsf/de148d287da34e08c1256e4c002f1718/f2488dbf72fa52cac1256fac00402a84?OpenDocument",NA,NA,NA,NA,NA,NA,NA,NA,NA,NA,NA,"San Piero in Mercato (Montespertoli)","Montespertoli","48030",""
NA,NA,"https://www.senato.it/w3/Biblioteca/catalogoDegliStatutiMedievali.nsf/de148d287da34e08c1256e4c002f1718/f2b320a540de12d8c1256fac00405451?OpenDocument",NA,NA,NA,NA,NA,NA,NA,NA,NA,NA,NA,"Stagnum, Stagno","Collesalvetti","49008",""
NA,NA,"https://www.senato.it/w3/Biblioteca/catalogoDegliStatutiMedievali.nsf/de148d287da34e08c1256e4c002f1718/f2b76afffeded8c5c1256f3b004d1f84?OpenDocument",NA,NA,NA,NA,NA,NA,NA,NA,NA,NA,NA,"Talamone","Orbetello","53018",""
NA,NA,"https://www.senato.it/w3/Biblioteca/catalogoDegliStatutiMedievali.nsf/de148d287da34e08c1256e4c002f1718/f521a7aa5c3336f0c1256fa3005fc5a6?OpenDocument",NA,NA,NA,NA,NA,NA,NA,NA,NA,NA,NA,"Lugano, Luano, Leguano, Lauwvis, Lauis","#VALUE!","","Y"
NA,NA,"https://www.senato.it/w3/Biblioteca/catalogoDegliStatutiMedievali.nsf/de148d287da34e08c1256e4c002f1718/f54d9dd414691647c1256fac0040427d?OpenDocument",NA,NA,NA,NA,NA,NA,NA,NA,NA,NA,NA,"Sette Comuni","#VALUE!","","uncertain"
NA,NA,"https://www.senato.it/w3/Biblioteca/catalogoDegliStatutiMedievali.nsf/de148d287da34e08c1256e4c002f1718/f59d6b1f43675639c1256fa3005fc85d?OpenDocument",NA,NA,NA,NA,NA,NA,NA,NA,NA,NA,NA,"Maccagnum, Maccagno Inferiore (Maccagno), Maccagno Imperiale, Macagno","Maccagno con Pino e Veddasca","12142",""
NA,NA,"https://www.senato.it/w3/Biblioteca/catalogoDegliStatutiMedievali.nsf/de148d287da34e08c1256e4c002f1718/f5aae5357f490041c1256f9a0054dfe6?OpenDocument",NA,NA,NA,NA,NA,NA,NA,NA,NA,NA,NA,"Condino","Borgo Chiese","022238",""
NA,NA,"https://www.senato.it/w3/Biblioteca/catalogoDegliStatutiMedievali.nsf/de148d287da34e08c1256e4c002f1718/f5b0de0d02f14f69c1256fa3006029ba?OpenDocument",NA,NA,NA,NA,NA,NA,NA,NA,NA,NA,NA,"Monterappoli (Empoli)","Empoli","48014",""
NA,NA,"https://www.senato.it/w3/Biblioteca/catalogoDegliStatutiMedievali.nsf/de148d287da34e08c1256e4c002f1718/f5f32a14dbf2abf7c1256fa30060338f?OpenDocument",NA,NA,NA,NA,NA,NA,NA,NA,NA,NA,NA,"Mutillianum, Mutigliano (Lucca)","Lucca","046017",""
NA,NA,"https://www.senato.it/w3/Biblioteca/catalogoDegliStatutiMedievali.nsf/de148d287da34e08c1256e4c002f1718/f6ad60c34879cc13c1256f9a00405f18?OpenDocument",NA,NA,NA,NA,NA,NA,NA,NA,NA,NA,NA,"Aspra (Rieti)","Rieti","057059",""
NA,NA,"https://www.senato.it/w3/Biblioteca/catalogoDegliStatutiMedievali.nsf/de148d287da34e08c1256e4c002f1718/f6ae8b12aafbfd4ec1256fac003ef330?OpenDocument",NA,NA,NA,NA,NA,NA,NA,NA,NA,NA,NA,"Rocca Angitola (Francavilla Angitola)","Francavilla Angitola","102014",""
NA,NA,"https://www.senato.it/w3/Biblioteca/catalogoDegliStatutiMedievali.nsf/de148d287da34e08c1256e4c002f1718/f6dbde76f2a9230dc1256f3b004d246a?OpenDocument",NA,NA,NA,NA,NA,NA,NA,NA,NA,NA,NA,"Tirolo, Tirol","#VALUE!","","Y"
NA,NA,"https://www.senato.it/w3/Biblioteca/catalogoDegliStatutiMedievali.nsf/de148d287da34e08c1256e4c002f1718/f6ff1615838e1161c1256fa30060204b?OpenDocument",NA,NA,NA,NA,NA,NA,NA,NA,NA,NA,NA,"Montecelio (Guidonia Montecelio)","Guidonia Montecelio","58047",""
NA,NA,"https://www.senato.it/w3/Biblioteca/catalogoDegliStatutiMedievali.nsf/de148d287da34e08c1256e4c002f1718/f706f0314ae8e36ac1256f9a0042762b?OpenDocument",NA,NA,NA,NA,NA,NA,NA,NA,NA,NA,NA,"Bourg en Bresse, Bourg","#VALUE!","","Y"
NA,NA,"https://www.senato.it/w3/Biblioteca/catalogoDegliStatutiMedievali.nsf/de148d287da34e08c1256e4c002f1718/f73b38baae6edb91c1256fa3005fb27f?OpenDocument",NA,NA,NA,NA,NA,NA,NA,NA,NA,NA,NA,"Limonta (Oliveto Lario), Elimonta","Oliveto Lario","97060",""
NA,NA,"https://www.senato.it/w3/Biblioteca/catalogoDegliStatutiMedievali.nsf/de148d287da34e08c1256e4c002f1718/f7da2a25ba40317dc1256fa300602eb2?OpenDocument",NA,NA,NA,NA,NA,NA,NA,NA,NA,NA,NA,"Montverand","#VALUE!","","Y"
NA,NA,"https://www.senato.it/w3/Biblioteca/catalogoDegliStatutiMedievali.nsf/de148d287da34e08c1256e4c002f1718/f83559b92c3a18afc1256f9a0054d721?OpenDocument",NA,NA,NA,NA,NA,NA,NA,NA,NA,NA,NA,"Comago (Sant'Olcese)","Sant'Olcese","10055",""
NA,NA,"https://www.senato.it/w3/Biblioteca/catalogoDegliStatutiMedievali.nsf/de148d287da34e08c1256e4c002f1718/f8abca7df7fa0bccc1256f9a004918ad?OpenDocument",NA,NA,NA,NA,NA,NA,NA,NA,NA,NA,NA,"Chia (Soriano nel Cimino)","Soriano nel Cimino","56048",""
NA,NA,"https://www.senato.it/w3/Biblioteca/catalogoDegliStatutiMedievali.nsf/de148d287da34e08c1256e4c002f1718/f9413f486d558454c1256fa300602d4f?OpenDocument",NA,NA,NA,NA,NA,NA,NA,NA,NA,NA,NA,"Monticello (Cinigiano), Monticello D'Amiata, Montepinzutulo, Mons Pinzutulum","Cinigiano","053007",""
NA,NA,"https://www.senato.it/w3/Biblioteca/catalogoDegliStatutiMedievali.nsf/de148d287da34e08c1256e4c002f1718/f9aaff5a18cac582c1256f3b004d2ef9?OpenDocument",NA,NA,NA,NA,NA,NA,NA,NA,NA,NA,NA,"Tredici Comuni, Tavernole (San Mauro di Saline)","San Mauro di Saline","23074",""
NA,NA,"https://www.senato.it/w3/Biblioteca/catalogoDegliStatutiMedievali.nsf/de148d287da34e08c1256e4c002f1718/fa406d109c47ffb8c1256f9a0056e207?OpenDocument",NA,NA,NA,NA,NA,NA,NA,NA,NA,NA,NA,"Corsica","#VALUE!","","Y"
NA,NA,"https://www.senato.it/w3/Biblioteca/catalogoDegliStatutiMedievali.nsf/de148d287da34e08c1256e4c002f1718/fa50ed8a2edce1efc1256fac004019ee?OpenDocument",NA,NA,NA,NA,NA,NA,NA,NA,NA,NA,NA,"Saint Michel de Maurienne","#VALUE!","","Y"
NA,NA,"https://www.senato.it/w3/Biblioteca/catalogoDegliStatutiMedievali.nsf/de148d287da34e08c1256e4c002f1718/fa51114560963977c1256fa300600ac1?OpenDocument",NA,NA,NA,NA,NA,NA,NA,NA,NA,NA,NA,"Mocogna (Domodossola), Mochonia","Domodossola","103028",""
NA,NA,"https://www.senato.it/w3/Biblioteca/catalogoDegliStatutiMedievali.nsf/de148d287da34e08c1256e4c002f1718/faff480fe98f36f0c1256fac0040310c?OpenDocument",NA,NA,NA,NA,NA,NA,NA,NA,NA,NA,NA,"Sarmego (Grumolo delle Abbadesse)","Grumolo delle Abbadesse","24047",""
NA,NA,"https://www.senato.it/w3/Biblioteca/catalogoDegliStatutiMedievali.nsf/de148d287da34e08c1256e4c002f1718/fbd6e2fc4d32f159c1256fa400491c5b?OpenDocument",NA,NA,NA,NA,NA,NA,NA,NA,NA,NA,NA,"Poncin","#VALUE!","","Y"
NA,NA,"https://www.senato.it/w3/Biblioteca/catalogoDegliStatutiMedievali.nsf/de148d287da34e08c1256e4c002f1718/fbe9d263f88c4affc1256f9a0054e33b?OpenDocument",NA,NA,NA,NA,NA,NA,NA,NA,NA,NA,NA,"Castrum, Castro (Farnese)","Farnese","056026",""
NA,NA,"https://www.senato.it/w3/Biblioteca/catalogoDegliStatutiMedievali.nsf/de148d287da34e08c1256e4c002f1718/fbf68fe6b1f9c200c1256fac003ee022?OpenDocument",NA,NA,NA,NA,NA,NA,NA,NA,NA,NA,NA,"Rhacusium, Raugia, Ragusium, Ragusa (Dalmazia), Ragugia, Dubrovnik","Dalmazia","","Y"
NA,NA,"https://www.senato.it/w3/Biblioteca/catalogoDegliStatutiMedievali.nsf/de148d287da34e08c1256e4c002f1718/fcc6185019cf5d63c1256f9a004052e6?OpenDocument",NA,NA,NA,NA,NA,NA,NA,NA,NA,NA,NA,"Alfaedo (Sant'Anna d'Alfaedo)","Sant'Anna d'Alfaedo","23078",""
NA,NA,"https://www.senato.it/w3/Biblioteca/catalogoDegliStatutiMedievali.nsf/de148d287da34e08c1256e4c002f1718/fd1fa2069ed663c2c1256fa2005a54e8?OpenDocument",NA,NA,NA,NA,NA,NA,NA,NA,NA,NA,NA,"Isola di Fano (Fossombrone), Isola","Fossombrone","41015",""
NA,NA,"https://www.senato.it/w3/Biblioteca/catalogoDegliStatutiMedievali.nsf/de148d287da34e08c1256e4c002f1718/fe033b32974e21ddc1256f9a0047c0dd?OpenDocument",NA,NA,NA,NA,NA,NA,NA,NA,NA,NA,NA,"Carpaxium, Carpasio","#VALUE!","8068",""
NA,NA,"https://www.senato.it/w3/Biblioteca/catalogoDegliStatutiMedievali.nsf/de148d287da34e08c1256e4c002f1718/fe8e5094dd56f749c1256fa3005c609a?OpenDocument",NA,NA,NA,NA,NA,NA,NA,NA,NA,NA,NA,"Frattavecchia (Castiglione del Lago)","Castiglione del Lago","54009",""
NA,NA,"https://www.senato.it/w3/Biblioteca/catalogoDegliStatutiMedievali.nsf/de148d287da34e08c1256e4c002f1718/fefb89a0243d3908c1256fa40048e1cb?OpenDocument",NA,NA,NA,NA,NA,NA,NA,NA,NA,NA,NA,"Pagliero (San Damiano Macra), Paglierium, Pagliarium, Paglerium","San Damiano Macra","4207",""
NA,NA,"https://www.senato.it/w3/Biblioteca/catalogoDegliStatutiMedievali.nsf/de148d287da34e08c1256e4c002f1718/ffbb195bb072d96ac1256f9a00404c7f?OpenDocument",NA,NA,NA,NA,NA,NA,NA,NA,NA,NA,NA,"Abruzzo","#VALUE!","","uncertain"
